Workbook

Sheet Dbase
A1: KOLOMNR | B1: 2 | C1: 3 | D1: 4 | E1: 5 | F1: 6 | G1: 7 | H1: 8 | I1: 9 | J1: 10 | K1: 11 | L1: 12 | M1: 13 | N1: 14 | O1: 15 | P1: 16 | Q1: 17 | R1: 18 | S1: 19 | T1: 20 | U1: 21 | V1: 22 | W1: 23 | X1: 24 | Y1: 25 | Z1: 26 | AA1: 27 | AB1: 28 | AC1: 29 | AD1: 30 | AE1: 31 | AF1: 32 | AG1: 33 | AH1: 34 | AI1: 35 | AJ1: 36 | AK1: 37 | AL1: 38 | AM1: 39 | AN1: 40 | AO1: 41 | AP1: 42 | AQ1: 43 | AR1: 44 | AS1: 45 | AT1: 46 | AU1: 47 | AV1: 48 | AW1: 49 | AX1: 50 | AY1: 51 | AZ1: 52 | BA1: 53 | BB1: 54 | BC1: 55 | BD1: 56 | BE1: 57 | BF1: 58 | BG1: 59 | BH1: 60 | BI1: 61 | BJ1: 62 | BK1: 63 | BL1: 64 | BM1: 65 | BN1: 66 | BO1: 67 | BP1: 68 | BQ1: 69 | BR1: 70 | BS1: 71 | BT1: 72 | BU1: 73 | BV1: 74 | BW1: 75 | BX1: 76 | BY1: 77 | BZ1: 78 | CA1: 79 | CB1: 80 | CC1: 81 | CD1: 82 | CE1: 83 | CF1: 84 | CG1: 85 | CH1: 86 | CI1: 87 | CJ1: 88 | CK1: 89 | CL1: 90 | CM1: 91 | CN1: 92 | CO1: 93 | CP1: 94 | CQ1: 95 | CR1: 96 | CS1: 97 | CT1: 98 | CU1: 99 | CV1: 100 | CW1: 101 | CX1: 102 | CY1: 103 | CZ1: 104 | DA1: 105 | DB1: 106 | DC1: 107 | DD1: 108 | DE1: 109 | DF1: 110 | DG1: 111 | DH1: 112 | DI1: 113 | DJ1: 114 | DK1: 115 | DL1: 116 | DM1: 117 | DN1: 118 | DO1: 119 | DP1: 120 | DQ1: 121 | DR1: 122 | DS1: 123 | DT1: 124 | DU1: 125 | DV1: 126 | DW1: 127 | DX1: 128 | DY1: 129 | DZ1: 130 | EA1: 131 | EB1: 132 | EC1: 133 | ED1: 134 | EE1: 135 | EF1: 136 | EG1: 137 | EH1: 138 | EI1: 139 | EJ1: 140 | EK1: 141 | EL1: 142 | EM1: 143 | EN1: 144 | EO1: 145 | EP1: 146 | EQ1: 147 | ER1: 148 | ES1: 149 | ET1: 150 | EU1: 151 | EV1: 152 | EW1: 153 | EX1: 154 | EY1: 155 | EZ1: 156 | FA1: 157 | FB1: 158 | FC1: 159 | FD1: 160 | FE1: 161 | FF1: 162 | FG1: 163 | FH1: 164 | FI1: 165 | FJ1: 166 | FK1: 167 | FL1: 168 | FM1: 169 | FN1: 170 | FO1: 171 | FP1: 172 | FQ1: 173 | FR1: 174 | FS1: 175 | FT1: 176 | FU1: 177 | FV1: 178 | FW1: 179 | FX1: 180 | FY1: 181 | FZ1: 182 | GA1: 183 | GB1: 184 | GC1: 185 | GD1: 186 | GE1: 187 | GF1: 188 | GG1: 189 | GH1: 190 | GI1: 191 | GJ1: 192 | GK1: 193 | GL1: 194 | GM1: 195 | GN1: 196 | GO1: 197 | GP1: 198 | GQ1: 199 | GR1: 200 | GS1: 201 | GT1: 202 | GU1: 203 | GV1: 204 | GW1: 205 | GX1: 206 | GY1: 207 | GZ1: 208 | HA1: 209 | HB1: 210 | HC1: 211 | HD1: 212 | HE1: 213 | HF1: 214 | HG1: 215 | HH1: 216 | HI1: 217 | HJ1: 218 | HK1: 219 | HL1: 220 | HM1: 221 | HN1: 222 | HO1: 223 | HP1: 224 | HQ1: 225 | HR1: 226 | HS1: 227 | HT1: 228 | HU1: 229 | HV1: 230 | HW1: 231 | HX1: 232 | HY1: 233 | HZ1: 234 | IA1: 235 | IB1: 236 | IC1: 237 | ID1: 238 | IE1: 239 | IF1: 240 | IG1: 241 | IH1: 242 | II1: 243 | IJ1: 244 | IK1: 245 | IL1: 246 | IM1: 247 | IN1: 248 | IO1: 249 | IP1: 250 | IQ1: 251 | IR1: 252 | IS1: 253 | IT1: 254 | IU1: 255 | IV1: 256 | IW1: 257 | IX1: 258 | IY1: 259 | IZ1: 260 | JA1: 261 | JB1: 262 | JC1: 263 | JD1: 264 | JE1: 265 | JF1: 266 | JG1: 267 | JH1: 268 | JI1: 269 | JJ1: 270 | JK1: 271 | JL1: 272 | JM1: 273 | JN1: 274 | JO1: 275 | JP1: 276 | JQ1: 277 | JR1: 278 | JS1: 279 | JT1: 280 | JU1: 281 | JV1: 282 | JW1: 283 | JX1: 284 | JY1: 285 | JZ1: 286 | KA1: 287 | KB1: 288 | KC1: 289 | KD1: 290 | KE1: 291 | KF1: 292 | KG1: 293 | KH1: 294 | KI1: 295 | KJ1: 296 | KK1: 297 | KL1: 298 | KM1: 299 | KN1: 300 | KO1: 301 | KP1: 302 | KQ1: 303 | KR1: 304 | KS1: 305 | KT1: 306 | KU1: 307 | KV1: 308 | KW1: 309 | KX1: 310 | KY1: 311 | KZ1: 312 | LA1: 313 | LB1: 314 | LC1: 315 | LD1: 316 | LE1: 317 | LF1: 318 | LG1: 319 | LH1: 320 | LI1: 321 | LJ1: 322 | LK1: 323 | LL1: 324 | LM1: 325 | LN1: 326 | LO1: 327 | LP1: 328 | LQ1: 329 | LR1: 330 | LS1: 331 | LT1: 332 | LU1: 333 | LV1: 334 | LW1: 335 | LX1: 336 | LY1: 337 | LZ1: 338 | MA1: 339 | MB1: 340 | MC1: 341 | MD1: 342 | ME1: 343 | MF1: 344 | MG1: 345 | MH1: 346 | MI1: 347 | MJ1: 348 | MK1: 349 | ML1: 350 | MM1: 351 | MN1: 352 | MO1: 353 | MP1: 354 | MQ1: 355 | MR1: 356 | MS1: 357 | MT1: 358 | MU1: 359 | MV1: 360 | MW1: 361 | MX1: 362 | MY1: 363 | MZ1: 364 | NA1: 365 | NB1: 366 | NC1: 367 | ND1: 368 | NE1: 369 | NF1: 370 | NG1: 371 | NH1: 372 | NI1: 373 | NJ1: 374 | NK1: 375 | NL1: 376 | NM1: 377 | NN1: 378 | NO1: 379 | NP1: 380 | NQ1: 381 | NR1: 382 | NS1: 383 | NT1: 384 | NU1: 385 | NV1: 386 | NW1: 387 | NX1: 388 | NY1: 389 | NZ1: 390 | OA1: 391 | OB1: 392 | OC1: 393 | OD1: 394 | OE1: 395 | OF1: 396 | OG1: 397 | OH1: 398 | OI1: 399 | OJ1: 400 | OK1: 401 | OL1: 402 | OM1: 403 | ON1: 404 | OO1: 405 | OP1: 406 | OQ1: 407 | OR1: 408 | OS1: 409 | OT1: 410 | OU1: 411 | OV1: 412 | OW1: 413 | OX1: 414 | OY1: 415 | OZ1: 416 | PA1: 417 | PB1: 418 | PC1: 419 | PD1: 420 | PE1: 421 | PF1: 422 | PG1: 423 | PH1: 424 | PI1: 425 | PJ1: 426 | PK1: 427 | PL1: 428 | PM1: 429 | PN1: 430 | PO1: 431 | PP1: 432 | PQ1: 433 | PR1: 434 | PS1: 435 | PT1: 436 | PU1: 437 | PV1: 438 | PW1: 439 | PX1: 440 | PY1: 441 | PZ1: 442 | QA1: 443 | QB1: 444 | QC1: 445 | QD1: 446 | QE1: 447 | QF1: 448 | QG1: 449 | QH1: 450 | QI1: 451 | QJ1: 452 | QK1: 453 | QL1: 454 | QM1: 455 | QN1: 456 | QO1: 457 | QP1: 458 | QQ1: 459 | QR1: 460 | QS1: 461
A2: NAAM_DBASE | B2: ALG__GRONDSOORT | C2: ALG__VEENCLASSIFICATIE | D2: ALG__KORRELVERDELING | E2: ALG__SONDEERWAARDE | F2: ALG__CRS | G2: ALG__SAMENDRUKKING | H2: ALG__DSS | I2: ALG__TRIAXIAAL | J2: ALG__BORING_MONSTERNR_ID | K2: ALG_OPDRACHTGEVER | L2: ALG_PROJECTNAAM | M2: ALG_PROJECTNUMMER | N2: ALG_NAAM_POLDER_DIJK | O2: ALG_REFERENTIE | P2: ALG_REGIO | Q2: ALG_TYPE_WATERKERING | R2: ALG_AANLEGJAAR | S2: ALG_BODEMKAART | T2: ALG_GEOLOGIE | U2: ALG_FILENAAM_GEOT_PROFIEL | V2: BORING_XID | W2: BORING_YID | X2: BORING_MAAIVELDPEIL | Y2: BORING_NUMMER | Z2: BORING_POSITIE | AA2: BORING_DATUM | AB2: BORING_FILENAAM_PDF | AC2: BORING_FILENAAM_GEF | AD2: BORING_BEDRIJF | AE2: BORING_BOORMEESTER | AF2: BORING_METHODE | AG2: BORING_OPNAME_GWS | AH2: BORING_GLG | AI2: MONSTER_ID | AJ2: MONSTER_STEEKMETHODE | AK2: MONSTER_OPSLAGWIJZE | AL2: MONSTER_NIVEAU_NAP_VANAF | AM2: MONSTER_NIVEAU_NAP_TOT | AN2: MONSTER_NIVEAU_MV_VANAF | AO2: MONSTER_NIVEAU_MV_TOT | AP2: MONSTER_TOTAAL_VOLUMEGEWICHT | AQ2: CLAS_FILENAAM_PDF | AR2: CLAS_FILENAAM_DIGITAAL | AS2: CLAS_MONSTERID | AT2: CLAS_LABORATORIUM | AU2: CLAS_NORMEN | AV2: CLAS_DATUM | AW2: CLAS_GRONDSOORT | AX2: CLAS_OVERIGE_BESTANDDELEN | AY2: CLAS_MONSTERNIVEAU | AZ2: CLAS_VOLUMEGEWICHT_NAT | BA2: CLAS_VOLUMEGEWICHT_DRG | BB2: CLAS_WATERGEHALTE | BC2: CLAS_POROSITEIT | BD2: CLAS_PORIENGETAL | BE2: CLAS_VERZADIGINGSGRAAD | BF2: CLAS_VOLUMEGEWICHT_VERZADIGD | BG2: CLAS_SPECIFIEKE_MASSA_INSCHATTING | BH2: CLAS_SPECIFIEKE_MASSA | BI2: CLAS_GLOEIVERLIES | BJ2: CLAS_KALKGEHALTE | BK2: CLAS_POCKETPENETRO | BL2: CLAS_TORVANE | BM2: CLAS_FALLINGHEAD_K10 | BN2: CLAS_CONSTANTHEAD_K10 | BO2: CLAS_OPMERKING | BP2: CLAS_AT_VLOEIGRENS_CAS | BQ2: CLAS_AT_UITROLGRENS | BR2: CLAS_AT_PI | BS2: CLAS_AT_IC | BT2: CLAS_VN_FILENAAM_PDF | BU2: CLAS_VN_FILENAAM_DIGITAAL | BV2: CLAS_VN_HOOFDNAAM | BW2: CLAS_VN_BOTANISCH | BX2: CLAS_VN_VERWERINGSGRAAD | BY2: CLAS_VN_WATERGEHALTE | BZ2: CLAS_VN_FIJNEVEZELS | CA2: CLAS_VN_GROVEVEZELS | CB2: CLAS_VN_HOUT | CC2: CLAS_VN_GLOEIVERLIES | CD2: CLAS_VN_ASGEHALTE | CE2: KV_FILENAAM_PDF | CF2: KV_FILENAAM_GEF | CG2: KV_MONSTERID | CH2: KV_LABORATORIUM | CI2: KV_NORMEN | CJ2: KV_DATUM | CK2: KV_GRONDSOORT | CL2: KV_OVERIGE_BESTANDDELEN | CM2: KV_MEDIAAN_ZANDFRACTIE | CN2: KV_MEDIAAN_ALLEFRACTIES | CO2: KV_GRIND% | CP2: KV_ZAND% | CQ2: KV_SILT% | CR2: KV_DOOR_63MM | CS2: KV_DOOR_31.5MM | CT2: KV_DOOR_16MM | CU2: KV_DOOR_8MM | CV2: KV_DOOR_4MM | CW2: KV_DOOR_2MM | CX2: KV_DOOR_1MM | CY2: KV_DOOR_500MU | CZ2: KV_DOOR_250MU | DA2: KV_DOOR_180MU | DB2: KV_DOOR_125MU | DC2: KV_DOOR_63MU | DD2: KV_DOOR_32MU | DE2: KV_DOOR_20MU | DF2: KV_DOOR_16MU | DG2: KV_DOOR_2MU | DH2: KV_D70 | DI2: KV_D60 | DJ2: KV_D50 | DK2: KV_D10 | DL2: KV_CU_ZAND | DM2: CPT_FILENAAM_PDF | DN2: CPT_FILENAAM_GEF | DO2: CPT_NIVEAU | DP2: CPT_TRAJECTLENGTE_GEM | DQ2: CPT_CONUSWEERSTAND_GEM | DR2: CPT_WRIJVINGSWEERSTAND_GEM | DS2: CPT_WRIJVINGSGETAL_GEM | DT2: CPT_WATERSPANNING_GEM | DU2: CPT_QNET | DV2: CPT_QT | DW2: CPT_VO | DX2: CPT_KLASSE | DY2: CPT_A_FACTOR | DZ2: CPT_QBALL | EA2: CRS_FILENAAM_PDF | EB2: CRS_FILENAAM_SPANNINGSPAD | EC2: CRS_MONSTERID | ED2: CRS_LABORATORIUM | EE2: CRS_NORM | EF2: CRS_DATUM | EG2: CRS_GRONDSOORT | EH2: CRS_OVERIGE_BESTANDDELEN | EI2: CRS_MONSTERNIVEAU | EJ2: CRS_TERREINSPANNING | EK2: CRS_VOLUMEGEWICHT_NAT | EL2: CRS_VOLUMEGEWICHT_DRG | EM2: CRS_WATERGEHALTE_VOOR | EN2: CRS_WATERGEHALTE_NA_PROEF | EO2: CRS_VERZADIGING | EP2: CRS_TEMPERATUUR_PROEF_MAX | EQ2: CRS_TEMPERATUUR_PROEF_MIN | ER2: CRS_PROEFSTUKDIAMETER_VOOR | ES2: CRS_PROEFSTUKHOOGTE_VOOR | ET2: CRS_PROEFSTUKHOOGTE_NA_VERZADIGING | EU2: CRS_PROEFSTUKHOOGTE_NA_PROEF | EV2: CRS_REKSNELHEID_BELASTEN | EW2: CRS_REKSNELHEID_ONTLASTEN | EX2: CRS_RELAXATIEDUUR | EY2: CRS_EFF_SPANNING_START_RELAXATIE | EZ2: CRS_EFF_SPANNING_EIND_RELAXATIE | FA2: CRS_EFF_VERT_SPANNING_START_ONTLASTEN | FB2: CRS_EFF_VERT_SPANNING_EIND_ONTLASTEN | FC2: CRS_EFF_VERT_SPANNING_EIND_PROEF | FD2: CRS_MAX_REL_WATEROVERSPANNING_PROEF | FE2: CRS_GRENSSPANNING_A | FF2: CRS_REK_BIJ_GRENSSPANNING_A | FG2: CRS_BOVENGRENS_GRENSSPANNING_B | FH2: CRS_ISOTACHE_A | FI2: CRS_ISOTACHE_B | FJ2: CRS_ISOTACHE_C | FK2: SD_FILENAAM_PDF | FL2: SD_FILENAAM_SPANNINGSPAD | FM2: SD_MONSTERID | FN2: SD_LABORATORIUM | FO2: SD_NORM | FP2: SD_DATUM | FQ2: SD_GRONDSOORT | FR2: SD_OVERIGE_BESTANDDELEN | FS2: SD_MONSTERNIVEAU | FT2: SD_TERREINSPANNING | FU2: SD_VOLUMEGEWICHT_NAT | FV2: SD_VOLUMEGEWICHT_DR | FW2: SD_WATERGEHALTE_INI | FX2: SD_WATERGEHALTE_NA_PROEF | FY2: SD_PORIENGETAL | FZ2: SD_MAX_TEMPERATUUR_PROEF | GA2: SD_MIN_TEMPERATUUR_PROEF | GB2: SD_BELAST_ONTLASTSTAPPEN | GC2: SD_TYPEPROEF | GD2: SD_BJERRUM_GRENSSPANNING | GE2: SD_BJERRUM_REK_BIJ_GRENSSPANNING | GF2: SD_BJERRUM_CC | GG2: SD_BJERRUM_CC_TRAP1_2 | GH2: SD_BJERRUM_CC_TRAP2_3 | GI2: SD_BJERRUM_CC_TRAP3_4 | GJ2: SD_BJERRUM_CC_TRAP4_5 | GK2: SD_BJERRUM_CC_TRAP5_6 | GL2: SD_BJERRUM_CC_TRAP6_7 | GM2: SD_BJERRUM_CC_TRAP7_8 | GN2: SD_BJERRUM_CC_TRAP8_9 | GO2: SD_BJERRUM_CC_TRAP9_10 | GP2: SD_BJERRUM_CR | GQ2: SD_BJERRUM_CR_TRAP1_2 | GR2: SD_BJERRUM_CR_TRAP2_3 | GS2: SD_BJERRUM_CR_TRAP3_4 | GT2: SD_BJERRUM_CR_TRAP4_5 | GU2: SD_BJERRUM_CR_TRAP5_6 | GV2: SD_BJERRUM_CR_TRAP6_7 | GW2: SD_BJERRUM_CR_TRAP7_8 | GX2: SD_BJERRUM_SR_TRAP8_9 | GY2: SD_BJERRUM_RR_TRAP9_10 | GZ2: SD_BJERRUM_CALPHA | HA2: SD_BJERRUM_CALPHA_TRAP1 | HB2: SD_BJERRUM_CALPHA_TRAP2 | HC2: SD_BJERRUM_CALPHA_TRAP3 | HD2: SD_BJERRUM_CALPHA_TRAP4 | HE2: SD_BJERRUM_CALPHA_TRAP5 | HF2: SD_BJERRUM_CALPHA_TRAP6 | HG2: SD_BJERRUM_CALPHA_TRAP7 | HH2: SD_BJERRUM_CALPHA_TRAP8 | HI2: SD_BJERRUM_CALPHA_TRAP9 | HJ2: SD_BJERRUM_CALPHA_TRAP10 | HK2: SD_BJERRUM_V0 | HL2: SD_KOPPEJAN_GRENSSPANNING | HM2: SD_KOPPEJAN_REK_BIJ_GRENSSPANNING | HN2: SD_KOPPEJAN_C | HO2: SD_KOPPEJAN_C' | HP2: SD_KOPPEJAN_C_TRAP2_3 | HQ2: SD_KOPPEJAN_C_TRAP3_4 | HR2: SD_KOPPEJAN_C_TRAP4_5 | HS2: SD_KOPPEJAN_C_TRAP5_6 | HT2: SD_KOPPEJAN_C_TRAP6_7 | HU2: SD_KOPPEJAN_C_TRAP7_8 | HV2: SD_KOPPEJAN_C_TRAP8_9 | HW2: SD_KOPPEJAN_CP | HX2: SD_KOPPEJAN_C'P | HY2: SD_KOPPEJAN_CP_TRAP2_3 | HZ2: SD_KOPPEJAN_CP_TRAP3_4 | IA2: SD_KOPPEJAN_CP_TRAP4_5 | IB2: SD_KOPPEJAN_CP_TRAP5_6 | IC2: SD_KOPPEJAN_CP_TRAP6_7 | ID2: SD_KOPPEJAN_CP_TRAP7_8 | IE2: SD_KOPPEJAN_CP_TRAP8_9 | IF2: SD_KOPPEJAN_CS | IG2: SD_KOPPEJAN_C'S | IH2: SD_KOPPEJAN_CS_TRAP2_3 | II2: SD_KOPPEJAN_CS_TRAP3_4 | IJ2: SD_KOPPEJAN_CS_TRAP4_5 | IK2: SD_KOPPEJAN_CS_TRAP5_6 | IL2: SD_KOPPEJAN_CS_TRAP6_7 | IM2: SD_KOPPEJAN_CS_TRAP7_8 | IN2: SD_KOPPEJAN_CS_TRAP8_9 | IO2: SD_ISOTACHE_A | IP2: SD_ISOTACHE_B | IQ2: SD_ISOTACHE_C | IR2: SD_ISOTACHE_GRENSSPANNING_A | IS2: SD_ISOTACHE_REK_BIJ_GRENSSPANNING_A | IT2: SD_ISOTACHE_BOVENGRENS_GRENSSPANNING_B | IU2: SD_CASAGRANDE_CV10_TRAP2 | IV2: SD_CASAGRANDE_CV10_TRAP3 | IW2: SD_CASAGRANDE_CV10_TRAP4 | IX2: SD_CASAGRANDE_CV10_TRAP5 | IY2: SD_CASAGRANDE_CV10_TRAP6 | IZ2: SD_CASAGRANDE_CV10_TRAP7 | JA2: SD_CASAGRANDE_CV10_TRAP8 | JB2: SD_CASAGRANDE_CV10_TRAP9 | JC2: SD_CASAGRANDE_K10_TRAP2 | JD2: SD_CASAGRANDE_K10_TRAP3 | JE2: SD_CASAGRANDE_K10_TRAP4 | JF2: SD_CASAGRANDE_K10_TRAP5 | JG2: SD_CASAGRANDE_K10_TRAP6 | JH2: SD_CASAGRANDE_K10_TRAP7 | JI2: SD_CASAGRANDE_K10_TRAP8 | JJ2: SD_CASAGRANDE_K10_TRAP9 | JK2: SD_CASAGRANDE_MV_TRAP2 | JL2: SD_CASAGRANDE_MV_TRAP3 | JM2: SD_CASAGRANDE_MV_TRAP4 | JN2: SD_CASAGRANDE_MV_TRAP5 | JO2: SD_CASAGRANDE_MV_TRAP6 | JP2: SD_CASAGRANDE_MV_TRAP7 | JQ2: SD_CASAGRANDE_MV_TRAP8 | JR2: SD_CASAGRANDE_MV_TRAP9 | JS2: SD_CASAGRANDE_SPANNING_CV10_TRAP2 | JT2: SD_CASAGRANDE_SPANNING_CV10_TRAP3 | JU2: SD_CASAGRANDE_SPANNING_CV10_TRAP4 | JV2: SD_CASAGRANDE_SPANNING_CV10_TRAP5 | JW2: SD_CASAGRANDE_SPANNING_CV10_TRAP6 | JX2: SD_CASAGRANDE_SPANNING_CV10_TRAP7 | JY2: SD_CASAGRANDE_SPANNING_CV10_TRAP8 | JZ2: SD_CASAGRANDE_SPANNING_CV10_TRAP9 | KA2: SD_TAYLOR_CV10_TRAP2 | KB2: SD_TAYLOR_CV10_TRAP3 | KC2: SD_TAYLOR_CV10_TRAP4 | KD2: SD_TAYLOR_CV10_TRAP5 | KE2: SD_TAYLOR_CV10_TRAP6 | KF2: SD_TAYLOR_CV10_TRAP7 | KG2: SD_TAYLOR_CV10_TRAP8 | KH2: SD_TAYLOR_CV10_TRAP9 | KI2: SD_TAYLOR_K10_TRAP2 | KJ2: SD_TAYLOR_K10_TRAP3 | KK2: SD_TAYLOR_K10_TRAP4 | KL2: SD_TAYLOR_K10_TRAP5 | KM2: SD_TAYLOR_K10_TRAP6 | KN2: SD_TAYLOR_K10_TRAP7 | KO2: SD_TAYLOR_K10_TRAP8 | KP2: SD_TAYLOR_K10_TRAP9 | KQ2: SD_TAYLOR_MV_TRAP2 | KR2: SD_TAYLOR_MV_TRAP3 | KS2: SD_TAYLOR_MV_TRAP4 | KT2: SD_TAYLOR_MV_TRAP5 | KU2: SD_TAYLOR_MV_TRAP6 | KV2: SD_TAYLOR_MV_TRAP7 | KW2: SD_TAYLOR_MV_TRAP8 | KX2: SD_TAYLOR_MV_TRAP9 | KY2: SD_TAYLOR_SPANNING_CV10_TRAP2 | KZ2: SD_TAYLOR_SPANNING_CV10_TRAP3 | LA2: SD_TAYLOR_SPANNING_CV10_TRAP4 | LB2: SD_TAYLOR_SPANNING_CV10_TRAP5 | LC2: SD_TAYLOR_SPANNING_CV10_TRAP6 | LD2: SD_TAYLOR_SPANNING_CV10_TRAP7 | LE2: SD_TAYLOR_SPANNING_CV10_TRAP8 | LF2: SD_TAYLOR_SPANNING_CV10_TRAP9 | LG2: DSS_FILENAAM_PDF | LH2: DSS_FILENAAM_SPANNINGSPAD | LI2: DSS_MONSTERID | LJ2: DSS_LABORATORIUM | LK2: DSS_NORM | LL2: DSS_DATUM | LM2: DSS_GRONDSOORT | LN2: DSS_OVERIGE_BESTANDDELEN | LO2: DSS_MONSTERNIVEAU | LP2: DSS_TERREINSPANNING | LQ2: DSS_VOLUMEGEWICHT_NAT | LR2: DSS_VOLUMEGEWICHT_DRG | LS2: DSS_WATERGEHALTE_VOOR | LT2: DSS_WATERGEHALTE_NA_PROEF | LU2: DSS_VERZADIGINGGRAAD_VOOR | LV2: DSS_PORIENGETAL_VOOR | LW2: DSS_PORIENGETAL_EINDE_CONSOLIDATIE | LX2: DSS_SPECIFIEKE_MASSA | LY2: DSS_TEMPERATUUR_PROEF_MAX | LZ2: DSS_TEMPERATUUR_PROEF_MIN | MA2: DSS_PROEFSTUKDIAMETER_VOOR | MB2: DSS_PROEFSTUKHOOGTE_VOOR | MC2: DSS_PROEFSTUKHOOGTE_NA_CONSOLIDATIE | MD2: DSS_UITGEVOERDE_CORRECTIES | ME2: DSS_UITVOERINGSWIJZE | MF2: DSS_MAX_EFF_VERT_SPANNING_CONSOLIDATIE | MG2: DSS_EFF_VERT_SPANNING_EINDE_CONSOLIDATIE | MH2: DSS_OCR | MI2: DSS_AXIALEREK_EINDE_CONSOLIDATIE | MJ2: DSS_BELASTINGSSTAPPEN_CONSOLIDATIE | MK2: DSS_DUUR_CONSOLIDATIE | ML2: DSS_AFSCHUIFSNELHEID_%UUR | MM2: DSS_AFSCHUIFSNELHEID_MMUUR | MN2: DSS_S_2% | MO2: DSS_T_2% | MP2: DSS_S_5% | MQ2: DSS_T_5% | MR2: DSS_S_10% | MS2: DSS_T_10% | MT2: DSS_S_15% | MU2: DSS_T_15% | MV2: DSS_S_20% | MW2: DSS_T_20% | MX2: DSS_S_BIJ_T_MAX | MY2: DSS_T_MAX | MZ2: DSS_REK_BIJ_T_MAX | NA2: DSS_S_BIJ_T_EIND | NB2: DSS_T_EIND | NC2: DSS_REK_BIJ_T_EIND | ND2: DSS_S_BIJ_MAX_S1S3 | NE2: DSS_T_BIJ_MAX_S1S3 | NF2: DSS_REK_BIJ_MAX_S1S3 | NG2: DSS_SCHUIFMODULUS_G50 | NH2: TXT_SS_FILENAAM_PDF | NI2: TXT_SS_FILENAAM_SPANNINGSPAD | NJ2: TXT_SS_MONSTERID | NK2: TXT_SS_LABORATORIUM | NL2: TXT_SS_NORM | NM2: TXT_SS_DATUM | NN2: TXT_SS_GRONDSOORT | NO2: TXT_SS_OVERIGE_BESTANDDELEN | NP2: TXT_SS_MONSTERNIVEAU | NQ2: TXT_SS_TERREINSPANNING | NR2: TXT_SS_VOLUMEGEWICHT_NAT | NS2: TXT_SS_VOLUMEGEWICHT_DRG | NT2: TXT_SS_WATERGEHALTE_NA_PROEF | NU2: TXT_SS_WATERGEHALTE_VOOR | NV2: TXT_SS_VERZADIGINGSGRAAD_VOOR | NW2: TXT_SS_PORIENGETAL_VOOR | NX2: TXT_SS_SPECIFIEKE_MASSA | NY2: TXT_SS_TEMPERATUUR_PROEF_MAX | NZ2: TXT_SS_TEMPERATUUR_PROEF_MIN | OA2: TXT_SS_PROEFSTUKDIAMETER_VOOR | OB2: TXT_SS_PROEFSTUKHOOGTE_VOOR | OC2: TXT_SS_TYPE_PROEF | OD2: TXT_SS_MEMBRAANCORRECTIE | OE2: TXT_SS_OVERIGECORRECTIES | OF2: TXT_SS_BACKPRESSURE | OG2: TXT_SS_CONSOLIDATIEWIJZE | OH2: TXT_SS_SPANNINGSVERHOUDING_STOPCR_K | OI2: TXT_SS_STOPCRITERIUM_CONSOLIDATIE | OJ2: TXT_SS_S'_ISOTROOP_CONSOLIDATIE | OK2: TXT_SS_T_ISOTROOP_CONSOLIDATIE | OL2: TXT_SS_S'_MAX_CONSOLIDATIE | OM2: TXT_SS_T_MAX_CONSOLIDATIE | ON2: TXT_SS_S'_EIND_CONSOLIDATIE | OO2: TXT_SS_T_EIND_CONSOLIDATIE | OP2: TXT_SS_OCR | OQ2: TXT_SS_AXIALEREK_CONSOLIDATIE | OR2: TXT_SS_VOLUMEREK_CONSOLIDATIE | OS2: TXT_SS_STOPCRITERIUM_AFSCHUIVEN | OT2: TXT_SS_AXIALEREKSNELHEID_AFSCHUIVEN | OU2: TXT_SS_S'_2% | OV2: TXT_SS_T_2% | OW2: TXT_SS_S'_5% | OX2: TXT_SS_T_5% | OY2: TXT_SS_S'_15% | OZ2: TXT_SS_T_15% | PA2: TXT_SS_S'_BIJ_T_PIEK | PB2: TXT_SS_T_PIEK | PC2: TXT_SS_REK_BIJ_T_PIEK | PD2: TXT_SS_S'_BIJ_T_EIND | PE2: TXT_SS_T_EIND | PF2: TXT_SS_REK_BIJ_T_EIND | PG2: TXT_SS_E_UNDR50 | PH2: TXT_SS_REK_BIJ_E_UNDR50 | PI2: TXT_SS_SKEMPTON_A | PJ2: TXT_MS_FILENAAM_PDF | PK2: TXT_MS_FILENAAM_SPANNINGSPAD | PL2: TXT_MS_MONSTERID | PM2: TXT_MS_LABORATORIUM | PN2: TXT_MS_CONSOLIDATIESPANNING | PO2: TXT_MS_REK_BIJ_E_UNDR50 | PP2: TXT_MS_E_UNDR50 | PQ2: TXT_MS_S1'_2% | PR2: TXT_MS_S2'_2% | PS2: TXT_MS_S3'_2% | PT2: TXT_MS_T1_2% | PU2: TXT_MS_T2_2% | PV2: TXT_MS_T3_2% | PW2: TXT_MS_C_2% | PX2: TXT_MS_PHI_2% | PY2: TXT_MS_S1'_5% | PZ2: TXT_MS_S2'_5% | QA2: TXT_MS_S3'_5% | QB2: TXT_MS_T1_5% | QC2: TXT_MS_T2_5% | QD2: TXT_MS_T3_5% | QE2: TXT_MS_C_5% | QF2: TXT_MS_PHI_5% | QG2: CEL_FILENAAM_PDF | QH2: CEL_FILENAAM_SPANNINGSPAD | QI2: CEL_PHI1 | QJ2: CEL_C1 | QK2: CEL_PHI2 | QL2: CEL_C2 | QM2: CEL_PHI3 | QN2: CEL_C3 | QO2: CEL_PHI4 | QP2: CEL_C4 | QQ2: CEL_PHI5 | QR2: CEL_C5 | QS2: CEL_EINDSPANNING
A3: EENHEID | B3: - | C3: - | D3: - | E3: - | F3: - | G3: - | H3: - | I3: - | J3: - | K3: - | L3: - | M3: - | N3: - | O3: - | P3: - | Q3: - | R3: - | S3: - | T3: - | U3: - | V3: m | W3: m | X3: m NAP | Y3: - | Z3: - | AA3: DD-MM-JJJJ | AB3: - | AC3: - | AD3: - | AE3: - | AF3: - | AG3: m NAP | AH3: m NAP | AI3: - | AJ3: - | AK3: - | AL3: m NAP | AM3: m NAP | AN3: m | AO3: m | AP3: kN/m3 | AQ3: - | AR3: - | AS3: - | AT3: - | AU3: - | AV3: DD-MM-JJJJ | AW3: - | AX3: - | AY3: m NAP | AZ3: kN/m3 | BA3: kN/m3 | BB3: % | BC3: % | BD3: - | BE3: % | BF3: kN/m3 | BG3: kg/m3 | BH3: kg/m3 | BI3: % | BJ3: % | BK3: kPa | BL3: kPa | BM3: m/s | BN3: m/s | BO3: - | BP3: % | BQ3: % | BR3: % | BS3: - | BT3: - | BU3: - | BV3: - | BW3: - | BX3: - | BY3: - | BZ3: - | CA3: - | CB3: - | CC3: % | CD3: % | CE3: - | CF3: - | CG3: - | CH3: - | CI3: - | CJ3: DD-MM-JJJJ | CK3: - | CL3: - | CM3: mu | CN3: mu | CO3: % | CP3: % | CQ3: % | CR3: % | CS3: % | CT3: % | CU3: % | CV3: % | CW3: % | CX3: % | CY3: % | CZ3: % | DA3: % | DB3: % | DC3: % | DD3: % | DE3: % | DF3: % | DG3: % | DH3: mu | DI3: mu | DJ3: mu | DK3: mu | DL3: - | DM3: - | DN3: - | DO3: m NAP | DP3: cm | DQ3: kPa | DR3: kPa | DS3: - | DT3: kPa | DU3: kPa | DV3: kPa | DW3: kPa | DX3: - | DY3: - | DZ3: kPa | EA3: - | EB3: - | EC3: - | ED3: - | EE3: - | EF3: DD-MM-JJJJ | EG3: - | EH3: - | EI3: m NAP | EJ3: kPa | EK3: kN/m3 | EL3: kN/m3 | EM3: % | EN3: % | EO3: kPa | EP3: °C | EQ3: °C | ER3: mm | ES3: mm | ET3: mm | EU3: mm | EV3: %/uur | EW3: %/uur | EX3: uur | EY3: kPa | EZ3: kPa | FA3: kPa | FB3: kPa | FC3: kPa | FD3: - | FE3: kPa | FF3: % | FG3: kPa | FH3: - | FI3: - | FJ3: - | FK3: - | FL3: - | FM3: - | FN3: - | FO3: - | FP3: DD-MM-JJJJ | FQ3: - | FR3: - | FS3: m NAP | FT3: kPa | FU3: kN/m3 | FV3: kN/m3 | FW3: % | FX3: % | FY3: - | FZ3: °C | GA3: °C | GB3: - | GC3: - | GD3: kPa | GE3: % | GF3: - | GG3: - | GH3: - | GI3: - | GJ3: - | GK3: - | GL3: - | GM3: - | GN3: - | GO3: - | GP3: - | GQ3: - | GR3: - | GS3: - | GT3: - | GU3: - | GV3: - | GW3: - | GX3: - | GY3: - | GZ3: - | HA3: - | HB3: - | HC3: - | HD3: - | HE3: - | HF3: - | HG3: - | HH3: - | HI3: - | HJ3: - | HK3: - | HL3: kPa | HM3: % | HN3: - | HO3: - | HP3: - | HQ3: - | HR3: - | HS3: - | HT3: - | HU3: - | HV3: - | HW3: - | HX3: - | HY3: - | HZ3: - | IA3: - | IB3: - | IC3: - | ID3: - | IE3: - | IF3: - | IG3: - | IH3: - | II3: - | IJ3: - | IK3: - | IL3: - | IM3: - | IN3: - | IO3: - | IP3: - | IQ3: - | IR3: kPa | IS3: % | IT3: kPa | IU3: m2/s | IV3: m2/s | IW3: m2/s | IX3: m2/s | IY3: m2/s | IZ3: m2/s | JA3: m2/s | JB3: m2/s | JC3: m/s | JD3: m/s | JE3: m/s | JF3: m/s | JG3: m/s | JH3: m/s | JI3: m/s | JJ3: m/s | JK3: 1/MPa | JL3: 1/MPa | JM3: 1/MPa | JN3: 1/MPa | JO3: 1/MPa | JP3: 1/MPa | JQ3: 1/MPa | JR3: 1/MPa | JS3: kPa | JT3: kPa | JU3: kPa | JV3: kPa | JW3: kPa | JX3: kPa | JY3: kPa | JZ3: kPa | KA3: m2/s | KB3: m2/s | KC3: m2/s | KD3: m2/s | KE3: m2/s | KF3: m2/s | KG3: m2/s | KH3: m2/s | KI3: m/s | KJ3: m/s | KK3: m/s | KL3: m/s | KM3: m/s | KN3: m/s | KO3: m/s | KP3: m/s | KQ3: 1/MPa | KR3: 1/MPa | KS3: 1/MPa | KT3: 1/MPa | KU3: 1/MPa | KV3: 1/MPa | KW3: 1/MPa | KX3: 1/MPa | KY3: kPa | KZ3: kPa | LA3: kPa | LB3: kPa | LC3: kPa | LD3: kPa | LE3: kPa | LF3: kPa | LG3: - | LH3: - | LI3: - | LJ3: - | LK3: - | LL3: DD-MM-JJJJ | LM3: - | LN3: - | LO3: m NAP | LP3: kPa | LQ3: kN/m3 | LR3: kN/m3 | LS3: % | LT3: % | LU3: % | LV3: - | LW3: - | LX3: kg/m3 | LY3: °C | LZ3: °C | MA3: mm | MB3: mm | MC3: mm | MD3: - | ME3: - | MF3: kPa | MG3: kPa | MH3: - | MI3: % | MJ3: - | MK3: uur | ML3: %/uur | MM3: mm/uur | MN3: kPa | MO3: kPa | MP3: kPa | MQ3: kPa | MR3: kPa | MS3: kPa | MT3: kPa | MU3: kPa | MV3: kPa | MW3: kPa | MX3: kPa | MY3: kPa | MZ3: % | NA3: kPa | NB3: kPa | NC3: % | ND3: NVT | NE3: NVT | NF3: NVT | NG3: kPa | NH3: - | NI3: - | NJ3: - | NK3: - | NL3: - | NM3: DD-MM-JJJJ | NN3: - | NO3: - | NP3: m NAP | NQ3: kPa | NR3: kN/m3 | NS3: kN/m3 | NT3: % | NU3: % | NV3: % | NW3: - | NX3: kg/m3 | NY3: °C | NZ3: °C | OA3: mm | OB3: mm | OC3: - | OD3: - | OE3: - | OF3: kPa | OG3: - | OH3: - | OI3: - | OJ3: kPa | OK3: kPa | OL3: kPa | OM3: kPa | ON3: kPa | OO3: kPa | OP3: - | OQ3: % | OR3: % | OS3: % | OT3: %/uur | OU3: kPa | OV3: kPa | OW3: kPa | OX3: kPa | OY3: kPa | OZ3: kPa | PA3: kPa | PB3: kPa | PC3: % | PD3: kPa | PE3: kPa | PF3: % | PG3: MPa | PH3: % | PI3: - | PJ3: - | PK3: - | PL3: - | PM3: - | PN3: kPa | PO3: % | PP3: MPa | PQ3: kPa | PR3: kPa | PS3: kPa | PT3: kPa | PU3: kPa | PV3: kPa | PW3: kPa | PX3: ° | PY3: kPa | PZ3: kPa | QA3: kPa | QB3: kPa | QC3: kPa | QD3: kPa | QE3: kPa | QF3: ° | QG3: - | QH3: - | QI3: ° | QJ3: kPa | QK3: ° | QL3: kPa | QM3: ° | QN3: kPa | QO3: ° | QP3: kPa | QQ3: ° | QR3: kPa | QS3: kPa
A4: OMSCHRIJVING_PARAMETER | B4: Geeft aan of classificatieproeven zijn uitgevoerd [WAAR/ONWAAR of TRUE/FALSE] | C4: Geeft aan of classificatieproeven op veen zijn uitgevoerd [WAAR/ONWAAR of TRUE/FALSE] | D4: Geeft aan of een korrelverdeling is uitgevoerd [WAAR/ONWAAR of TRUE/FALSE] | E4: Geeft aan of (gemiddelde) sondeerwaarde beschikbaar zijn op de diepte van de uitgevoerde proeven [WAAR/ONWAAR of TRUE/FALSE] | F4: Geeft aan of een CRS-proef is uitgevoerd [WAAR/ONWAAR of TRUE/FALSE] | G4: Geeft aan of een samendrukkingsproef is uitgevoerd [WAAR/ONWAAR of TRUE/FALSE] | H4: Geeft aan of een direct simple shearproef is uitgevoerd [WAAR/ONWAAR of TRUE/FALSE] | I4: Geeft aan of een triaxiaalproef is uitgevoerd [WAAR/ONWAAR of TRUE/FALSE] | J4: Combinatie tussen regelnummer, boring en monsternummer | K4: Naam van de opdrachtgever | L4: Projectnaam | M4: Projectnummer van de uitvoerende organisatie | N4: Naam van de polder of dijk | O4: Refentie voor de vastlegging van de posititie van het onderzoek binnen het dijkvak, bijv. ten opzichte van dijkpaal | P4: Naam van de gemeente | Q4: Beschrijving van de type kade of dijk | R4: Jaar aanleg | S4: Bodemkaart NL soortnaam | T4: Naam van de geologische afzetting waartoe de onderzochte laag toe behoort | U4: Bestandsnaam van het bestand waarin het geotechnisch lengteprofiel is opgenomen | V4: X-coordinaat van boring waaruit de monsters van de proeven afkomstig zijn. Coordinaten weergeven in RD-coordinaten | W4: Y-coordinaat van boring waaruit de monsters van de proeven afkomstig zijn. Coordinaten weergeven in RD-coordinaten | X4: De maaiveldhoogte ter plaatse van de boring. | Y4: Nummering van de boring | Z4: Locatie van de boring ten opzicht van de waterkeringen. Mogelijkheden zijn: kruin, binnentalud, buitentalud, teen, achterland / KR, BITA, BUTA, BUT, BIT, AL | AA4: Datum waarop de boring is uitgevoerd | AB4: Bestandnaam van de pdf waarin de boring is gerapporteerd | AC4: Bestandsnaam van het GEF-bestand waarin de beschrijving van de boring is opgenomen | AD4: Naam van het bedrijf dat de boring heeft uitgevoerd | AE4: Naam van de boormeester die de boring heeft uitgevoerd | AF4: Methode van boren en monstername | AG4: De tijdens het boren gemeten grondwaterstand in het boorgat | AH4: De tijdens het boren vastgestelde GLG (Gemiddeld Laagste Grondwaterstand) | AI4: Monsternummering van de boring | AJ4: Methode van steken / drukken van ongeroerde / geroerde monster. Bijvoorbeeld: Ackerman, dunwandig, ongeroerd, gedrukt | AK4: Beschrijving van de manier hoe de monsters in het laboratorium zijn opgeslagen voorafgaand aan de proeven. | AL4: Niveau van het monster (bovenkant) van de classificatieproeven tov m NAP | AM4: Niveau van het monster (onderkant) van de classificatieproeven tov m NAP | AN4: Niveau van het monster (bovenkant) van de classificatieproeven tov m MV | AO4: Niveau van het monster (onderkant) van de classificatieproeven tov m MV | AP4: Meting van het totale volumegewicht van het monstermateriaal (gecorrigeerd o.b.v. volume monster) | AQ4: Bestandnaam van de pdf waarin de classificatieproeven zijn gerapporteerd | AR4: Bestandsnaam van de file waarin de gegevens van de classificatie conform het STOWA-format is opgenomen | AS4: Monsternummering van de classificatieproeven | AT4: Laboratorium waar de classificatie en veenclassificatie uitgevoerd zijn. | AU4: Bij de classificatie aangehouden normen | AV4: Datum waarop de classificatieproeven zijn uitgevoerd | AW4: Classificatie van de grond conform de gehanteerde norm | AX4: Beschrijving van de bijzondere bestanddelen of secundaire of tertiaire fracties | AY4: Niveau van het monster van de classificatie-proef | AZ4: Resultaat van de bepaling van het initiele volumieke gewicht conform NEN5110/5111 | BA4: Resultaat van de bepaling van het droge volumieke gewicht conform NEN5110/5111 | BB4: Resultaat van de bepaling van het initiele watergehalte conform NEN5112/5113 | BC4: Resultaat van de bepaling van de porositeit | BD4: Resultaat van de bepaling van het poriengetal conform ... | BE4: Verzadigingsgraad van het monster (0-100%) | BF4: Inschatting van het verzadigde volumegewicht | BG4: Inschatting van de dichtheid of specifieke massa volgens standaardgetal (2650 kg/m3), relaties of ervaringsdatabases | BH4: Resultaat van de bepaling van de dichtheid of specifieke massa conform ... | BI4: Resultaat van de bepaling van het verlies aan organisch materiaal bij verhitting tot 500°C/550°C. Het gloeiverlies wordt hiermee bepaald. Het gloeiverlies is niet gelijk aan het asgehalte. Het asgehalte kan bepaald worden aan de hand van het gloeiverlies: asgehalte = 1.04 x (100 - gloeiverlies [%]) | BJ4: Resultaat van de bepaling van het verlies aan kalk bij verhitting tot 900°C | BK4: Resultaat van de bepaling van de sterkte met de pocket penetrometer conform ... | BL4: Resultaat van de bepaling van de sterkte met de torvaneproef conform NEN5106 | BM4: Falling headk10 | BN4: Constant head k10 | BO4: Opmerkingen | BP4: Resultaat van de bepaling van de vloeigrens conform ... | BQ4: Resultaat van de bepaling van de uitrolgrens conform ... | BR4: Plasticiteitsindex | BS4: Consistentieindex | BT4: Bestandsnaam van de pdf-file waarin de gegevens van de veenclassificatie zijn opgenomen | BU4: Bestandsnaam van de file waarin de gegevens van de veenclassificatie conform het STOWA-format is opgenomen | BV4: Classificatie van het veen conform de TAW-leidraad TR16 Geotechnische classificatie van veen. Hoofdnaam van het veen. [V, Vk1, Vk2, Vz1, Vz3] | BW4: Classificatie van het veen conform de TAW-leidraad TR16 Geotechnische classificatie van veen. Botanische samenstelling. [Sch, Ph, C, W, N Er, S, H, B] | BX4: Classificatie van het veen conform de TAW-leidraad TR16 Geotechnische classificatie van veen. Verweringsgraad volgens Von Post [H'1, H'2 , H'3, H;4] | BY4: Classificatie van het veen conform de TAW-leidraad TR16 Geotechnische classificatie van veen. Watergehalte [B1, B2, B3, B4, B5] | BZ4: Classificatie van het veen conform de TAW-leidraad TR16 Geotechnische classificatie van veen. Gehalte aan fijne vezels [F0, F1, F2, F3] | CA4: Classificatie van het veen conform de TAW-leidraad TR16 Geotechnische classificatie van veen. Gehalte aan grove vezels [R0, R1, R2, R3] | CB4: Classificatie van het veen conform de TAW-leidraad TR16 Geotechnische classificatie van veen. Gehalte aan hout [W0, W1, W2, W3] | CC4: Classificatie van het veen conform de TAW-leidraad TR16 Geotechnische classificatie van veen. Resultaat van de bepaling van het gloeiverlies in %. Gloeiverlies is (de massa voor verassing minus de massa na verassing) in verhouding tot (de massa na verassing). Op basis van het gloeiverlies kan het asgehalte bepaald worden. | CD4: Classificatie van het veen conform de TAW-leidraad TR16 Geotechnische classificatie van veen. Gehalte aan as [N1, N2, N3, N4]. Het asgehalte is te bepalen op basis van het gloeiverlies. Het asgehalte is 1,04 maal (100% minus het gloeiverlies in %). | CE4: Bestandnaam van de pdf waarin de korrelverdeling is gerapporteerd | CF4: Bestandsnaam van het GEF-bestand waarin de gegevens van de korrelverdeling is opgenomen | CG4: Monsternummering van de zeefproeven | CH4: Laboratorium waar de zeefproeven zijn uitgevoerd | CI4: Bij de zeefproeven aangehouden normen | CJ4: Datum waarop de zeefproeven zijn uitgevoerd | CK4: Classificatie van de grond conform de gehanteerde norm | CL4: Beschrijving van de bijzondere bestanddelen of secundaire of tertiaire fracties | CM4: De zandmediaan is de korreldiameter waarbij 50% van de zandfractie kleiner is dan deze korreldiameter. (is gelijk aan D50) | CN4: De mediaan wordt bepaald over het gehele monster en niet over alleen de zandfractie. De mediaan is de korreldiameter waarbij 50% van de gehele fractie kleiner is dan deze diameter. | CO4: Percentage grind % grind>2mm | CP4: Percentage zand % zand tussen 0,063 - 2 mm | CQ4: Percentage silt % silt tussen 0,002 - 0,063 mm | CR4: Gewichtspercentage van het gehele monster dat kleiner is dan 63 mm | CS4: Gewichtspercentage van het gehele monster dat kleiner is dan 31,5 mm | CT4: Gewichtspercentage van het gehele monster dat kleiner is dan 16 mm | CU4: Gewichtspercentage van het gehele monster dat kleiner is dan 8 mm | CV4: Gewichtspercentage van het gehele monster dat kleiner is dan 4 mm | CW4: Gewichtspercentage van het gehele monster dat kleiner is dan 2 mm | CX4: Gewichtspercentage van het gehele monster dat kleiner is dan 1 mm | CY4: Gewichtspercentage van het gehele monster dat kleiner is dan 500 mu | CZ4: Gewichtspercentage van het gehele monster dat kleiner is dan 250 mu | DA4: Gewichtspercentage van het gehele monster dat kleiner is dan 180 mu | DB4: Gewichtspercentage van het gehele monster dat kleiner is dan 125 mu | DC4: Gewichtspercentage van het gehele monster dat kleiner is dan 63 mu | DD4: Gewichtspercentage van het gehele monster dat kleiner is dan 32 mu | DE4: Gewichtspercentage van het gehele monster dat kleiner is dan 20 mu | DF4: Gewichtspercentage van het gehele monster dat kleiner is dan 16 mu | DG4: Gewichtspercentage van het gehele monster dat kleiner is dan 2 mu | DH4: De korreldiameter waarbij 70% van de zandfractie kleiner is dan deze korreldiameter | DI4: De korreldiameter waarbij 60% van de zandfractie kleiner is dan deze korreldiameter | DJ4: De korreldiameter waarbij 50% van de zandfractie kleiner is dan deze korreldiameter (D50 is gelijk aan de Zandmediaan) | DK4: De korreldiameter waarbij 10% van de zandfractie kleiner is dan deze korreldiameter | DL4: De gelijkmatigheidscoefficient Cu van de zandfractie. Bepaald door D60/D10 van het materiaal tussen 63 mu en 2 mm. | DM4: Bestandsnaam van het GEF-bestand dat gebruikt is bij de bepaling van de gemiddelde waarden uit de sondering op de diepte van het monsterniveau (#CPT_NIVEAU). | DN4: Bestandsnaam van het GEF-bestand dat gebruikt is bij de bepaling van de gemiddelde waarden uit de sondering op de diepte van het monsterniveau (#CPT_NIVEAU). | DO4: Monsterniveaus waarbij de bepaling van de gemiddelde waarden uit de sondering is bepaald. Het traject waarover gemiddeld is loopt van 0.5 x trajectlengte (#CPT_TRAJECTLENGTE) boven het monsterniveau (#CPT_NIVEAU) tot 0.5 x trjactlengte beneden het monsterniveau. | DP4: Lengte waarover de gemiddelde sondeerwaarden zijn bepaald. | DQ4: Gemiddelde conusweerstand gemeten tijdens de sondering op het monsterniveau (#CPT_NIVEAU) over een bepaalde lengte (#CPT_TRAJECTLENGTE) | DR4: Gemiddelde wrijvingsweerstand gemeten tijdens de sondering op het monsterniveau (#CPT_NIVEAU) over een bepaalde lengte (#CPT_TRAJECTLENGTE) | DS4: Gemiddelde wrijvingsgetal op het monsterniveau (#CPT_NIVEAU) over een bepaalde lengte (#CPT_TRAJECTLENGTE) bepaald uit de gemeten conusweerstand (#CPT_CONUSWEERSTAND_GEM) en de gemeten wrijvingsweerstand (#CPT_WRIJVINGSWEERSTAND_GEM) | DT4: Gemiddelde waterspanning gemeten tijdens de sondering op het monsterniveau (#CPT_NIVEAU) over een bepaalde lengte (#CPT_TRAJECTLENGTE) | DU4: Netto conusweerstand = qnet = qt - σv0 | DV4: Conusweerstand gecorrigeerd voor gemeten waterspanning qt = qc + (1-a).u2 | DW4: Verticale grondspanning σv0 (totaalspanning) | DX4: Sonderingklasse 1 of 2 | DY4: netto oppervlakteverhoudingscoëfficiënt van de conus = a | DZ4: qball weerstandbolsonde | EA4: Bestandnaam van de pdf waarin de CRS-proef is gerapporteerd | EB4: Bestandsnaam van de file waarin het spanningspad conform het STOWA-format is opgenomen | EC4: Monsternummering van de CRS-proef | ED4: Laboratorium waar de CRS-proef is uitgevoerd | EE4: Bij de uitvoering van de CRS-proef aangehouden normen | EF4: Datum waarop de CRS-proef is uitgevoerd | EG4: Classificatie van de grond conform de gehanteerde norm | EH4: Beschrijving van de bijzondere bestanddelen of secundaire of tertiaire fracties | EI4: Niveau van het monster van de CRS-proef | EJ4: Inschatting van de terreinspanning op het niveau van het beproefde monster | EK4: Resultaat van de bepaling van het initiele volumieke gewicht conform NEN5110/5111 voor uitvoering van de proef | EL4: Resultaat van de bepaling van het droge volumieke gewicht conform NEN5110/5111 voor uitvoering van de proef | EM4: Resultaat van de bepaling van het initiele watergehalte conform NEN5112/5113 voor uitvoering van de proef | EN4: Resultaat van de bepaling van het initiele watergehalte conform NEN5112/5113 na uitvoering van de proef | EO4: Verzadigingsniveau van het monster | EP4: Maximum temperatuur in het laboratorium gedurende de uitvoering van de proef | EQ4: Minimum temperatuur in het laboratorium gedurende de uitvoering van de proef | ER4: Diameter van het proefstuk dat in het CRS-apparaat is beproefd voor beproeving | ES4: Hoogte van het proefstuk dat in het CRS-apparaat is beproefd voor beproeving | ET4: Hoogte van het proefstuk dat in het CRS-apparaat is beproefd na verzadiging | EU4: Hoogte van het proefstuk dat in het CRS-apparaat is beproefd na beproeving | EV4: Reksnelheid waarm het monster tijdens het belasten is belast | EW4: Reksnelheid waarm het monster tijdens het ontlasten is ontlast | EX4: De duur van de relaxatiefase | EY4: Effectieve spanning bij de start van de relaxatiefase | EZ4: Effectieve spanning aan het eind van de relaxatiefase | FA4: Effectieve verticale spanning bij de start van het ontlasten | FB4: Effectieve verticale spanning aan het eind van het ontlasten | FC4: Effectieve verticale spanning aan het eind van de proef | FD4: Maximale relatieve wateroverspanning tijdens de proef | FE4: Grensspanning A | FF4: De rek waarbij de grensspanning A is bepaald | FG4: De bovengrens voor de grensspanning B | FH4: Waarde van de a-parameters van de isotachen | FI4: Waarde van de b-parameters van de isotachen | FJ4: Waarde van de c-parameters van de isotachen | FK4: Bestandnaam van de pdf waarin de samendrukkings-proef is gerapporteerd | FL4: Bestandsnaam van de file waarin het spanningspad conform het STOWA-format is opgenomen | FM4: Monsternummering van de samendrukkingsproef | FN4: Laboratorium waar de samendrukkingsproef is uitgevoerd | FO4: Bij de uitvoering van de samendrukkingsproef aangehouden normen | FP4: Datum waarop de samendrukkingsproef is uitgevoerd | FQ4: Classificatie van de grond conform de gehanteerde norm | FR4: Beschrijving van de bijzondere bestanddelen of secundaire of tertiaire fracties | FS4: Niveau van het monster van de samendrukkingsproef | FT4: Inschatting van de terreinspanning op het niveau van het beproefde monster | FU4: Resultaat van de bepaling van het initiele volumieke gewicht conform NEN5110/5111 voor uitvoering van de proef | FV4: Resultaat van de bepaling van het droge volumieke gewicht conform NEN5110/5111 voor uitvoering van de proef | FW4: Resultaat van de bepaling van het initiele watergehalte conform NEN5112/5113 voor uitvoering van de proef | FX4: Resultaat van de bepaling van het initiele watergehalte conform NEN5112/5113 na uitvoering van de proef | FY4: Resultaat van de bepaling van het poriengetal conform ... | FZ4: Maximum temperatuur in het laboratorium gedurende de uitvoering van de proef | GA4: Minimum temperatuur in het laboratorium gedurende de uitvoering van de proef | GB4: Aantal belasttrappen en het aantal ontlasttrappen | GC4: Beschrijving van de type uitgevoerde proef | GD4: Samendrukkingsparameter volgens Bjerrum, grensspanning | GE4: Samendrukkingsparameter volgens Bjerrum, rek bij de grensspanning | GF4: NEN Bjerrum Cc | GG4: Samendrukkingsparameter volgens Bjerrum, Cc waarde conform NEN5118, trap 1-2 | GH4: Samendrukkingsparameter volgens Bjerrum, Cc waarde conform NEN5118, trap 2-3 | GI4: Samendrukkingsparameter volgens Bjerrum, Cc waarde conform NEN5118, trap 3-4 | GJ4: Samendrukkingsparameter volgens Bjerrum, Cc waarde conform NEN5118, trap 4-5 | GK4: Samendrukkingsparameter volgens Bjerrum, Cc waarde conform NEN5118, trap 5-6 | GL4: Samendrukkingsparameter volgens Bjerrum, Cc waarde conform NEN5118, trap 6-7 | GM4: Samendrukkingsparameter volgens Bjerrum, Cc waarde conform NEN5118, trap 7-8 | GN4: Samendrukkingsparameter volgens Bjerrum, Cc waarde conform NEN5118, trap 8-9 | GO4: Samendrukkingsparameter volgens Bjerrum, Cc waarde conform NEN5118, trap 9-10 | GP4: NEN Bjerrum Cr | GQ4: Samendrukkingsparameter volgens Bjerrum, CR waarde conform NEN5118, trap 1-2 | GR4: Samendrukkingsparameter volgens Bjerrum, CR waarde conform NEN5118, trap 2-3 | GS4: Samendrukkingsparameter volgens Bjerrum, CR waarde conform NEN5118, trap 3-4 | GT4: Samendrukkingsparameter volgens Bjerrum, CR waarde conform NEN5118, trap 4-5 | GU4: Samendrukkingsparameter volgens Bjerrum, CR waarde conform NEN5118, trap 5-6 | GV4: Samendrukkingsparameter volgens Bjerrum, CR waarde conform NEN5118, trap 6-7 | GW4: Samendrukkingsparameter volgens Bjerrum, CR waarde conform NEN5118, trap 7-8 | GX4: Samendrukkingsparameter volgens Bjerrum, CR waarde conform NEN5118, trap 8-9 | GY4: Samendrukkingsparameter volgens Bjerrum, CR waarde conform NEN5118, trap 9-10 | GZ4: NEN Bjerrum Calpha | HA4: Samendrukkingsparameter volgens Bjerrum, Calpha trap 1 | HB4: Samendrukkingsparameter volgens Bjerrum, Calpha trap 2 | HC4: Samendrukkingsparameter volgens Bjerrum, Calpha trap 3 | HD4: Samendrukkingsparameter volgens Bjerrum, Calpha trap 4 | HE4: Samendrukkingsparameter volgens Bjerrum, Calpha trap 5 | HF4: Samendrukkingsparameter volgens Bjerrum, Calpha trap 6 | HG4: Samendrukkingsparameter volgens Bjerrum, Calpha trap 7 | HH4: Samendrukkingsparameter volgens Bjerrum, Calpha trap 8 | HI4: Samendrukkingsparameter volgens Bjerrum, Calpha trap 9 | HJ4: Samendrukkingsparameter volgens Bjerrum, Calpha trap 10 | HK4: NEN Bjerrum Vo | HL4: Samendrukkingsparameter volgens Koppejan, grensspanning | HM4: Samendrukkingsparameter volgens Koppejan, rek bij de grensspanning | HN4: Samendrukkingsparameter volgens Koppejan, C waarde conform NEN5118 | HO4: Samendrukkingsparameter volgens Koppejan, C' waarde conform NEN5118 | HP4: Samendrukkingsparameter volgens Koppejan, C' waarde conform NEN5118, trap 2-3 | HQ4: Samendrukkingsparameter volgens Koppejan, C' waarde conform NEN5118, trap 3-4 | HR4: Samendrukkingsparameter volgens Koppejan, C' waarde conform NEN5118, trap 4-5 | HS4: Samendrukkingsparameter volgens Koppejan, C' waarde conform NEN5118, trap 5-6 | HT4: Samendrukkingsparameter volgens Koppejan, C' waarde conform NEN5118, trap 6-7 | HU4: Samendrukkingsparameter volgens Koppejan, C' waarde conform NEN5118, trap 7-8 | HV4: Samendrukkingsparameter volgens Koppejan, C' waarde conform NEN5118, trap 8-9 | HW4: Samendrukkingsparameter volgens Koppejan, Cp waarde conform NEN5118 | HX4: Samendrukkingsparameter volgens Koppejan, C'p waarde conform NEN5118 | HY4: Samendrukkingsparameter volgens Koppejan, Cp' waarde conform NEN5118, trap 2-3 | HZ4: Samendrukkingsparameter volgens Koppejan, Cp' waarde conform NEN5118, trap 3-4 | IA4: Samendrukkingsparameter volgens Koppejan, Cp' waarde conform NEN5118, trap 4-5 | IB4: Samendrukkingsparameter volgens Koppejan, Cp' waarde conform NEN5118, trap 5-6 | IC4: Samendrukkingsparameter volgens Koppejan, Cp' waarde conform NEN5118, trap 6-7 | ID4: Samendrukkingsparameter volgens Koppejan, Cp' waarde conform NEN5118, trap 7-8 | IE4: Samendrukkingsparameter volgens Koppejan, Cp' waarde conform NEN5118, trap 8-9 | IF4: Samendrukkingsparameter volgens Koppejan, Cs waarde conform NEN5118 | IG4: Samendrukkingsparameter volgens Koppejan, C's waarde conform NEN5118 | IH4: Samendrukkingsparameter volgens Koppejan, Cs' waarde conform NEN5118, trap 2-3 | II4: Samendrukkingsparameter volgens Koppejan, Cs' waarde conform NEN5118, trap 3-4 | IJ4: Samendrukkingsparameter volgens Koppejan, Cs' waarde conform NEN5118, trap 4-5 | IK4: Samendrukkingsparameter volgens Koppejan, Cs' waarde conform NEN5118, trap 5-6 | IL4: Samendrukkingsparameter volgens Koppejan, Cs' waarde conform NEN5118, trap 6-7 | IM4: Samendrukkingsparameter volgens Koppejan, Cs' waarde conform NEN5118, trap 7-8 | IN4: Samendrukkingsparameter volgens Koppejan, Cs' waarde conform NEN5118, trap 8-9 | IO4: Samendrukkingsparameter volgens Isotache, a-waarde | IP4: Samendrukkingsparameter volgens Isotache, b-waarde | IQ4: Samendrukkingsparameter volgens Isotache, c-waarde | IR4: Samendrukkingsparameter volgens Isotache, grensspanning A | IS4: Samendrukkingsparameter volgens Isotache, rek bij grensspanning A | IT4: Samendrukkingsparameter volgens Isotache, bovengrens van de grensspanning B | IU4: Waarde van de bepaling volgens Casagrande van de Cv; 10 (m2/s) bij trap 2 | IV4: Waarde van de bepaling volgens Casagrande van de Cv; 10 (m2/s) bij trap 3 | IW4: Waarde van de bepaling volgens Casagrande van de Cv; 10 (m2/s) bij trap 4 | IX4: Waarde van de bepaling volgens Casagrande van de Cv; 10 (m2/s) bij trap 5 | IY4: Waarde van de bepaling volgens Casagrande van de Cv; 10 (m2/s) bij trap 6 | IZ4: Waarde van de bepaling volgens Casagrande van de Cv; 10 (m2/s) bij trap 7 | JA4: Waarde van de bepaling volgens Casagrande van de Cv; 10 (m2/s) bij trap 8 | JB4: Waarde van de bepaling volgens Casagrande van de Cv; 10 (m2/s) bij trap 9 | JC4: Waarde van de bepaling volgens Casagrande van de k10 (m/s) bij trap 2 | JD4: Waarde van de bepaling volgens Casagrande van de k10 (m/s) bij trap 3 | JE4: Waarde van de bepaling volgens Casagrande van de k10 (m/s) bij trap 4 | JF4: Waarde van de bepaling volgens Casagrande van de k10 (m/s) bij trap 5 | JG4: Waarde van de bepaling volgens Casagrande van de k10 (m/s) bij trap 6 | JH4: Waarde van de bepaling volgens Casagrande van de k10 (m/s) bij trap 7 | JI4: Waarde van de bepaling volgens Casagrande van de k10 (m/s) bij trap 8 | JJ4: Waarde van de bepaling volgens Casagrande van de k10 (m/s) bij trap 9 | JK4: Waarde van de bepaling volgens Casagrande van de mv (1/MPa) bij trap 2 | JL4: Waarde van de bepaling volgens Casagrande van de mv (1/MPa) bij trap 3 | JM4: Waarde van de bepaling volgens Casagrande van de mv (1/MPa) bij trap 4 | JN4: Waarde van de bepaling volgens Casagrande van de mv (1/MPa) bij trap 5 | JO4: Waarde van de bepaling volgens Casagrande van de mv (1/MPa) bij trap 6 | JP4: Waarde van de bepaling volgens Casagrande van de mv (1/MPa) bij trap 7 | JQ4: Waarde van de bepaling volgens Casagrande van de mv (1/MPa) bij trap 8 | JR4: Waarde van de bepaling volgens Casagrande van de mv (1/MPa) bij trap 9 | JS4: spanning bij cv;2 | JT4: spanning bij cv;3 | JU4: spanning bij cv;4 | JV4: spanning bij cv;5 | JW4: spanning bij cv;6 | JX4: spanning bij cv;7 | JY4: spanning bij cv;8 | JZ4: spanning bij cv;9 | KA4: Waarde van de bepaling volgens Taylor van de Cv; 10 (m2/s) bij trap 2 | KB4: Waarde van de bepaling volgens Taylor van de Cv; 10 (m2/s) bij trap 3 | KC4: Waarde van de bepaling volgens Taylor van de Cv; 10 (m2/s) bij trap 4 | KD4: Waarde van de bepaling volgens Taylor van de Cv; 10 (m2/s) bij trap 5 | KE4: Waarde van de bepaling volgens Taylor van de Cv; 10 (m2/s) bij trap 6 | KF4: Waarde van de bepaling volgens Taylor van de Cv; 10 (m2/s) bij trap 7 | KG4: Waarde van de bepaling volgens Taylor van de Cv; 10 (m2/s) bij trap 8 | KH4: Waarde van de bepaling volgens Taylor van de Cv; 10 (m2/s) bij trap 9 | KI4: Waarde van de bepaling volgens Taylor van de k10 (m/s) bij trap 2 | KJ4: Waarde van de bepaling volgens Taylor van de k10 (m/s) bij trap 3 | KK4: Waarde van de bepaling volgens Taylor van de k10 (m/s) bij trap 4 | KL4: Waarde van de bepaling volgens Taylor van de k10 (m/s) bij trap 5 | KM4: Waarde van de bepaling volgens Taylor van de k10 (m/s) bij trap 6 | KN4: Waarde van de bepaling volgens Taylor van de k10 (m/s) bij trap 7 | KO4: Waarde van de bepaling volgens Taylor van de k10 (m/s) bij trap 8 | KP4: Waarde van de bepaling volgens Taylor van de k10 (m/s) bij trap 9 | KQ4: Waarde van de bepaling volgens Taylor van de mv (1/MPa) bij trap 2 | KR4: Waarde van de bepaling volgens Taylor van de mv (1/MPa) bij trap 3 | KS4: Waarde van de bepaling volgens Taylor van de mv (1/MPa) bij trap 4 | KT4: Waarde van de bepaling volgens Taylor van de mv (1/MPa) bij trap 5 | KU4: Waarde van de bepaling volgens Taylor van de mv (1/MPa) bij trap 6 | KV4: Waarde van de bepaling volgens Taylor van de mv (1/MPa) bij trap 7 | KW4: Waarde van de bepaling volgens Taylor van de mv (1/MPa) bij trap 8 | KX4: Waarde van de bepaling volgens Taylor van de mv (1/MPa) bij trap 9 | KY4: spanning bij cv;2 | KZ4: spanning bij cv;3 | LA4: spanning bij cv;4 | LB4: spanning bij cv;5 | LC4: spanning bij cv;6 | LD4: spanning bij cv;7 | LE4: spanning bij cv;8 | LF4: spanning bij cv;9 | LG4: Bestandnaam van de pdf waarin de DSS-proef is gerapporteerd | LH4: Bestandsnaam van de file waarin het spanningspad conform het STOWA-format is opgenomen | LI4: Monsternummering van de Direct Simple Shear-proef | LJ4: Laboratorium waar de Direct Simple Shear-proef is uitgevoerd | LK4: Bij de uitvoering van de DSS-proef aangehouden normen | LL4: Datum waarop de DSS-proef is uitgevoerd | LM4: Classificatie van de grond conform de gehanteerde norm | LN4: Beschrijving van de bijzondere bestanddelen of secundaire of tertiaire fracties | LO4: Niveau van het monster van de Direct Simple Shear-proef | LP4: Inschatting van de terreinspanning (= effectieve verticale spanning) op het niveau van het beproefde monster | LQ4: Resultaat van de bepaling van het initiele volumieke gewicht conform NEN5110/5111 voor uitvoering van de proef | LR4: Resultaat van de bepaling van het droge volumieke gewicht conform NEN5110/5111 voor uitvoering van de proef | LS4: Resultaat van de bepaling van het initiele watergehalte conform NEN5112/5113 voor uitvoering van de proef | LT4: Resultaat van de bepaling van het initiele watergehalte conform NEN5112/5113 na uitvoering van de proef | LU4: Resultaat van de bepaling van het verzadigingsgraad voor uitvoering van de proef conform ... | LV4: Resultaat van de bepaling van het poriengetal voor uitvoering van de proef conform ... | LW4: Het poriengetal van het proefstuk na consolideren | LX4: Resultaat van de bepaling van het specifieke massa voor uitvoering van de proef conform ... | LY4: Maximum temperatuur in het laboratorium gedurende de uitvoering van de proef | LZ4: Minimum temperatuur in het laboratorium gedurende de uitvoering van de proef | MA4: Diameter van het proefstuk dat in het DSS-apparaat is beproefd voor beproeving | MB4: Hoogte van het proefstuk dat in het DSS-apparaat is beproefd voor beproeving | MC4: De hoogte van het proefstuk na consolideren | MD4: Beschrijving van de bij de uitwerking van de proef uitgevoerde correcties | ME4: Uitvoeringswijze van de proef: [constante hoogte, constante bovenbelasting] Shansep methode (bij consolidatie belasten tot voorbij de grensspanning en vervolgens ontlasten): [wel of niet toegepast] | MF4: Effectieve verticale spanning bij de maximale consolidatiespanning tijdens consolideren (gemeten waarde) / (alleen van toepassing bij Shansep methode) | MG4: Effectieve verticale spanning bij de consolidatiespanning aan het eind van het consolideren, is gelijk aan spanning bij begin belasten (gemeten waarde) | MH4: OCR bepaald op basis van de maximale consolidatie spanning (indien groter dan de grensspanning) te delen door de spanning waarbij het monster is beproefd | MI4: Axiale rek bij het einde van de consolidatie | MJ4: Aantal belasttrappen tijdens het consolideren | MK4: De duur van de consolidatiefase | ML4: De afschuifsnelheid tijdens de proef in %/uur | MM4: De afschuifsnelheid tijdens de proef in mm/uur | MN4: De normaalspanning (sigma) bij 2% rek | MO4: De schuifspanning (tau) bij 2% rek | MP4: De normaalspanning (sigma) bij 5% rek | MQ4: De schuifspanning (tau) bij 5% rek | MR4: De normaalspanning (sigma) bij 10% rek | MS4: De schuifspanning (tau) bij 10% rek | MT4: De normaalspanning (sigma) bij 15% rek | MU4: De schuifspanning (tau) bij 15% rek | MV4: De normaalspanning (sigma) bij 20% rek | MW4: De schuifspanning (tau) bij 20% rek | MX4: De normaalspanning (sigma) bij de maximale schuifspanning (bij tau_piek) | MY4: De maximale schuifspanning (tau_piek) | MZ4: De rek op het moment dat de schuifspanning maximaal is | NA4: De axiale spanning (sigma) bij het einde van de proef (bij tau_eind) | NB4: De schuifspanning (tau_eind) bij het einde van de proef | NC4: De rek bij het einde van de proef | ND4: Databaseveld komt te vervallen | NE4: Databaseveld komt te vervallen | NF4: Databaseveld komt te vervallen | NG4: De schuifmodulus G50. De G50 wordt bepaald door de helling van de tau-rek curve op het moment dat de halve pieksterkte wordt gehaald. | NH4: Bestandnaam van de pdf waarin de triaxiaal-proef is gerapporteerd | NI4: Bestandsnaam van de file waarin het spanningspad conform het STOWA-format is opgenomen | NJ4: Monsternummering van de triaxiaal-proef | NK4: Laboratorium waar de triaxiaal-proef is uitgevoerd | NL4: Bij de uitvoering van de triaxiaal-proef aangehouden normen | NM4: Datum waarop de triaxiaal-proef is uitgevoerd | NN4: Classificatie van de grond conform de gehanteerde norm | NO4: Beschrijving van de bijzondere bestanddelen of secundaire of tertiaire fracties | NP4: Niveau van het monster van de triaxiaal-proef | NQ4: Inschatting van de terreinspanning (= effectieve verticale spanning) op het niveau van het beproefde monster | NR4: Resultaat van de bepaling van het initiele volumieke gewicht conform NEN5110/5111 voor uitvoering van de proef | NS4: Resultaat van de bepaling van het droge volumieke gewicht conform NEN5110/5111 voor uitvoering van de proef | NT4: Resultaat van de bepaling van het initiele watergehalte conform NEN5112/5113 na uitvoering van de proef | NU4: Resultaat van de bepaling van het initiele watergehalte conform NEN5112/5113 voor uitvoering van de proef | NV4: Resultaat van de bepaling van het verzadigingsgraad voor uitvoering van de proef conform ... | NW4: Resultaat van de bepaling van het poriengetal voor uitvoering van de proef conform ... | NX4: Resultaat van de bepaling van het specifieke massa voor uitvoering van de proef conform ... | NY4: Maximum temperatuur in het laboratorium gedurende de uitvoering van de proef | NZ4: Minimum temperatuur in het laboratorium gedurende de uitvoering van de proef | OA4: Diameter van het proefstuk dat in het triaxiaal-apparaat is beproefd voor beproeving | OB4: Hoogte van het proefstuk dat in het triaxiaal-apparaat is beproefd voor beproeving | OC4: Type triaxiaalproef [gedraineerd, ongedraineerd, geconsolideerd, niet geconsolideerd] | OD4: Manier/methode waarop membraam correctie is toegepast | OE4: Beschrijving vna de aangehouden overige correcties | OF4: Backpressure | OG4: Consolidatiewijze: [volledig isotroop, volledig anisotroop, eerst isotroop en vervolgens anisotroop] Shansep methode (bij consolidatie belasten tot voorbij de grensspanning en vervolgens ontlasten): [wel of niet toegepast] | OH4: Aangehouden spanningsverhouding bij het stopcriterium (K) | OI4: Stopcriterium in de consolidatiefase | OJ4: Gemiddelde effectieve normaalspanning aan het eind van de isotrope consolidatiefase | OK4: Schuifspanning aan het eind van de isotrope consolidatiefase. Deze is 0 kPa bij isotrope consolidatie | OL4: Gemiddelde effectieve spanning behorende bij de maximale consolidatiespanning (alleen van toepassing bij Shansep methode) | OM4: Schuifspanning behorende bij de maximale consolidatiespanning (alleen van toepassing bij Shansep methode) | ON4: Gemiddeld effectieve normaalspanning behorende bij de eind consolidatiespanning s' = 0,5 * (sigma_1' + sigma_3') | OO4: Schuifspanning behorende bij de eind consolidatiespanning | OP4: Overconsolidatieratio bepaald op basis van de maximale consolidatiespanning en de eind consolidatiespanning | OQ4: Bereikte axiale rek tijdens de consolidatiefase | OR4: Bereikte volumerek tijdens de consolidatiefase | OS4: Stopcriterium in de afschuiffase | OT4: Aangehouden axiale reksnelheid tijdens het afschuiven | OU4: Gemiddelde effectieve normaalspanning bij 2% rek | OV4: Schuifspanning bij 2% rek | OW4: Gemiddelde effectieve normaalspanning bij 5% rek | OX4: Schuifspanning bij 5% rek | OY4: Gemiddelde effectieve normaalspanning bij 15% rek | OZ4: Schuifspanning bij 15% rek | PA4: Gemiddelde effectieve normaalspanning bij de maximale schuifspanning (T_PIEK) | PB4: Maximale schuifspanning (T_PIEK) | PC4: Rek bij de maximale schuifspanning (T_PIEK) | PD4: Gemiddelde effectieve normaalspanning bij de eind schuifspanning / eindrek (T_EIND) | PE4: Eind schuifspanning bij de eindrek (T_EIND) | PF4: Eindrek behorend bij de eind schuifspanning (T_EIND) | PG4: Ongedraineerde elasticiteit Eundrained;50%. Bepaald bij 50% van de maximale schuifspanning [T_50% = (T_0:start schuifspanning + T_PIEK:maximale schuifspanning) / 2] | PH4: Rek behorend bij de ongedraineerde elasticiteit Eundrained;50% | PI4: De skempton-A factor bepaald op basis van de wateroverspanning tijdens afschuiffase (bij T_PIEK) | PJ4: koppeling pdf(hyperlink) | PK4: Bestandsnaam van de file waarin het spanningspad conform het STOWA-format is opgenomen | PL4: Monster-id | PM4: Naam laboratorium +plaats | PN4: Consolidatie-spanning | PO4: e b;50max deviator | PP4: Eundr, 50max deviator | PQ4: s' 1e trap2% rek | PR4: s' 2e trap2% rek | PS4: s' 3e trap2% rek | PT4: t 1e trap2% rek | PU4: t 2e trap2% rek | PV4: t 3e trap2% rek | PW4: c'2% rek | PX4: f'2% rek | PY4: s' 1e trap5% rek | PZ4: s' 2e trap5% rek | QA4: s' 3e trap5% rek | QB4: t 1e trap5% rek | QC4: t 2e trap5% rek | QD4: t 3e trap5% rek | QE4: c'5% rek | QF4: f'5% rek | QG4: koppeling pdf(hyperlink) | QH4: Bestandsnaam van de file waarin het spanningspad conform het STOWA-format is opgenomen | QI4: phi'1 | QJ4: c'1 | QK4: phi'2 | QL4: c'2 | QM4: phi'3 | QN4: c'3 | QO4: phi'4 | QP4: c'4 | QQ4: phi'5 | QR4: c'5 | QS4: eindspanning
A5: TYPE | B5: Boolean | C5: Boolean | D5: Boolean | E5: Boolean | F5: Boolean | G5: Boolean | H5: Boolean | I5: Boolean | J5: String | K5: String | L5: String | M5: String | N5: String | O5: String | P5: String | Q5: String | R5: String | S5: String | T5: String | U5: String | V5: Double | W5: Double | X5: Double | Y5: String | Z5: String | AA5: Date | AB5: String | AC5: String | AD5: String | AE5: String | AF5: String | AG5: Double | AH5: Double | AI5: String | AJ5: String | AK5: String | AL5: Double | AM5: Double | AN5: Double | AO5: Double | AP5: Double | AQ5: String | AR5: String | AS5: String | AT5: String | AU5: String | AV5: Date | AW5: String | AX5: String | AY5: Double | AZ5: Double | BA5: Double | BB5: Double | BC5: Double | BD5: Double | BE5: Double | BF5: Double | BG5: Double | BH5: Double | BI5: Double | BJ5: Double | BK5: Double | BL5: Double | BM5: Double | BN5: Double | BO5: String | BP5: Double | BQ5: Double | BR5: Double | BS5: Double | BT5: String | BU5: String | BV5: String | BW5: String | BX5: String | BY5: String | BZ5: String | CA5: String | CB5: String | CC5: Double | CD5: Double | CE5: String | CF5: String | CG5: String | CH5: String | CI5: String | CJ5: Date | CK5: String | CL5: String | CM5: Double | CN5: Double | CO5: Double | CP5: Double | CQ5: Double | CR5: Double | CS5: Double | CT5: Double | CU5: Double | CV5: Double | CW5: Double | CX5: Double | CY5: Double | CZ5: Double | DA5: Double | DB5: Double | DC5: Double | DD5: Double | DE5: Double | DF5: Double | DG5: Double | DH5: Double | DI5: Double | DJ5: Double | DK5: Double | DL5: Double | DM5: String | DN5: String | DO5: Double | DP5: Double | DQ5: Double | DR5: Double | DS5: Double | DT5: Double | DU5: Double | DV5: Double | DW5: Double | DX5: Double | DY5: Double | DZ5: Double | EA5: String | EB5: String | EC5: String | ED5: String | EE5: String | EF5: Date | EG5: String | EH5: String | EI5: Double | EJ5: Double | EK5: Double | EL5: Double | EM5: Double | EN5: Double | EO5: Double | EP5: Double | EQ5: Double | ER5: Double | ES5: Double | ET5: Double | EU5: Double | EV5: Double | EW5: Double | EX5: Double | EY5: Double | EZ5: Double | FA5: Double | FB5: Double | FC5: Double | FD5: Double | FE5: Double | FF5: Double | FG5: Double | FH5: Double | FI5: Double | FJ5: Double | FK5: String | FL5: String | FM5: String | FN5: String | FO5: String | FP5: Date | FQ5: String | FR5: String | FS5: Double | FT5: Double | FU5: Double | FV5: Double | FW5: Double | FX5: Double | FY5: Double | FZ5: Double | GA5: Double | GB5: String | GC5: String | GD5: Double | GE5: Double | GF5: Double | GG5: Double | GH5: Double | GI5: Double | GJ5: Double | GK5: Double | GL5: Double | GM5: Double | GN5: Double | GO5: Double | GP5: Double | GQ5: Double | GR5: Double | GS5: Double | GT5: Double | GU5: Double | GV5: Double | GW5: Double | GX5: Double | GY5: Double | GZ5: Double | HA5: Double | HB5: Double | HC5: Double | HD5: Double | HE5: Double | HF5: Double | HG5: Double | HH5: Double | HI5: Double | HJ5: Double | HK5: Double | HL5: Double | HM5: Double | HN5: Double | HO5: Double | HP5: Double | HQ5: Double | HR5: Double | HS5: Double | HT5: Double | HU5: Double | HV5: Double | HW5: Double | HX5: Double | HY5: Double | HZ5: Double | IA5: Double | IB5: Double | IC5: Double | ID5: Double | IE5: Double | IF5: Double | IG5: Double | IH5: Double | II5: Double | IJ5: Double | IK5: Double | IL5: Double | IM5: Double | IN5: Double | IO5: Double | IP5: Double | IQ5: Double | IR5: Double | IS5: Double | IT5: Double | IU5: Double | IV5: Double | IW5: Double | IX5: Double | IY5: Double | IZ5: Double | JA5: Double | JB5: Double | JC5: Double | JD5: Double | JE5: Double | JF5: Double | JG5: Double | JH5: Double | JI5: Double | JJ5: Double | JK5: Double | JL5: Double | JM5: Double | JN5: Double | JO5: Double | JP5: Double | JQ5: Double | JR5: Double | JS5: Double | JT5: Double | JU5: Double | JV5: Double | JW5: Double | JX5: Double | JY5: Double | JZ5: Double | KA5: Double | KB5: Double | KC5: Double | KD5: Double | KE5: Double | KF5: Double | KG5: Double | KH5: Double | KI5: Double | KJ5: Double | KK5: Double | KL5: Double | KM5: Double | KN5: Double | KO5: Double | KP5: Double | KQ5: Double | KR5: Double | KS5: Double | KT5: Double | KU5: Double | KV5: Double | KW5: Double | KX5: Double | KY5: Double | KZ5: Double | LA5: Double | LB5: Double | LC5: Double | LD5: Double | LE5: Double | LF5: Double | LG5: String | LH5: String | LI5: String | LJ5: String | LK5: String | LL5: Date | LM5: String | LN5: String | LO5: Double | LP5: Double | LQ5: Double | LR5: Double | LS5: Double | LT5: Double | LU5: Double | LV5: Double | LW5: Double | LX5: Double | LY5: Double | LZ5: Double | MA5: Double | MB5: Double | MC5: Double | MD5: String | ME5: String | MF5: Double | MG5: Double | MH5: Double | MI5: Double | MJ5: String | MK5: Double | ML5: Double | MM5: Double | MN5: Double | MO5: Double | MP5: Double | MQ5: Double | MR5: Double | MS5: Double | MT5: Double | MU5: Double | MV5: Double | MW5: Double | MX5: Double | MY5: Double | MZ5: Double | NA5: Double | NB5: Double | NC5: Double | ND5: Double | NE5: Double | NF5: Double | NG5: Double | NH5: String | NI5: String | NJ5: String | NK5: String | NL5: String | NM5: Date | NN5: String | NO5: String | NP5: Double | NQ5: Double | NR5: Double | NS5: Double | NT5: Double | NU5: Double | NV5: Double | NW5: Double | NX5: Double | NY5: Double | NZ5: Double | OA5: Double | OB5: Double | OC5: String | OD5: String | OE5: String | OF5: Double | OG5: String | OH5: String | OI5: String | OJ5: Double | OK5: Double | OL5: Double | OM5: Double | ON5: Double | OO5: Double | OP5: Double | OQ5: Double | OR5: Double | OS5: Double | OT5: Double | OU5: Double | OV5: Double | OW5: Double | OX5: Double | OY5: Double | OZ5: Double | PA5: Double | PB5: Double | PC5: Double | PD5: Double | PE5: Double | PF5: Double | PG5: Double | PH5: Double | PI5: Double | PJ5: String | PK5: String | PL5: String | PM5: String | PN5: Double | PO5: Double | PP5: Double | PQ5: Double | PR5: Double | PS5: Double | PT5: Double | PU5: Double | PV5: Double | PW5: Double | PX5: Double | PY5: Double | PZ5: Double | QA5: Double | QB5: Double | QC5: Double | QD5: Double | QE5: Double | QF5: Double | QG5: String | QH5: String | QI5: Double | QJ5: Double | QK5: Double | QL5: Double | QM5: Double | QN5: Double | QO5: Double | QP5: Double | QQ5: Double | QR5: Double | QS5: Double
A6: BEREIK_DOMEINWAARDEN | B6: WAAR/ONWAAR of TRUE/FALSE | C6: WAAR/ONWAAR of TRUE/FALSE | D6: WAAR/ONWAAR of TRUE/FALSE | E6: WAAR/ONWAAR of TRUE/FALSE | F6: WAAR/ONWAAR of TRUE/FALSE | G6: WAAR/ONWAAR of TRUE/FALSE | H6: WAAR/ONWAAR of TRUE/FALSE | I6: WAAR/ONWAAR of TRUE/FALSE | V6: -7000 / +300 000 | W6: +289 000 / 629 000 | X6: -100,00 - +500,00 | Z6: kruin, binnentalud, buitentalud, teen, achterland of KR, BITA, BUTA, BUT, BIT, AL | AH6: -100,0 - +500,0 | AL6: -100,0 - +500,0 | AM6: -100,0 - +500,0 | AN6: +0,0 - +50,0 | AO6: +0,0 - +50,0 | AY6: +10 / - 50 | AZ6: +5,0 - +30,0 | BA6: +0,0 - +30,0 | BB6: 0,0 - 1000,0 | BC6: 0% - 100% | BD6: 0 - 10 | BE6: 0% - 110% | BF6: +0,0 - +50,0 | BG6: 0 - 3000 | BH6: 0 - 3000 | BL6: 0 - 1000 | CM6: 63 mu - 2000 mu | CO6: 0%-100% | CP6: 0%-100% | CQ6: 0%-100% | CR6: 0%-100% | CS6: 0%-100% | CT6: 0%-100% | CU6: 0%-100% | CV6: 0%-100% | CW6: 0%-100% | CX6: 0%-100% | CY6: 0%-100% | CZ6: 0%-100% | DA6: 0%-100% | DB6: 0%-100% | DC6: 0%-100% | DD6: 0%-100% | DE6: 0%-100% | DF6: 0%-100% | DG6: 0%-100% | DH6: 63 mu - 2000 mu | DI6: 63 mu - 2000 mu | DJ6: 63 mu - 2000 mu | DK6: 63 mu - 2000 mu | DL6: 1 - 30 | DO6: +10 / - 50 | DQ6: 0 / 100 000 | DR6: 0 / 5 000 | DS6: 0 / 20 | DT6: 0 / 50 000 | EI6: +10 / - 50 | EK6: +5,0 - +30,0 | EL6: +0,0 - +30,0 | EM6: 0,0 - 1000,0 | EN6: 0,0 - 1000,0 | EO6: 0% - 100% | EP6: 0 / 50 | EQ6: 0 / 50 | ER6: 0 - 1000 | ES6: 0 - 1000 | ET6: 0 - 1000 | EU6: 0 - 1000 | FH6: 0 - 1 | FI6: 0 - 1 | FJ6: 0 - 1 | FS6: +10 / - 50 | FU6: +5,0 - +30,0 | FV6: +0,0 - +30,0 | FW6: 0,0 - 1000,0 | FX6: 0,0 - 1000,0 | FY6: 0 - 10 | FZ6: 0 / 50 | GA6: 0 / 50 | GE6: 0% - 100% | HM6: 0% - 100% | IO6: 0 - 1 | IP6: 0 - 1 | IQ6: 0 - 1 | IS6: 0% - 100% | LO6: +10 / - 50 | LQ6: +5,0 - +30,0 | LR6: +0,0 - +30,0 | LS6: 0,0 - 1000,0 | LT6: 0,0 - 1000,0 | LU6: 0% - 100% | LV6: 0 - 10 | LW6: 0 - 10 | LX6: 0 - 5000 | LY6: 0 - 50 | LZ6: 0 - 50 | MA6: 0 - 1000 | MB6: 0 - 1000 | MC6: 0 - 1000 | ME6: constante hoogte, constante bovenbelasting, Shansep toegepast, Shansep niet toegepast | MH6: 0-10 | MI6: 0% - 100% | MZ6: 0% - 100% | ND6: NVT | NE6: NVT | NF6: NVT | NP6: +10 / - 50 | NR6: +5,0 - +30,0 | NS6: +0,0 - +30,0 | NT6: 0,0 - 1000,0 | NU6: 0,0 - 1000,0 | NV6: 0% - 100% | NW6: 0 - 10 | NX6: 0 - 5000 | NY6: 0 / 50 | NZ6: 0 / 50 | OA6: 0 - 1000 | OB6: 0 - 1000 | OG6: volledig isotroop, volledig anisotroop, eerst isotroop en vervolgens anisotroop, Shansep toegepast, Shansep niet toegepast | OP6: 0-10 | OQ6: 0% - 100% | OR6: 0% - 100% | OS6: 0% - 100% | PC6: 0% - 100% | PH6: 0% - 100% | PO6: 0% - 100% | PW6: 0 - 100 | PX6: 0 - 90 | QE6: 0 - 100 | QF6: 0 - 90 | QI6: 0 - 90 | QJ6: 0 - 100 | QK6: 0 - 90 | QL6: 0 - 100 | QM6: 0 - 90 | QN6: 0 - 100 | QO6: 0 - 90 | QP6: 0 - 100 | QQ6: 0 - 90 | QR6: 0 - 100
A7: LEESBARE_NAAM_DATABASE | B7: ALG CLASSIFICATIE | C7: ALG VEENCLASSIFICATIE | D7: ALG KORRELVERDELING | E7: ALG SONDEERWAARDE | F7: ALG CRS | G7: ALG SAMENDRUKKING | H7: ALG DSS | I7: ALG TRIAXIAAL | J7: ALG BORING MONSTERNR ID | K7: ALG OPDRACHTGEVER | L7: ALG PROJECTNAAM | M7: ALG PROJECTNUMMER | N7: ALG NAAM POLDER DIJK | O7: ALG REFERENTIE | P7: ALG REGIO | Q7: ALG TYPE WATERKERING | R7: ALG AANLEGJAAR | S7: ALG BODEMKAART | T7: ALG GEOLOGIE | U7: ALG FILENAAM GEOT PROFIEL | V7: BORING XID | W7: BORING YID | X7: BORING MAAIVELDPEIL | Y7: BORING NUMMER | Z7: BORING POSITIE | AA7: BORING DATUM | AB7: BORING FILENAAM PDF | AC7: BORING FILENAAM GEF | AD7: BORING BEDRIJF | AE7: BORING BOORMEESTER | AF7: BORING METHODE | AG7: BORING OPNAME GWS | AH7: BORING GLG | AI7: MONSTER ID | AJ7: MONSTER STEEKMETHODE | AK7: MONSTER OPSLAGWIJZE | AL7: MONSTER NIVEAU NAP VANAF | AM7: MONSTER NIVEAU NAP TOT | AN7: MONSTER NIVEAU MV VANAF | AO7: MONSTER NIVEAU MV TOT | AP7: MONSTER TOTAAL VOLUMEGEWICHT | AQ7: CLAS FILENAAM PDF | AR7: CLAS FILENAAM DIGITAAL | AS7: CLAS MONSTERID | AT7: CLAS LABORATORIUM | AU7: CLAS NORMEN | AV7: CLAS DATUM | AW7: CLAS GRONDSOORT | AX7: CLAS OVERIGE BESTANDDELEN | AY7: CLAS MONSTERNIVEAU | AZ7: CLAS VOLUMEGEWICHT NAT | BA7: CLAS VOLUMEGEWICHT DRG | BB7: CLAS WATERGEHALTE | BC7: CLAS POROSITEIT | BD7: CLAS PORIENGETAL | BE7: CLAS VERZADIGINGSGRAAD | BF7: CLAS VOLUMEGEWICHT VERZADIGD | BG7: CLAS SPECIFIEKE MASSA INSCHATTING | BH7: CLAS SPECIFIEKE MASSA | BI7: CLAS GLOEIVERLIES | BJ7: CLAS KALKGEHALTE | BK7: CLAS POCKETPENETRO | BL7: CLAS TORVANE | BM7: CLAS FALLINGHEAD K10 | BN7: CLAS CONSTANTHEAD K10 | BO7: CLAS OPMERKING | BP7: CLAS AT VLOEIGRENS CAS | BQ7: CLAS AT UITROLGRENS | BR7: CLAS AT PI | BS7: CLAS AT IC | BT7: CLAS VN FILENAAM PDF | BU7: CLAS VN FILENAAM DIGITAAL | BV7: CLAS VN HOOFDNAAM | BW7: CLAS VN BOTANISCH | BX7: CLAS VN VERWERINGSGRAAD | BY7: CLAS VN WATERGEHALTE | BZ7: CLAS VN FIJNEVEZELS | CA7: CLAS VN GROVEVEZELS | CB7: CLAS VN HOUT | CC7: CLAS VN GLOEIVERLIES | CD7: CLAS VN ASGEHALTE | CE7: KV FILENAAM PDF | CF7: KV FILENAAM GEF | CG7: KV MONSTERID | CH7: KV LABORATORIUM | CI7: KV NORMEN | CJ7: KV DATUM | CK7: KV CLASSIFICATIE | CL7: KV OVERIGE BESTANDDELEN | CM7: KV MEDIAAN ZANDFRACTIE | CN7: KV MEDIAAN ALLEFRACTIES | CO7: KV GRIND% | CP7: KV ZAND% | CQ7: KV SILT% | CR7: KV DOOR 63MM | CS7: KV DOOR 31.5MM | CT7: KV DOOR 16MM | CU7: KV DOOR 8MM | CV7: KV DOOR 4MM | CW7: KV DOOR 2MM | CX7: KV DOOR 1MM | CY7: KV DOOR 500MU | CZ7: KV DOOR 250MU | DA7: KV DOOR 180MU | DB7: KV DOOR 125MU | DC7: KV DOOR 63MU | DD7: KV DOOR 32MU | DE7: KV DOOR 20MU | DF7: KV DOOR 16MU | DG7: KV DOOR 2MU | DH7: KV D70 | DI7: KV D60 | DJ7: KV D50 | DK7: KV D10 | DL7: KV CU ZAND | DM7: CPT FILENAAM PDF | DN7: CPT FILENAAM GEF | DO7: CPT NIVEAU | DP7: CPT TRAJECTLENGTE GEM | DQ7: CPT CONUSWEERSTAND GEM | DR7: CPT WRIJVINGSWEERSTAND GEM | DS7: CPT WRIJVINGSGETAL GEM | DT7: CPT WATERSPANNING GEM | DU7: CPT QNET | DV7: CPT QT | DW7: CPT VO | DX7: CPT KLASSE | DY7: CPT A FACTOR | DZ7: CPT QBALL | EA7: CRS FILENAAM PDF | EB7: CRS FILENAAM SPANNINGSPAD | EC7: CRS MONSTERID | ED7: CRS LABORATORIUM | EE7: CRS NORM | EF7: CRS DATUM | EG7: CRS CLASSIFICATIE | EH7: CRS OVERIGE BESTANDDELEN | EI7: CRS MONSTERNIVEAU | EJ7: CRS TERREINSPANNING | EK7: CRS VOLUMEGEWICHT NAT | EL7: CRS VOLUMEGEWICHT DRG | EM7: CRS WATERGEHALTE VOOR | EN7: CRS WATERGEHALTE NA PROEF | EO7: CRS VERZADIGING | EP7: CRS TEMPERATUUR PROEF MAX | EQ7: CRS TEMPERATUUR PROEF MIN | ER7: CRS PROEFSTUKDIAMETER VOOR | ES7: CRS PROEFSTUKHOOGTE VOOR | ET7: CRS PROEFSTUKHOOGTE NA VERZADIGING | EU7: CRS PROEFSTUKHOOGTE NA PROEF | EV7: CRS REKSNELHEID BELASTEN | EW7: CRS REKSNELHEID ONTLASTEN | EX7: CRS RELAXATIEDUUR | EY7: CRS EFF SPANNING START RELAXATIE | EZ7: CRS EFF SPANNING EIND RELAXATIE | FA7: CRS EFF VERT SPANNING START ONTLASTEN | FB7: CRS EFF VERT SPANNING EIND ONTLASTEN | FC7: CRS EFF VERT SPANNING EIND PROEF | FD7: CRS MAX REL WATEROVERSPANNING PROEF | FE7: CRS GRENSSPANNING A | FF7: CRS REK BIJ GRENSSPANNING A | FG7: CRS BOVENGRENS GRENSSPANNING B | FH7: CRS ISOTACHE A | FI7: CRS ISOTACHE B | FJ7: CRS ISOTACHE C | FK7: SD FILENAAM PDF | FL7: SD FILENAAM SPANNINGSPAD | FM7: SD MONSTERID | FN7: SD LABORATORIUM | FO7: SD NORM | FP7: SD DATUM | FQ7: SD CLASSIFICATIE | FR7: SD OVERIGE BESTANDDELEN | FS7: SD MONSTERNIVEAU | FT7: SD TERREINSPANNING | FU7: SD VOLUMEGEWICHT NAT | FV7: SD VOLUMEGEWICHT DR | FW7: SD WATERGEHALTE INI | FX7: SD WATERGEHALTE NA PROEF | FY7: SD PORIENGETAL | FZ7: SD MAX TEMPERATUUR PROEF | GA7: SD MIN TEMPERATUUR PROEF | GB7: SD BELAST ONTLASTSTAPPEN | GC7: SD TYPEPROEF | GD7: SD BJERRUM GRENSSPANNING | GE7: SD BJERRUM REK BIJ GRENSSPANNING | GF7: SD BJERRUM CC | GG7: SD BJERRUM CC TRAP1 2 | GH7: SD BJERRUM CC TRAP2 3 | GI7: SD BJERRUM CC TRAP3 4 | GJ7: SD BJERRUM CC TRAP4 5 | GK7: SD BJERRUM CC TRAP5 6 | GL7: SD BJERRUM CC TRAP6 7 | GM7: SD BJERRUM CC TRAP7 8 | GN7: SD BJERRUM CC TRAP8 9 | GO7: SD BJERRUM CC TRAP9 10 | GP7: SD BJERRUM CR | GQ7: SD BJERRUM CR TRAP1 2 | GR7: SD BJERRUM CR TRAP2 3 | GS7: SD BJERRUM CR TRAP3 4 | GT7: SD BJERRUM CR TRAP4 5 | GU7: SD BJERRUM CR TRAP5 6 | GV7: SD BJERRUM CR TRAP6 7 | GW7: SD BJERRUM CR TRAP7 8 | GX7: SD BJERRUM SR TRAP8 9 | GY7: SD BJERRUM RR TRAP9 10 | GZ7: SD BJERRUM CALPHA | HA7: SD BJERRUM CALPHA TRAP1 | HB7: SD BJERRUM CALPHA TRAP2 | HC7: SD BJERRUM CALPHA TRAP3 | HD7: SD BJERRUM CALPHA TRAP4 | HE7: SD BJERRUM CALPHA TRAP5 | HF7: SD BJERRUM CALPHA TRAP6 | HG7: SD BJERRUM CALPHA TRAP7 | HH7: SD BJERRUM CALPHA TRAP8 | HI7: SD BJERRUM CALPHA TRAP9 | HJ7: SD BJERRUM CALPHA TRAP10 | HK7: SD BJERRUM V0 | HL7: SD KOPPEJAN GRENSSPANNING | HM7: SD KOPPEJAN REK BIJ GRENSSPANNING | HN7: SD KOPPEJAN C | HO7: SD KOPPEJAN C' | HP7: SD KOPPEJAN C TRAP2 3 | HQ7: SD KOPPEJAN C TRAP3 4 | HR7: SD KOPPEJAN C TRAP4 5 | HS7: SD KOPPEJAN C TRAP5 6 | HT7: SD KOPPEJAN C TRAP6 7 | HU7: SD KOPPEJAN C TRAP7 8 | HV7: SD KOPPEJAN C TRAP8 9 | HW7: SD KOPPEJAN CP | HX7: SD KOPPEJAN C'P | HY7: SD KOPPEJAN CP TRAP2 3 | HZ7: SD KOPPEJAN CP TRAP3 4 | IA7: SD KOPPEJAN CP TRAP4 5 | IB7: SD KOPPEJAN CP TRAP5 6 | IC7: SD KOPPEJAN CP TRAP6 7 | ID7: SD KOPPEJAN CP TRAP7 8 | IE7: SD KOPPEJAN CP TRAP8 9 | IF7: SD KOPPEJAN CS | IG7: SD KOPPEJAN C'S | IH7: SD KOPPEJAN CS TRAP2 3 | II7: SD KOPPEJAN CS TRAP3 4 | IJ7: SD KOPPEJAN CS TRAP4 5 | IK7: SD KOPPEJAN CS TRAP5 6 | IL7: SD KOPPEJAN CS TRAP6 7 | IM7: SD KOPPEJAN CS TRAP7 8 | IN7: SD KOPPEJAN CS TRAP8 9 | IO7: SD ISOTACHE A | IP7: SD ISOTACHE B | IQ7: SD ISOTACHE C | IR7: SD ISOTACHE GRENSSPANNING A | IS7: SD ISOTACHE REK BIJ GRENSSPANNING A | IT7: SD ISOTACHE BOVENGRENS GRENSSPANNING B | IU7: SD CASAGRANDE CV10 TRAP2 | IV7: SD CASAGRANDE CV10 TRAP3 | IW7: SD CASAGRANDE CV10 TRAP4 | IX7: SD CASAGRANDE CV10 TRAP5 | IY7: SD CASAGRANDE CV10 TRAP6 | IZ7: SD CASAGRANDE CV10 TRAP7 | JA7: SD CASAGRANDE CV10 TRAP8 | JB7: SD CASAGRANDE CV10 TRAP9 | JC7: SD CASAGRANDE K10 TRAP2 | JD7: SD CASAGRANDE K10 TRAP3 | JE7: SD CASAGRANDE K10 TRAP4 | JF7: SD CASAGRANDE K10 TRAP5 | JG7: SD CASAGRANDE K10 TRAP6 | JH7: SD CASAGRANDE K10 TRAP7 | JI7: SD CASAGRANDE K10 TRAP8 | JJ7: SD CASAGRANDE K10 TRAP9 | JK7: SD CASAGRANDE MV TRAP2 | JL7: SD CASAGRANDE MV TRAP3 | JM7: SD CASAGRANDE MV TRAP4 | JN7: SD CASAGRANDE MV TRAP5 | JO7: SD CASAGRANDE MV TRAP6 | JP7: SD CASAGRANDE MV TRAP7 | JQ7: SD CASAGRANDE MV TRAP8 | JR7: SD CASAGRANDE MV TRAP9 | JS7: SD CASAGRANDE SPANNING CV10 TRAP2 | JT7: SD CASAGRANDE SPANNING CV10 TRAP3 | JU7: SD CASAGRANDE SPANNING CV10 TRAP4 | JV7: SD CASAGRANDE SPANNING CV10 TRAP5 | JW7: SD CASAGRANDE SPANNING CV10 TRAP6 | JX7: SD CASAGRANDE SPANNING CV10 TRAP7 | JY7: SD CASAGRANDE SPANNING CV10 TRAP8 | JZ7: SD CASAGRANDE SPANNING CV10 TRAP9 | KA7: SD TAYLOR CV10 TRAP2 | KB7: SD TAYLOR CV10 TRAP3 | KC7: SD TAYLOR CV10 TRAP4 | KD7: SD TAYLOR CV10 TRAP5 | KE7: SD TAYLOR CV10 TRAP6 | KF7: SD TAYLOR CV10 TRAP7 | KG7: SD TAYLOR CV10 TRAP8 | KH7: SD TAYLOR CV10 TRAP9 | KI7: SD TAYLOR K10 TRAP2 | KJ7: SD TAYLOR K10 TRAP3 | KK7: SD TAYLOR K10 TRAP4 | KL7: SD TAYLOR K10 TRAP5 | KM7: SD TAYLOR K10 TRAP6 | KN7: SD TAYLOR K10 TRAP7 | KO7: SD TAYLOR K10 TRAP8 | KP7: SD TAYLOR K10 TRAP9 | KQ7: SD TAYLOR MV TRAP2 | KR7: SD TAYLOR MV TRAP3 | KS7: SD TAYLOR MV TRAP4 | KT7: SD TAYLOR MV TRAP5 | KU7: SD TAYLOR MV TRAP6 | KV7: SD TAYLOR MV TRAP7 | KW7: SD TAYLOR MV TRAP8 | KX7: SD TAYLOR MV TRAP9 | KY7: SD TAYLOR SPANNING CV10 TRAP2 | KZ7: SD TAYLOR SPANNING CV10 TRAP3 | LA7: SD TAYLOR SPANNING CV10 TRAP4 | LB7: SD TAYLOR SPANNING CV10 TRAP5 | LC7: SD TAYLOR SPANNING CV10 TRAP6 | LD7: SD TAYLOR SPANNING CV10 TRAP7 | LE7: SD TAYLOR SPANNING CV10 TRAP8 | LF7: SD TAYLOR SPANNING CV10 TRAP9 | LG7: DSS FILENAAM PDF | LH7: DSS FILENAAM SPANNINGSPAD | LI7: DSS MONSTERID | LJ7: DSS LABORATORIUM | LK7: DSS NORM | LL7: DSS DATUM | LM7: DSS CLASSIFICATIE | LN7: DSS OVERIGE BESTANDDELEN | LO7: DSS MONSTERNIVEAU | LP7: DSS TERREINSPANNING | LQ7: DSS VOLUMEGEWICHT NAT | LR7: DSS VOLUMEGEWICHT DRG | LS7: DSS WATERGEHALTE VOOR | LT7: DSS WATERGEHALTE NA PROEF | LU7: DSS VERZADIGINGGRAAD VOOR | LV7: DSS PORIENGETAL VOOR | LW7: DSS PORIENGETAL EINDE CONSOLIDATIE | LX7: DSS SPECIFIEKE MASSA | LY7: DSS TEMPERATUUR PROEF MAX | LZ7: DSS TEMPERATUUR PROEF MIN | MA7: DSS PROEFSTUKDIAMETER VOOR | MB7: DSS PROEFSTUKHOOGTE VOOR | MC7: DSS PROEFSTUKHOOGTE NA CONSOLIDATIE | MD7: DSS UITGEVOERDE CORRECTIES | ME7: DSS UITVOERINGSWIJZE | MF7: DSS MAX EFF VERT SPANNING CONSOLIDATIE | MG7: DSS EFF VERT SPANNING EINDE CONSOLIDATIE | MH7: DSS OCR | MI7: DSS AXIALEREK EINDE CONSOLIDATIE | MJ7: DSS BELASTINGSSTAPPEN CONSOLIDATIE | MK7: DSS DUUR CONSOLIDATIE | ML7: DSS AFSCHUIFSNELHEID %UUR | MM7: DSS AFSCHUIFSNELHEID MMUUR | MN7: DSS S 2% | MO7: DSS T 2% | MP7: DSS S 5% | MQ7: DSS T 5% | MR7: DSS S 10% | MS7: DSS T 10% | MT7: DSS S 15% | MU7: DSS T 15% | MV7: DSS S 20% | MW7: DSS T 20% | MX7: DSS S BIJ T MAX | MY7: DSS T MAX | MZ7: DSS REK BIJ T MAX | NA7: DSS S BIJ T EIND | NB7: DSS T EIND | NC7: DSS REK BIJ T EIND | ND7: DSS S BIJ MAX S1S3 | NE7: DSS T BIJ MAX S1S3 | NF7: DSS REK BIJ MAX S1S3 | NG7: DSS SCHUIFMODULUS G50 | NH7: TXT SS FILENAAM PDF | NI7: TXT SS FILENAAM SPANNINGSPAD | NJ7: TXT SS MONSTERID | NK7: TXT SS LABORATORIUM | NL7: TXT SS NORM | NM7: TXT SS DATUM | NN7: TXT SS CLASSIFICATIE | NO7: TXT SS OVERIGE BESTANDDELEN | NP7: TXT SS MONSTERNIVEAU | NQ7: TXT SS TERREINSPANNING | NR7: TXT SS VOLUMEGEWICHT NAT | NS7: TXT SS VOLUMEGEWICHT DRG | NT7: TXT SS WATERGEHALTE NA PROEF | NU7: TXT SS WATERGEHALTE VOOR | NV7: TXT SS VERZADIGINGSGRAAD VOOR | NW7: TXT SS PORIENGETAL VOOR | NX7: TXT SS SPECIFIEKE MASSA | NY7: TXT SS TEMPERATUUR PROEF MAX | NZ7: TXT SS TEMPERATUUR PROEF MIN | OA7: TXT SS PROEFSTUKDIAMETER VOOR | OB7: TXT SS PROEFSTUKHOOGTE VOOR | OC7: TXT SS TYPE PROEF | OD7: TXT SS MEMBRAANCORRECTIE | OE7: TXT SS OVERIGECORRECTIES | OF7: TXT SS BACKPRESSURE | OG7: TXT SS CONSOLIDATIEWIJZE | OH7: TXT SS SPANNINGSVERHOUDING STOPCR K | OI7: TXT SS STOPCRITERIUM CONSOLIDATIE | OJ7: TXT SS S' ISOTROOP CONSOLIDATIE | OK7: TXT SS T ISOTROOP CONSOLIDATIE | OL7: TXT SS S' MAX CONSOLIDATIE | OM7: TXT SS T MAX CONSOLIDATIE | ON7: TXT SS S' EIND CONSOLIDATIE | OO7: TXT SS T EIND CONSOLIDATIE | OP7: TXT SS OCR | OQ7: TXT SS AXIALEREK CONSOLIDATIE | OR7: TXT SS VOLUMEREK CONSOLIDATIE | OS7: TXT SS STOPCRITERIUM AFSCHUIVEN | OT7: TXT SS AXIALEREKSNELHEID AFSCHUIVEN | OU7: TXT SS S' 2% | OV7: TXT SS T 2% | OW7: TXT SS S' 5% | OX7: TXT SS T 5% | OY7: TXT SS S' 15% | OZ7: TXT SS T 15% | PA7: TXT SS S' BIJ T PIEK | PB7: TXT SS T PIEK | PC7: TXT SS REK BIJ T PIEK | PD7: TXT SS S' BIJ T EIND | PE7: TXT SS T EIND | PF7: TXT SS REK BIJ T EIND | PG7: TXT SS E UNDR50 | PH7: TXT SS REK BIJ E UNDR50 | PI7: TXT SS SKEMPTON A | PJ7: TXT MS FILENAAM PDF | PK7: TXT MS FILENAAM SPANNINGSPAD | PL7: TXT MS MONSTERID | PM7: TXT MS LABORATORIUM | PN7: TXT MS CONSOLIDATIESPANNING | PO7: TXT MS REK BIJ E UNDR50 | PP7: TXT MS E UNDR50 | PQ7: TXT MS S1' 2% | PR7: TXT MS S2' 2% | PS7: TXT MS S3' 2% | PT7: TXT MS T1 2% | PU7: TXT MS T2 2% | PV7: TXT MS T3 2% | PW7: TXT MS C 2% | PX7: TXT MS PHI 2% | PY7: TXT MS S1' 5% | PZ7: TXT MS S2' 5% | QA7: TXT MS S3' 5% | QB7: TXT MS T1 5% | QC7: TXT MS T2 5% | QD7: TXT MS T3 5% | QE7: TXT MS C 5% | QF7: TXT MS PHI 5% | QG7: CEL FILENAAM PDF | QH7: CEL FILENAAM SPANNINGSPAD | QI7: CEL PHI1 | QJ7: CEL C1 | QK7: CEL PHI2 | QL7: CEL C2 | QM7: CEL PHI3 | QN7: CEL C3 | QO7: CEL PHI4 | QP7: CEL C4 | QQ7: CEL PHI5 | QR7: CEL C5 | QS7: CEL EINDSPANNING
A8: LEESBARE_EENHEID | B8: [-] | C8: [-] | D8: [-] | E8: [-] | F8: [-] | G8: [-] | H8: [-] | I8: [-] | J8: [-] | K8: [-] | L8: [-] | M8: [-] | N8: [-] | O8: [-] | P8: [-] | Q8: [-] | R8: [-] | S8: [-] | T8: [-] | U8: [-] | V8: [m] | W8: [m] | X8: [m NAP] | Y8: [-] | Z8: [-] | AA8: [DD-MM-JJJJ] | AB8: [-] | AC8: [-] | AD8: [-] | AE8: [-] | AF8: [-] | AG8: [m NAP] | AH8: [m NAP] | AI8: [-] | AJ8: [-] | AK8: [-] | AL8: [m NAP] | AM8: [m NAP] | AN8: [m] | AO8: [m] | AP8: [kN/m3] | AQ8: [-] | AR8: [-] | AS8: [-] | AT8: [-] | AU8: [-] | AV8: [DD-MM-JJJJ] | AW8: [-] | AX8: [-] | AY8: [m NAP] | AZ8: [kN/m3] | BA8: [kN/m3] | BB8: [%] | BC8: [%] | BD8: [-] | BE8: [%] | BF8: [kN/m3] | BG8: [kg/m3] | BH8: [kg/m3] | BI8: [%] | BJ8: [%] | BK8: [kPa] | BL8: [kPa] | BM8: [m/s] | BN8: [m/s] | BO8: [-] | BP8: [%] | BQ8: [%] | BR8: [%] | BS8: [-] | BT8: [-] | BU8: [-] | BV8: [-] | BW8: [-] | BX8: [-] | BY8: [-] | BZ8: [-] | CA8: [-] | CB8: [-] | CC8: [%] | CD8: [%] | CE8: [-] | CF8: [-] | CG8: [-] | CH8: [-] | CI8: [-] | CJ8: [DD-MM-JJJJ] | CK8: [-] | CL8: [-] | CM8: [mu] | CN8: [mu] | CO8: [%] | CP8: [%] | CQ8: [%] | CR8: [%] | CS8: [%] | CT8: [%] | CU8: [%] | CV8: [%] | CW8: [%] | CX8: [%] | CY8: [%] | CZ8: [%] | DA8: [%] | DB8: [%] | DC8: [%] | DD8: [%] | DE8: [%] | DF8: [%] | DG8: [%] | DH8: [mu] | DI8: [mu] | DJ8: [mu] | DK8: [mu] | DL8: [-] | DM8: [-] | DN8: [-] | DO8: [m NAP] | DP8: [cm] | DQ8: [kPa] | DR8: [kPa] | DS8: [-] | DT8: [kPa] | DU8: [kPa] | DV8: [kPa] | DW8: [kPa] | DX8: [-] | DY8: [-] | DZ8: [kPa] | EA8: [-] | EB8: [-] | EC8: [-] | ED8: [-] | EE8: [-] | EF8: [DD-MM-JJJJ] | EG8: [-] | EH8: [-] | EI8: [m NAP] | EJ8: [kPa] | EK8: [kN/m3] | EL8: [kN/m3] | EM8: [%] | EN8: [%] | EO8: [kPa] | EP8: [°C] | EQ8: [°C] | ER8: [mm] | ES8: [mm] | ET8: [mm] | EU8: [mm] | EV8: [%/uur] | EW8: [%/uur] | EX8: [uur] | EY8: [kPa] | EZ8: [kPa] | FA8: [kPa] | FB8: [kPa] | FC8: [kPa] | FD8: [-] | FE8: [kPa] | FF8: [%] | FG8: [kPa] | FH8: [-] | FI8: [-] | FJ8: [-] | FK8: [-] | FL8: [-] | FM8: [-] | FN8: [-] | FO8: [-] | FP8: [DD-MM-JJJJ] | FQ8: [-] | FR8: [-] | FS8: [m NAP] | FT8: [kPa] | FU8: [kN/m3] | FV8: [kN/m3] | FW8: [%] | FX8: [%] | FY8: [-] | FZ8: [°C] | GA8: [°C] | GB8: [-] | GC8: [-] | GD8: [kPa] | GE8: [%] | GF8: [-] | GG8: [-] | GH8: [-] | GI8: [-] | GJ8: [-] | GK8: [-] | GL8: [-] | GM8: [-] | GN8: [-] | GO8: [-] | GP8: [-] | GQ8: [-] | GR8: [-] | GS8: [-] | GT8: [-] | GU8: [-] | GV8: [-] | GW8: [-] | GX8: [-] | GY8: [-] | GZ8: [-] | HA8: [-] | HB8: [-] | HC8: [-] | HD8: [-] | HE8: [-] | HF8: [-] | HG8: [-] | HH8: [-] | HI8: [-] | HJ8: [-] | HK8: [-] | HL8: [kPa] | HM8: [%] | HN8: [-] | HO8: [-] | HP8: [-] | HQ8: [-] | HR8: [-] | HS8: [-] | HT8: [-] | HU8: [-] | HV8: [-] | HW8: [-] | HX8: [-] | HY8: [-] | HZ8: [-] | IA8: [-] | IB8: [-] | IC8: [-] | ID8: [-] | IE8: [-] | IF8: [-] | IG8: [-] | IH8: [-] | II8: [-] | IJ8: [-] | IK8: [-] | IL8: [-] | IM8: [-] | IN8: [-] | IO8: [-] | IP8: [-] | IQ8: [-] | IR8: [kPa] | IS8: [%] | IT8: [kPa] | IU8: [m2/s] | IV8: [m2/s] | IW8: [m2/s] | IX8: [m2/s] | IY8: [m2/s] | IZ8: [m2/s] | JA8: [m2/s] | JB8: [m2/s] | JC8: [m/s] | JD8: [m/s] | JE8: [m/s] | JF8: [m/s] | JG8: [m/s] | JH8: [m/s] | JI8: [m/s] | JJ8: [m/s] | JK8: [1/MPa] | JL8: [1/MPa] | JM8: [1/MPa] | JN8: [1/MPa] | JO8: [1/MPa] | JP8: [1/MPa] | JQ8: [1/MPa] | JR8: [1/MPa] | JS8: [kPa] | JT8: [kPa] | JU8: [kPa] | JV8: [kPa] | JW8: [kPa] | JX8: [kPa] | JY8: [kPa] | JZ8: [kPa] | KA8: [m2/s] | KB8: [m2/s] | KC8: [m2/s] | KD8: [m2/s] | KE8: [m2/s] | KF8: [m2/s] | KG8: [m2/s] | KH8: [m2/s] | KI8: [m/s] | KJ8: [m/s] | KK8: [m/s] | KL8: [m/s] | KM8: [m/s] | KN8: [m/s] | KO8: [m/s] | KP8: [m/s] | KQ8: [1/MPa] | KR8: [1/MPa] | KS8: [1/MPa] | KT8: [1/MPa] | KU8: [1/MPa] | KV8: [1/MPa] | KW8: [1/MPa] | KX8: [1/MPa] | KY8: [kPa] | KZ8: [kPa] | LA8: [kPa] | LB8: [kPa] | LC8: [kPa] | LD8: [kPa] | LE8: [kPa] | LF8: [kPa] | LG8: [-] | LH8: [-] | LI8: [-] | LJ8: [-] | LK8: [-] | LL8: [DD-MM-JJJJ] | LM8: [-] | LN8: [-] | LO8: [m NAP] | LP8: [kPa] | LQ8: [kN/m3] | LR8: [kN/m3] | LS8: [%] | LT8: [%] | LU8: [%] | LV8: [-] | LW8: [-] | LX8: [kg/m3] | LY8: [°C] | LZ8: [°C] | MA8: [mm] | MB8: [mm] | MC8: [mm] | MD8: [-] | ME8: [-] | MF8: [kPa] | MG8: [kPa] | MH8: [-] | MI8: [%] | MJ8: [-] | MK8: [uur] | ML8: [%/uur] | MM8: [mm/uur] | MN8: [kPa] | MO8: [kPa] | MP8: [kPa] | MQ8: [kPa] | MR8: [kPa] | MS8: [kPa] | MT8: [kPa] | MU8: [kPa] | MV8: [kPa] | MW8: [kPa] | MX8: [kPa] | MY8: [kPa] | MZ8: [%] | NA8: [kPa] | NB8: [kPa] | NC8: [%] | ND8: [NVT] | NE8: [NVT] | NF8: [NVT] | NG8: [kPa] | NH8: [-] | NI8: [-] | NJ8: [-] | NK8: [-] | NL8: [-] | NM8: [DD-MM-JJJJ] | NN8: [-] | NO8: [-] | NP8: [m NAP] | NQ8: [kPa] | NR8: [kN/m3] | NS8: [kN/m3] | NT8: [%] | NU8: [%] | NV8: [%] | NW8: [-] | NX8: [kg/m3] | NY8: [°C] | NZ8: [°C] | OA8: [mm] | OB8: [mm] | OC8: [-] | OD8: [-] | OE8: [-] | OF8: [kPa] | OG8: [-] | OH8: [-] | OI8: [-] | OJ8: [kPa] | OK8: [kPa] | OL8: [kPa] | OM8: [kPa] | ON8: [kPa] | OO8: [kPa] | OP8: [-] | OQ8: [%] | OR8: [%] | OS8: [%] | OT8: [%/uur] | OU8: [kPa] | OV8: [kPa] | OW8: [kPa] | OX8: [kPa] | OY8: [kPa] | OZ8: [kPa] | PA8: [kPa] | PB8: [kPa] | PC8: [%] | PD8: [kPa] | PE8: [kPa] | PF8: [%] | PG8: [MPa] | PH8: [%] | PI8: [-] | PJ8: [-] | PK8: [-] | PL8: [-] | PM8: [-] | PN8: [kPa] | PO8: [%] | PP8: [MPa] | PQ8: [kPa] | PR8: [kPa] | PS8: [kPa] | PT8: [kPa] | PU8: [kPa] | PV8: [kPa] | PW8: [kPa] | PX8: [°] | PY8: [kPa] | PZ8: [kPa] | QA8: [kPa] | QB8: [kPa] | QC8: [kPa] | QD8: [kPa] | QE8: [kPa] | QF8: [°] | QG8: [-] | QH8: [-] | QI8: [°] | QJ8: [kPa] | QK8: [°] | QL8: [kPa] | QM8: [°] | QN8: [kPa] | QO8: [°] | QP8: [kPa] | QQ8: [°] | QR8: [kPa] | QS8: [kPa]
A9: REGEL | B9: ALG__GRONDSOORT | C9: ALG__VEENCLASSIFICATIE | D9: ALG__KORRELVERDELING | E9: ALG__SONDEERWAARDE | F9: ALG__CRS | G9: ALG__SAMENDRUKKING | H9: ALG__DSS | I9: ALG__TRIAXIAAL | J9: ALG__BORING_MONSTERNR_ID | K9: ALG_OPDRACHTGEVER | L9: ALG_PROJECTNAAM | M9: ALG_PROJECTNUMMER | N9: ALG_NAAM_POLDER_DIJK | O9: ALG_REFERENTIE | P9: ALG_REGIO | Q9: ALG_TYPE_WATERKERING | R9: ALG_AANLEGJAAR | S9: ALG_BODEMKAART | T9: ALG_GEOLOGIE | U9: ALG_FILENAAM_GEOT_PROFIEL | V9: BORING_XID | W9: BORING_YID | X9: BORING_MAAIVELDPEIL | Y9: BORING_NUMMER | Z9: BORING_POSITIE | AA9: BORING_DATUM | AB9: BORING_FILENAAM_PDF | AC9: BORING_FILENAAM_GEF | AD9: BORING_BEDRIJF | AE9: BORING_BOORMEESTER | AF9: BORING_METHODE | AG9: BORING_OPNAME_GWS | AH9: BORING_GLG | AI9: MONSTER_ID | AJ9: MONSTER_STEEKMETHODE | AK9: MONSTER_OPSLAGWIJZE | AL9: MONSTER_NIVEAU_NAP_VANAF | AM9: MONSTER_NIVEAU_NAP_TOT | AN9: MONSTER_NIVEAU_MV_VANAF | AO9: MONSTER_NIVEAU_MV_TOT | AP9: MONSTER_TOTAAL_VOLUMEGEWICHT | AQ9: CLAS_FILENAAM_PDF | AR9: CLAS_FILENAAM_DIGITAAL | AS9: CLAS_MONSTERID | AT9: CLAS_LABORATORIUM | AU9: CLAS_NORMEN | AV9: CLAS_DATUM | AW9: CLAS_GRONDSOORT | AX9: CLAS_OVERIGE_BESTANDDELEN | AY9: CLAS_MONSTERNIVEAU | AZ9: CLAS_VOLUMEGEWICHT_NAT | BA9: CLAS_VOLUMEGEWICHT_DRG | BB9: CLAS_WATERGEHALTE | BC9: CLAS_POROSITEIT | BD9: CLAS_PORIENGETAL | BE9: CLAS_VERZADIGINGSGRAAD | BF9: CLAS_VOLUMEGEWICHT_VERZADIGD | BG9: CLAS_SPECIFIEKE_MASSA_INSCHATTING | BH9: CLAS_SPECIFIEKE_MASSA | BI9: CLAS_GLOEIVERLIES | BJ9: CLAS_KALKGEHALTE | BK9: CLAS_POCKETPENETRO | BL9: CLAS_TORVANE | BM9: CLAS_FALLINGHEAD_K10 | BN9: CLAS_CONSTANTHEAD_K10 | BO9: CLAS_OPMERKING | BP9: CLAS_AT_VLOEIGRENS_CAS | BQ9: CLAS_AT_UITROLGRENS | BR9: CLAS_AT_PI | BS9: CLAS_AT_IC | BT9: CLAS_VN_FILENAAM_PDF | BU9: CLAS_VN_FILENAAM_DIGITAAL | BV9: CLAS_VN_HOOFDNAAM | BW9: CLAS_VN_BOTANISCH | BX9: CLAS_VN_VERWERINGSGRAAD | BY9: CLAS_VN_WATERGEHALTE | BZ9: CLAS_VN_FIJNEVEZELS | CA9: CLAS_VN_GROVEVEZELS | CB9: CLAS_VN_HOUT | CC9: CLAS_VN_GLOEIVERLIES | CD9: CLAS_VN_ASGEHALTE | CE9: KV_FILENAAM_PDF | CF9: KV_FILENAAM_GEF | CG9: KV_MONSTERID | CH9: KV_LABORATORIUM | CI9: KV_NORMEN | CJ9: KV_DATUM | CK9: KV_GRONDSOORT | CL9: KV_OVERIGE_BESTANDDELEN | CM9: KV_MEDIAAN_ZANDFRACTIE | CN9: KV_MEDIAAN_ALLEFRACTIES | CO9: KV_GRIND% | CP9: KV_ZAND% | CQ9: KV_SILT% | CR9: KV_DOOR_63MM | CS9: KV_DOOR_31.5MM | CT9: KV_DOOR_16MM | CU9: KV_DOOR_8MM | CV9: KV_DOOR_4MM | CW9: KV_DOOR_2MM | CX9: KV_DOOR_1MM | CY9: KV_DOOR_500MU | CZ9: KV_DOOR_250MU | DA9: KV_DOOR_180MU | DB9: KV_DOOR_125MU | DC9: KV_DOOR_63MU | DD9: KV_DOOR_32MU | DE9: KV_DOOR_20MU | DF9: KV_DOOR_16MU | DG9: KV_DOOR_2MU | DH9: KV_D70 | DI9: KV_D60 | DJ9: KV_D50 | DK9: KV_D10 | DL9: KV_CU_ZAND | DM9: CPT_FILENAAM_PDF | DN9: CPT_FILENAAM_GEF | DO9: CPT_NIVEAU | DP9: CPT_TRAJECTLENGTE_GEM | DQ9: CPT_CONUSWEERSTAND_GEM | DR9: CPT_WRIJVINGSWEERSTAND_GEM | DS9: CPT_WRIJVINGSGETAL_GEM | DT9: CPT_WATERSPANNING_GEM | DU9: CPT_QNET | DV9: CPT_QT | DW9: CPT_VO | DX9: CPT_KLASSE | DY9: CPT_A_FACTOR | DZ9: CPT_QBALL | EA9: CRS_FILENAAM_PDF | EB9: CRS_FILENAAM_SPANNINGSPAD | EC9: CRS_MONSTERID | ED9: CRS_LABORATORIUM | EE9: CRS_NORM | EF9: CRS_DATUM | EG9: CRS_GRONDSOORT | EH9: CRS_OVERIGE_BESTANDDELEN | EI9: CRS_MONSTERNIVEAU | EJ9: CRS_TERREINSPANNING | EK9: CRS_VOLUMEGEWICHT_NAT | EL9: CRS_VOLUMEGEWICHT_DRG | EM9: CRS_WATERGEHALTE_VOOR | EN9: CRS_WATERGEHALTE_NA_PROEF | EO9: CRS_VERZADIGING | EP9: CRS_TEMPERATUUR_PROEF_MAX | EQ9: CRS_TEMPERATUUR_PROEF_MIN | ER9: CRS_PROEFSTUKDIAMETER_VOOR | ES9: CRS_PROEFSTUKHOOGTE_VOOR | ET9: CRS_PROEFSTUKHOOGTE_NA_VERZADIGING | EU9: CRS_PROEFSTUKHOOGTE_NA_PROEF | EV9: CRS_REKSNELHEID_BELASTEN | EW9: CRS_REKSNELHEID_ONTLASTEN | EX9: CRS_RELAXATIEDUUR | EY9: CRS_EFF_SPANNING_START_RELAXATIE | EZ9: CRS_EFF_SPANNING_EIND_RELAXATIE | FA9: CRS_EFF_VERT_SPANNING_START_ONTLASTEN | FB9: CRS_EFF_VERT_SPANNING_EIND_ONTLASTEN | FC9: CRS_EFF_VERT_SPANNING_EIND_PROEF | FD9: CRS_MAX_REL_WATEROVERSPANNING_PROEF | FE9: CRS_GRENSSPANNING_A | FF9: CRS_REK_BIJ_GRENSSPANNING_A | FG9: CRS_BOVENGRENS_GRENSSPANNING_B | FH9: CRS_ISOTACHE_A | FI9: CRS_ISOTACHE_B | FJ9: CRS_ISOTACHE_C | FK9: SD_FILENAAM_PDF | FL9: SD_FILENAAM_SPANNINGSPAD | FM9: SD_MONSTERID | FN9: SD_LABORATORIUM | FO9: SD_NORM | FP9: SD_DATUM | FQ9: SD_GRONDSOORT | FR9: SD_OVERIGE_BESTANDDELEN | FS9: SD_MONSTERNIVEAU | FT9: SD_TERREINSPANNING | FU9: SD_VOLUMEGEWICHT_NAT | FV9: SD_VOLUMEGEWICHT_DR | FW9: SD_WATERGEHALTE_INI | FX9: SD_WATERGEHALTE_NA_PROEF | FY9: SD_PORIENGETAL | FZ9: SD_MAX_TEMPERATUUR_PROEF | GA9: SD_MIN_TEMPERATUUR_PROEF | GB9: SD_BELAST_ONTLASTSTAPPEN | GC9: SD_TYPEPROEF | GD9: SD_BJERRUM_GRENSSPANNING | GE9: SD_BJERRUM_REK_BIJ_GRENSSPANNING | GF9: SD_BJERRUM_CC | GG9: SD_BJERRUM_CC_TRAP1_2 | GH9: SD_BJERRUM_CC_TRAP2_3 | GI9: SD_BJERRUM_CC_TRAP3_4 | GJ9: SD_BJERRUM_CC_TRAP4_5 | GK9: SD_BJERRUM_CC_TRAP5_6 | GL9: SD_BJERRUM_CC_TRAP6_7 | GM9: SD_BJERRUM_CC_TRAP7_8 | GN9: SD_BJERRUM_CC_TRAP8_9 | GO9: SD_BJERRUM_CC_TRAP9_10 | GP9: SD_BJERRUM_CR | GQ9: SD_BJERRUM_CR_TRAP1_2 | GR9: SD_BJERRUM_CR_TRAP2_3 | GS9: SD_BJERRUM_CR_TRAP3_4 | GT9: SD_BJERRUM_CR_TRAP4_5 | GU9: SD_BJERRUM_CR_TRAP5_6 | GV9: SD_BJERRUM_CR_TRAP6_7 | GW9: SD_BJERRUM_CR_TRAP7_8 | GX9: SD_BJERRUM_SR_TRAP8_9 | GY9: SD_BJERRUM_RR_TRAP9_10 | GZ9: SD_BJERRUM_CALPHA | HA9: SD_BJERRUM_CALPHA_TRAP1 | HB9: SD_BJERRUM_CALPHA_TRAP2 | HC9: SD_BJERRUM_CALPHA_TRAP3 | HD9: SD_BJERRUM_CALPHA_TRAP4 | HE9: SD_BJERRUM_CALPHA_TRAP5 | HF9: SD_BJERRUM_CALPHA_TRAP6 | HG9: SD_BJERRUM_CALPHA_TRAP7 | HH9: SD_BJERRUM_CALPHA_TRAP8 | HI9: SD_BJERRUM_CALPHA_TRAP9 | HJ9: SD_BJERRUM_CALPHA_TRAP10 | HK9: SD_BJERRUM_V0 | HL9: SD_KOPPEJAN_GRENSSPANNING | HM9: SD_KOPPEJAN_REK_BIJ_GRENSSPANNING | HN9: SD_KOPPEJAN_C | HO9: SD_KOPPEJAN_C' | HP9: SD_KOPPEJAN_C_TRAP2_3 | HQ9: SD_KOPPEJAN_C_TRAP3_4 | HR9: SD_KOPPEJAN_C_TRAP4_5 | HS9: SD_KOPPEJAN_C_TRAP5_6 | HT9: SD_KOPPEJAN_C_TRAP6_7 | HU9: SD_KOPPEJAN_C_TRAP7_8 | HV9: SD_KOPPEJAN_C_TRAP8_9 | HW9: SD_KOPPEJAN_CP | HX9: SD_KOPPEJAN_C'P | HY9: SD_KOPPEJAN_CP_TRAP2_3 | HZ9: SD_KOPPEJAN_CP_TRAP3_4 | IA9: SD_KOPPEJAN_CP_TRAP4_5 | IB9: SD_KOPPEJAN_CP_TRAP5_6 | IC9: SD_KOPPEJAN_CP_TRAP6_7 | ID9: SD_KOPPEJAN_CP_TRAP7_8 | IE9: SD_KOPPEJAN_CP_TRAP8_9 | IF9: SD_KOPPEJAN_CS | IG9: SD_KOPPEJAN_C'S | IH9: SD_KOPPEJAN_CS_TRAP2_3 | II9: SD_KOPPEJAN_CS_TRAP3_4 | IJ9: SD_KOPPEJAN_CS_TRAP4_5 | IK9: SD_KOPPEJAN_CS_TRAP5_6 | IL9: SD_KOPPEJAN_CS_TRAP6_7 | IM9: SD_KOPPEJAN_CS_TRAP7_8 | IN9: SD_KOPPEJAN_CS_TRAP8_9 | IO9: SD_ISOTACHE_A | IP9: SD_ISOTACHE_B | IQ9: SD_ISOTACHE_C | IR9: SD_ISOTACHE_GRENSSPANNING_A | IS9: SD_ISOTACHE_REK_BIJ_GRENSSPANNING_A | IT9: SD_ISOTACHE_BOVENGRENS_GRENSSPANNING_B | IU9: SD_CASAGRANDE_CV10_TRAP2 | IV9: SD_CASAGRANDE_CV10_TRAP3 | IW9: SD_CASAGRANDE_CV10_TRAP4 | IX9: SD_CASAGRANDE_CV10_TRAP5 | IY9: SD_CASAGRANDE_CV10_TRAP6 | IZ9: SD_CASAGRANDE_CV10_TRAP7 | JA9: SD_CASAGRANDE_CV10_TRAP8 | JB9: SD_CASAGRANDE_CV10_TRAP9 | JC9: SD_CASAGRANDE_K10_TRAP2 | JD9: SD_CASAGRANDE_K10_TRAP3 | JE9: SD_CASAGRANDE_K10_TRAP4 | JF9: SD_CASAGRANDE_K10_TRAP5 | JG9: SD_CASAGRANDE_K10_TRAP6 | JH9: SD_CASAGRANDE_K10_TRAP7 | JI9: SD_CASAGRANDE_K10_TRAP8 | JJ9: SD_CASAGRANDE_K10_TRAP9 | JK9: SD_CASAGRANDE_MV_TRAP2 | JL9: SD_CASAGRANDE_MV_TRAP3 | JM9: SD_CASAGRANDE_MV_TRAP4 | JN9: SD_CASAGRANDE_MV_TRAP5 | JO9: SD_CASAGRANDE_MV_TRAP6 | JP9: SD_CASAGRANDE_MV_TRAP7 | JQ9: SD_CASAGRANDE_MV_TRAP8 | JR9: SD_CASAGRANDE_MV_TRAP9 | JS9: SD_CASAGRANDE_SPANNING_CV10_TRAP2 | JT9: SD_CASAGRANDE_SPANNING_CV10_TRAP3 | JU9: SD_CASAGRANDE_SPANNING_CV10_TRAP4 | JV9: SD_CASAGRANDE_SPANNING_CV10_TRAP5 | JW9: SD_CASAGRANDE_SPANNING_CV10_TRAP6 | JX9: SD_CASAGRANDE_SPANNING_CV10_TRAP7 | JY9: SD_CASAGRANDE_SPANNING_CV10_TRAP8 | JZ9: SD_CASAGRANDE_SPANNING_CV10_TRAP9 | KA9: SD_TAYLOR_CV10_TRAP2 | KB9: SD_TAYLOR_CV10_TRAP3 | KC9: SD_TAYLOR_CV10_TRAP4 | KD9: SD_TAYLOR_CV10_TRAP5 | KE9: SD_TAYLOR_CV10_TRAP6 | KF9: SD_TAYLOR_CV10_TRAP7 | KG9: SD_TAYLOR_CV10_TRAP8 | KH9: SD_TAYLOR_CV10_TRAP9 | KI9: SD_TAYLOR_K10_TRAP2 | KJ9: SD_TAYLOR_K10_TRAP3 | KK9: SD_TAYLOR_K10_TRAP4 | KL9: SD_TAYLOR_K10_TRAP5 | KM9: SD_TAYLOR_K10_TRAP6 | KN9: SD_TAYLOR_K10_TRAP7 | KO9: SD_TAYLOR_K10_TRAP8 | KP9: SD_TAYLOR_K10_TRAP9 | KQ9: SD_TAYLOR_MV_TRAP2 | KR9: SD_TAYLOR_MV_TRAP3 | KS9: SD_TAYLOR_MV_TRAP4 | KT9: SD_TAYLOR_MV_TRAP5 | KU9: SD_TAYLOR_MV_TRAP6 | KV9: SD_TAYLOR_MV_TRAP7 | KW9: SD_TAYLOR_MV_TRAP8 | KX9: SD_TAYLOR_MV_TRAP9 | KY9: SD_TAYLOR_SPANNING_CV10_TRAP2 | KZ9: SD_TAYLOR_SPANNING_CV10_TRAP3 | LA9: SD_TAYLOR_SPANNING_CV10_TRAP4 | LB9: SD_TAYLOR_SPANNING_CV10_TRAP5 | LC9: SD_TAYLOR_SPANNING_CV10_TRAP6 | LD9: SD_TAYLOR_SPANNING_CV10_TRAP7 | LE9: SD_TAYLOR_SPANNING_CV10_TRAP8 | LF9: SD_TAYLOR_SPANNING_CV10_TRAP9 | LG9: DSS_FILENAAM_PDF | LH9: DSS_FILENAAM_SPANNINGSPAD | LI9: DSS_MONSTERID | LJ9: DSS_LABORATORIUM | LK9: DSS_NORM | LL9: DSS_DATUM | LM9: DSS_GRONDSOORT | LN9: DSS_OVERIGE_BESTANDDELEN | LO9: DSS_MONSTERNIVEAU | LP9: DSS_TERREINSPANNING | LQ9: DSS_VOLUMEGEWICHT_NAT | LR9: DSS_VOLUMEGEWICHT_DRG | LS9: DSS_WATERGEHALTE_VOOR | LT9: DSS_WATERGEHALTE_NA_PROEF | LU9: DSS_VERZADIGINGGRAAD_VOOR | LV9: DSS_PORIENGETAL_VOOR | LW9: DSS_PORIENGETAL_EINDE_CONSOLIDATIE | LX9: DSS_SPECIFIEKE_MASSA | LY9: DSS_TEMPERATUUR_PROEF_MAX | LZ9: DSS_TEMPERATUUR_PROEF_MIN | MA9: DSS_PROEFSTUKDIAMETER_VOOR | MB9: DSS_PROEFSTUKHOOGTE_VOOR | MC9: DSS_PROEFSTUKHOOGTE_NA_CONSOLIDATIE | MD9: DSS_UITGEVOERDE_CORRECTIES | ME9: DSS_UITVOERINGSWIJZE | MF9: DSS_MAX_EFF_VERT_SPANNING_CONSOLIDATIE | MG9: DSS_EFF_VERT_SPANNING_EINDE_CONSOLIDATIE | MH9: DSS_OCR | MI9: DSS_AXIALEREK_EINDE_CONSOLIDATIE | MJ9: DSS_BELASTINGSSTAPPEN_CONSOLIDATIE | MK9: DSS_DUUR_CONSOLIDATIE | ML9: DSS_AFSCHUIFSNELHEID_%UUR | MM9: DSS_AFSCHUIFSNELHEID_MMUUR | MN9: DSS_S_2% | MO9: DSS_T_2% | MP9: DSS_S_5% | MQ9: DSS_T_5% | MR9: DSS_S_10% | MS9: DSS_T_10% | MT9: DSS_S_15% | MU9: DSS_T_15% | MV9: DSS_S_20% | MW9: DSS_T_20% | MX9: DSS_S_BIJ_T_MAX | MY9: DSS_T_MAX | MZ9: DSS_REK_BIJ_T_MAX | NA9: DSS_S_BIJ_T_EIND | NB9: DSS_T_EIND | NC9: DSS_REK_BIJ_T_EIND | ND9: DSS_S_BIJ_MAX_S1S3 | NE9: DSS_T_BIJ_MAX_S1S3 | NF9: DSS_REK_BIJ_MAX_S1S3 | NG9: DSS_SCHUIFMODULUS_G50 | NH9: TXT_SS_FILENAAM_PDF | NI9: TXT_SS_FILENAAM_SPANNINGSPAD | NJ9: TXT_SS_MONSTERID | NK9: TXT_SS_LABORATORIUM | NL9: TXT_SS_NORM | NM9: TXT_SS_DATUM | NN9: TXT_SS_GRONDSOORT | NO9: TXT_SS_OVERIGE_BESTANDDELEN | NP9: TXT_SS_MONSTERNIVEAU | NQ9: TXT_SS_TERREINSPANNING | NR9: TXT_SS_VOLUMEGEWICHT_NAT | NS9: TXT_SS_VOLUMEGEWICHT_DRG | NT9: TXT_SS_WATERGEHALTE_NA_PROEF | NU9: TXT_SS_WATERGEHALTE_VOOR | NV9: TXT_SS_VERZADIGINGSGRAAD_VOOR | NW9: TXT_SS_PORIENGETAL_VOOR | NX9: TXT_SS_SPECIFIEKE_MASSA | NY9: TXT_SS_TEMPERATUUR_PROEF_MAX | NZ9: TXT_SS_TEMPERATUUR_PROEF_MIN | OA9: TXT_SS_PROEFSTUKDIAMETER_VOOR | OB9: TXT_SS_PROEFSTUKHOOGTE_VOOR | OC9: TXT_SS_TYPE_PROEF | OD9: TXT_SS_MEMBRAANCORRECTIE | OE9: TXT_SS_OVERIGECORRECTIES | OF9: TXT_SS_BACKPRESSURE | OG9: TXT_SS_CONSOLIDATIEWIJZE | OH9: TXT_SS_SPANNINGSVERHOUDING_STOPCR_K | OI9: TXT_SS_STOPCRITERIUM_CONSOLIDATIE | OJ9: TXT_SS_S'_ISOTROOP_CONSOLIDATIE | OK9: TXT_SS_T_ISOTROOP_CONSOLIDATIE | OL9: TXT_SS_S'_MAX_CONSOLIDATIE | OM9: TXT_SS_T_MAX_CONSOLIDATIE | ON9: TXT_SS_S'_EIND_CONSOLIDATIE | OO9: TXT_SS_T_EIND_CONSOLIDATIE | OP9: TXT_SS_OCR | OQ9: TXT_SS_AXIALEREK_CONSOLIDATIE | OR9: TXT_SS_VOLUMEREK_CONSOLIDATIE | OS9: TXT_SS_STOPCRITERIUM_AFSCHUIVEN | OT9: TXT_SS_AXIALEREKSNELHEID_AFSCHUIVEN | OU9: TXT_SS_S'_2% | OV9: TXT_SS_T_2% | OW9: TXT_SS_S'_5% | OX9: TXT_SS_T_5% | OY9: TXT_SS_S'_15% | OZ9: TXT_SS_T_15% | PA9: TXT_SS_S'_BIJ_T_PIEK | PB9: TXT_SS_T_PIEK | PC9: TXT_SS_REK_BIJ_T_PIEK | PD9: TXT_SS_S'_BIJ_T_EIND | PE9: TXT_SS_T_EIND | PF9: TXT_SS_REK_BIJ_T_EIND | PG9: TXT_SS_E_UNDR50 | PH9: TXT_SS_REK_BIJ_E_UNDR50 | PI9: TXT_SS_SKEMPTON_A | PJ9: TXT_MS_FILENAAM_PDF | PK9: TXT_MS_FILENAAM_SPANNINGSPAD | PL9: TXT_MS_MONSTERID | PM9: TXT_MS_LABORATORIUM | PN9: TXT_MS_CONSOLIDATIESPANNING | PO9: TXT_MS_REK_BIJ_E_UNDR50 | PP9: TXT_MS_E_UNDR50 | PQ9: TXT_MS_S1'_2% | PR9: TXT_MS_S2'_2% | PS9: TXT_MS_S3'_2% | PT9: TXT_MS_T1_2% | PU9: TXT_MS_T2_2% | PV9: TXT_MS_T3_2% | PW9: TXT_MS_C_2% | PX9: TXT_MS_PHI_2% | PY9: TXT_MS_S1'_5% | PZ9: TXT_MS_S2'_5% | QA9: TXT_MS_S3'_5% | QB9: TXT_MS_T1_5% | QC9: TXT_MS_T2_5% | QD9: TXT_MS_T3_5% | QE9: TXT_MS_C_5% | QF9: TXT_MS_PHI_5% | QG9: CEL_FILENAAM_PDF | QH9: CEL_FILENAAM_SPANNINGSPAD | QI9: CEL_PHI1 | QJ9: CEL_C1 | QK9: CEL_PHI2 | QL9: CEL_C2 | QM9: CEL_PHI3 | QN9: CEL_C3 | QO9: CEL_PHI4 | QP9: CEL_C4 | QQ9: CEL_PHI5 | QR9: CEL_C5 | QS9: CEL_EINDSPANNING
A10: 1 | B10: =IF(ISBLANK(D[[#This Row],[CLAS_GRONDSOORT]]),"ONWAAR","WAAR") -> WAAR | C10: =IF(ISBLANK(D[[#This Row],[CLAS_VN_HOOFDNAAM]]),"ONWAAR","WAAR") -> ONWAAR | D10: =IF(ISBLANK(D[[#This Row],[KV_GRONDSOORT]]),"ONWAAR","WAAR") -> ONWAAR | E10: =IF(ISBLANK(D[[#This Row],[CPT_QNET]]),"ONWAAR","WAAR") -> ONWAAR | F10: =IF(ISBLANK(D[[#This Row],[CRS_GRONDSOORT]]),"ONWAAR","WAAR") -> ONWAAR | G10: =IF(ISBLANK(D[[#This Row],[SD_GRONDSOORT]]),"ONWAAR","WAAR") -> ONWAAR | H10: =IF(ISBLANK(D[[#This Row],[DSS_GRONDSOORT]]),"ONWAAR","WAAR") -> ONWAAR | I10: =IF(ISBLANK(D[[#This Row],[TXT_SS_GRONDSOORT]]),"ONWAAR","WAAR") -> ONWAAR | J10: bo_36-5_1002+002_kr_1 | L10: Uitvoeren grondonderzoek, verkenning en planuitwerking te Doeveren | M10: 23ZP0747 | P10: Doeveren | V10: 133397.91 | W10: 414057.58 | X10: 6.04 | Y10: bo_36-5_1002+002_kr | Z10: kruin | AA10: 45167 | AB10: bo_36-5_1002+002_kr.pdf | AC10: bo_36-5_1002+002_kr.gef | AD10: Inpijn-Blokpoel | AE10: BBK | AF10: Pulsboring / Ackermann steekbussen gedrukt | AG10: -0.26 | AI10: 1 | AJ10: steekbus 67 mm | AK10: geconditioneerd in gekoelde opslag bij 10 graden Celsius | AL10: 5.54 | AM10: 5.14 | AN10: 0.5 | AO10: 0.9 | AQ10: bo_36-5_1002+002_kr_CLA.pdf | AR10: nvt | AS10: bo_36-5_1002+002_kr_1 | AT10: Inpijn-Blokpoel | AU10: NEN-EN-ISO 14688-1:2019+NEN8990:2020 | AV10: 45279 | AW10: Zand fijn 105-150, siltig, subrond, bolvormig, kalkhoudend, weinig kleibrokken, weinig puin, standaardbruin | AY10: 5.34
A11: 2 | B11: =IF(ISBLANK(D[[#This Row],[CLAS_GRONDSOORT]]),"ONWAAR","WAAR") -> WAAR | C11: =IF(ISBLANK(D[[#This Row],[CLAS_VN_HOOFDNAAM]]),"ONWAAR","WAAR") -> ONWAAR | D11: =IF(ISBLANK(D[[#This Row],[KV_GRONDSOORT]]),"ONWAAR","WAAR") -> ONWAAR | E11: =IF(ISBLANK(D[[#This Row],[CPT_QNET]]),"ONWAAR","WAAR") -> ONWAAR | F11: =IF(ISBLANK(D[[#This Row],[CRS_GRONDSOORT]]),"ONWAAR","WAAR") -> ONWAAR | G11: =IF(ISBLANK(D[[#This Row],[SD_GRONDSOORT]]),"ONWAAR","WAAR") -> ONWAAR | H11: =IF(ISBLANK(D[[#This Row],[DSS_GRONDSOORT]]),"ONWAAR","WAAR") -> ONWAAR | I11: =IF(ISBLANK(D[[#This Row],[TXT_SS_GRONDSOORT]]),"ONWAAR","WAAR") -> ONWAAR | J11: bo_36-5_1002+002_kr_2 | L11: Uitvoeren grondonderzoek, verkenning en planuitwerking te Doeveren | M11: 23ZP0747 | P11: Doeveren | V11: 133397.91 | W11: 414057.58 | X11: 6.04 | Y11: bo_36-5_1002+002_kr | Z11: kruin | AA11: 45167 | AB11: bo_36-5_1002+002_kr.pdf | AC11: bo_36-5_1002+002_kr.gef | AD11: Inpijn-Blokpoel | AE11: BBK | AF11: Pulsboring / Ackermann steekbussen gedrukt | AG11: -0.26 | AI11: 2 | AJ11: steekbus 67 mm | AK11: geconditioneerd in gekoelde opslag bij 10 graden Celsius | AL11: 4.54 | AM11: 4.14 | AN11: 1.5 | AO11: 1.9 | AQ11: bo_36-5_1002+002_kr_CLA.pdf | AR11: nvt | AS11: bo_36-5_1002+002_kr_2 | AT11: Inpijn-Blokpoel | AU11: NEN-EN-ISO 14688-1:2019+NEN8990:2020 | AV11: 45279 | AW11: Klei, stevig, sterk zandig, weinig plastisch, kalkhoudend, weinig zandlensjes, weinig puin, standaardbruin | AY11: 4.28 | AZ11: 18.2 | BA11: 14.7 | BB11: 24.2
A12: 3 | B12: =IF(ISBLANK(D[[#This Row],[CLAS_GRONDSOORT]]),"ONWAAR","WAAR") -> WAAR | C12: =IF(ISBLANK(D[[#This Row],[CLAS_VN_HOOFDNAAM]]),"ONWAAR","WAAR") -> ONWAAR | D12: =IF(ISBLANK(D[[#This Row],[KV_GRONDSOORT]]),"ONWAAR","WAAR") -> ONWAAR | E12: =IF(ISBLANK(D[[#This Row],[CPT_QNET]]),"ONWAAR","WAAR") -> ONWAAR | F12: =IF(ISBLANK(D[[#This Row],[CRS_GRONDSOORT]]),"ONWAAR","WAAR") -> ONWAAR | G12: =IF(ISBLANK(D[[#This Row],[SD_GRONDSOORT]]),"ONWAAR","WAAR") -> ONWAAR | H12: =IF(ISBLANK(D[[#This Row],[DSS_GRONDSOORT]]),"ONWAAR","WAAR") -> ONWAAR | I12: =IF(ISBLANK(D[[#This Row],[TXT_SS_GRONDSOORT]]),"ONWAAR","WAAR") -> ONWAAR | J12: bo_36-5_1002+002_kr_3 | L12: Uitvoeren grondonderzoek, verkenning en planuitwerking te Doeveren | M12: 23ZP0747 | P12: Doeveren | V12: 133397.91 | W12: 414057.58 | X12: 6.04 | Y12: bo_36-5_1002+002_kr | Z12: kruin | AA12: 45167 | AB12: bo_36-5_1002+002_kr.pdf | AC12: bo_36-5_1002+002_kr.gef | AD12: Inpijn-Blokpoel | AE12: BBK | AF12: Pulsboring / Ackermann steekbussen gedrukt | AG12: -0.26 | AI12: 3 | AJ12: steekbus 67 mm | AK12: geconditioneerd in gekoelde opslag bij 10 graden Celsius | AL12: 3.54 | AM12: 3.14 | AN12: 2.5 | AO12: 2.9 | AQ12: bo_36-5_1002+002_kr_CLA.pdf | AR12: nvt | AS12: bo_36-5_1002+002_kr_3 | AT12: Inpijn-Blokpoel | AU12: NEN-EN-ISO 14688-1:2019+NEN8990:2020 | AV12: 45279 | AW12: Klei, stevig, sterk zandig, zwak organisch, weinig plastisch, kalkhoudend, weinig zandlensjes, weinig puin, donkergrijs | AY12: 3.35 | AZ12: 19.1 | BA12: 15.2 | BB12: 25.5
A13: 4 | B13: =IF(ISBLANK(D[[#This Row],[CLAS_GRONDSOORT]]),"ONWAAR","WAAR") -> WAAR | C13: =IF(ISBLANK(D[[#This Row],[CLAS_VN_HOOFDNAAM]]),"ONWAAR","WAAR") -> ONWAAR | D13: =IF(ISBLANK(D[[#This Row],[KV_GRONDSOORT]]),"ONWAAR","WAAR") -> ONWAAR | E13: =IF(ISBLANK(D[[#This Row],[CPT_QNET]]),"ONWAAR","WAAR") -> ONWAAR | F13: =IF(ISBLANK(D[[#This Row],[CRS_GRONDSOORT]]),"ONWAAR","WAAR") -> ONWAAR | G13: =IF(ISBLANK(D[[#This Row],[SD_GRONDSOORT]]),"ONWAAR","WAAR") -> ONWAAR | H13: =IF(ISBLANK(D[[#This Row],[DSS_GRONDSOORT]]),"ONWAAR","WAAR") -> ONWAAR | I13: =IF(ISBLANK(D[[#This Row],[TXT_SS_GRONDSOORT]]),"ONWAAR","WAAR") -> ONWAAR | J13: bo_36-5_1002+002_kr_4a | L13: Uitvoeren grondonderzoek, verkenning en planuitwerking te Doeveren | M13: 23ZP0747 | P13: Doeveren | V13: 133397.91 | W13: 414057.58 | X13: 6.04 | Y13: bo_36-5_1002+002_kr | Z13: kruin | AA13: 45167 | AB13: bo_36-5_1002+002_kr.pdf | AC13: bo_36-5_1002+002_kr.gef | AD13: Inpijn-Blokpoel | AE13: BBK | AF13: Pulsboring / Ackermann steekbussen gedrukt | AG13: -0.26 | AI13: 4a | AJ13: steekbus 67 mm | AK13: geconditioneerd in gekoelde opslag bij 10 graden Celsius | AL13: 2.54 | AM13: 2.29 | AN13: 3.5 | AO13: 3.75 | AQ13: bo_36-5_1002+002_kr_CLA.pdf | AR13: nvt | AS13: bo_36-5_1002+002_kr_4a | AT13: Inpijn-Blokpoel | AU13: NEN-EN-ISO 14688-1:2019+NEN8990:2020 | AV13: 45279 | AW13: Klei, stevig, sterk zandig, zwak organisch, weinig plastisch, zwak kalkhoudend, weinig zandlensjes, weinig plantenresten, standaardgrijs | AY13: 2.41 | AZ13: 18 | BA13: 14.6 | BB13: 23.4
A14: 5 | B14: =IF(ISBLANK(D[[#This Row],[CLAS_GRONDSOORT]]),"ONWAAR","WAAR") -> WAAR | C14: =IF(ISBLANK(D[[#This Row],[CLAS_VN_HOOFDNAAM]]),"ONWAAR","WAAR") -> ONWAAR | D14: =IF(ISBLANK(D[[#This Row],[KV_GRONDSOORT]]),"ONWAAR","WAAR") -> ONWAAR | E14: =IF(ISBLANK(D[[#This Row],[CPT_QNET]]),"ONWAAR","WAAR") -> ONWAAR | F14: =IF(ISBLANK(D[[#This Row],[CRS_GRONDSOORT]]),"ONWAAR","WAAR") -> ONWAAR | G14: =IF(ISBLANK(D[[#This Row],[SD_GRONDSOORT]]),"ONWAAR","WAAR") -> ONWAAR | H14: =IF(ISBLANK(D[[#This Row],[DSS_GRONDSOORT]]),"ONWAAR","WAAR") -> ONWAAR | I14: =IF(ISBLANK(D[[#This Row],[TXT_SS_GRONDSOORT]]),"ONWAAR","WAAR") -> ONWAAR | J14: bo_36-5_1002+002_kr_4b | L14: Uitvoeren grondonderzoek, verkenning en planuitwerking te Doeveren | M14: 23ZP0747 | P14: Doeveren | V14: 133397.91 | W14: 414057.58 | X14: 6.04 | Y14: bo_36-5_1002+002_kr | Z14: kruin | AA14: 45167 | AB14: bo_36-5_1002+002_kr.pdf | AC14: bo_36-5_1002+002_kr.gef | AD14: Inpijn-Blokpoel | AE14: BBK | AF14: Pulsboring / Ackermann steekbussen gedrukt | AG14: -0.26 | AI14: 4b | AJ14: steekbus 67 mm | AK14: geconditioneerd in gekoelde opslag bij 10 graden Celsius | AL14: 2.29 | AM14: 2.14 | AN14: 3.75 | AO14: 3.9 | AQ14: bo_36-5_1002+002_kr_CLA.pdf | AR14: nvt | AS14: bo_36-5_1002+002_kr_4b | AT14: Inpijn-Blokpoel | AU14: NEN-EN-ISO 14688-1:2019+NEN8990:2020 | AV14: 45279 | AW14: Zand fijn 105-150, siltig, subrond, bolvormig, zwak kalkhoudend, weinig kleilensjes, weinig plantenresten, lichtbruin | AY14: 2.22
A15: 6 | B15: =IF(ISBLANK(D[[#This Row],[CLAS_GRONDSOORT]]),"ONWAAR","WAAR") -> WAAR | C15: =IF(ISBLANK(D[[#This Row],[CLAS_VN_HOOFDNAAM]]),"ONWAAR","WAAR") -> ONWAAR | D15: =IF(ISBLANK(D[[#This Row],[KV_GRONDSOORT]]),"ONWAAR","WAAR") -> ONWAAR | E15: =IF(ISBLANK(D[[#This Row],[CPT_QNET]]),"ONWAAR","WAAR") -> ONWAAR | F15: =IF(ISBLANK(D[[#This Row],[CRS_GRONDSOORT]]),"ONWAAR","WAAR") -> ONWAAR | G15: =IF(ISBLANK(D[[#This Row],[SD_GRONDSOORT]]),"ONWAAR","WAAR") -> ONWAAR | H15: =IF(ISBLANK(D[[#This Row],[DSS_GRONDSOORT]]),"ONWAAR","WAAR") -> ONWAAR | I15: =IF(ISBLANK(D[[#This Row],[TXT_SS_GRONDSOORT]]),"ONWAAR","WAAR") -> ONWAAR | J15: bo_36-5_1002+002_kr_7 | L15: Uitvoeren grondonderzoek, verkenning en planuitwerking te Doeveren | M15: 23ZP0747 | P15: Doeveren | V15: 133397.91 | W15: 414057.58 | X15: 6.04 | Y15: bo_36-5_1002+002_kr | Z15: kruin | AA15: 45167 | AB15: bo_36-5_1002+002_kr.pdf | AC15: bo_36-5_1002+002_kr.gef | AD15: Inpijn-Blokpoel | AE15: BBK | AF15: Pulsboring / Ackermann steekbussen gedrukt | AG15: -0.26 | AI15: 7 | AJ15: steekbus 67 mm | AK15: geconditioneerd in gekoelde opslag bij 10 graden Celsius | AL15: 0.54 | AM15: 0.14 | AN15: 5.5 | AO15: 5.9 | AQ15: bo_36-5_1002+002_kr_CLA.pdf | AR15: nvt | AS15: bo_36-5_1002+002_kr_7 | AT15: Inpijn-Blokpoel | AU15: NEN-EN-ISO 14688-1:2019+NEN8990:2020 | AV15: 45279 | AW15: Zand fijn 150-200, siltig, subhoekig, bolvormig, kalkloos, lichtbruin | AY15: 0.34
A16: 7 | B16: =IF(ISBLANK(D[[#This Row],[CLAS_GRONDSOORT]]),"ONWAAR","WAAR") -> WAAR | C16: =IF(ISBLANK(D[[#This Row],[CLAS_VN_HOOFDNAAM]]),"ONWAAR","WAAR") -> ONWAAR | D16: =IF(ISBLANK(D[[#This Row],[KV_GRONDSOORT]]),"ONWAAR","WAAR") -> ONWAAR | E16: =IF(ISBLANK(D[[#This Row],[CPT_QNET]]),"ONWAAR","WAAR") -> ONWAAR | F16: =IF(ISBLANK(D[[#This Row],[CRS_GRONDSOORT]]),"ONWAAR","WAAR") -> ONWAAR | G16: =IF(ISBLANK(D[[#This Row],[SD_GRONDSOORT]]),"ONWAAR","WAAR") -> ONWAAR | H16: =IF(ISBLANK(D[[#This Row],[DSS_GRONDSOORT]]),"ONWAAR","WAAR") -> ONWAAR | I16: =IF(ISBLANK(D[[#This Row],[TXT_SS_GRONDSOORT]]),"ONWAAR","WAAR") -> ONWAAR | J16: bo_36-5_1002+002_kr_8 | L16: Uitvoeren grondonderzoek, verkenning en planuitwerking te Doeveren | M16: 23ZP0747 | P16: Doeveren | V16: 133397.91 | W16: 414057.58 | X16: 6.04 | Y16: bo_36-5_1002+002_kr | Z16: kruin | AA16: 45167 | AB16: bo_36-5_1002+002_kr.pdf | AC16: bo_36-5_1002+002_kr.gef | AD16: Inpijn-Blokpoel | AE16: BBK | AF16: Pulsboring / Ackermann steekbussen gedrukt | AG16: -0.26 | AI16: 8 | AJ16: steekbus 67 mm | AK16: geconditioneerd in gekoelde opslag bij 10 graden Celsius | AL16: 0.04 | AM16: -0.36 | AN16: 6 | AO16: 6.4 | AQ16: bo_36-5_1002+002_kr_CLA.pdf | AR16: nvt | AS16: bo_36-5_1002+002_kr_8 | AT16: Inpijn-Blokpoel | AU16: NEN-EN-ISO 14688-1:2019+NEN8990:2020 | AV16: 45279 | AW16: Zand fijn 150-200, siltig, subhoekig, bolvormig, kalkloos, weinig kleilensjes, lichtbruin | AY16: -0.16
A17: 8 | B17: =IF(ISBLANK(D[[#This Row],[CLAS_GRONDSOORT]]),"ONWAAR","WAAR") -> WAAR | C17: =IF(ISBLANK(D[[#This Row],[CLAS_VN_HOOFDNAAM]]),"ONWAAR","WAAR") -> ONWAAR | D17: =IF(ISBLANK(D[[#This Row],[KV_GRONDSOORT]]),"ONWAAR","WAAR") -> ONWAAR | E17: =IF(ISBLANK(D[[#This Row],[CPT_QNET]]),"ONWAAR","WAAR") -> ONWAAR | F17: =IF(ISBLANK(D[[#This Row],[CRS_GRONDSOORT]]),"ONWAAR","WAAR") -> WAAR | G17: =IF(ISBLANK(D[[#This Row],[SD_GRONDSOORT]]),"ONWAAR","WAAR") -> ONWAAR | H17: =IF(ISBLANK(D[[#This Row],[DSS_GRONDSOORT]]),"ONWAAR","WAAR") -> ONWAAR | I17: =IF(ISBLANK(D[[#This Row],[TXT_SS_GRONDSOORT]]),"ONWAAR","WAAR") -> WAAR | J17: bo_36-5_1002+002_kr_9a | L17: Uitvoeren grondonderzoek, verkenning en planuitwerking te Doeveren | M17: 23ZP0747 | P17: Doeveren | V17: 133397.91 | W17: 414057.58 | X17: 6.04 | Y17: bo_36-5_1002+002_kr | Z17: kruin | AA17: 45167 | AB17: bo_36-5_1002+002_kr.pdf | AC17: bo_36-5_1002+002_kr.gef | AD17: Inpijn-Blokpoel | AE17: BBK | AF17: Pulsboring / Ackermann steekbussen gedrukt | AG17: -0.26 | AI17: 9a | AJ17: steekbus 67 mm | AK17: geconditioneerd in gekoelde opslag bij 10 graden Celsius | AL17: -0.46 | AM17: -0.76 | AN17: 6.5 | AO17: 6.8 | AQ17: bo_36-5_1002+002_kr_CLA.pdf | AR17: nvt | AS17: bo_36-5_1002+002_kr_9a | AT17: Inpijn-Blokpoel | AU17: NEN-EN-ISO 14688-1:2019+NEN8990:2020 | AV17: 45279 | AW17: Klei, stevig, sterk zandig, zwak organisch, matig plastisch, kalkloos, weinig veenbrokken, donkergrijs | AY17: -0.51 | AZ17: 17 | BA17: 11.7 | BB17: 45.7 | EA17: bo_36-5_1002+002_kr_9a-C05.pdf | EB17: bo_36-5_1002+002_kr_9a-C05.txt | EC17: bo_36-5_1002+002_kr_9a-C05 | ED17: Inpijn-Blokpoel ingenieursbureau | EE17: ASTM D4186M/D4186M-12 | EF17: 45183 | EG17: Klei | EH17: sterk organisch | EI17: -0.48 | EJ17: 122.9 | EK17: 14.06 | EL17: 7 | EM17: 100.9 | EN17: 55.57 | EO17: 102.1 | EP17: 21.7 | EQ17: 19.8 | ER17: 65.44 | ES17: 18.8 | ET17: 18.46 | EU17: 10.66 | EV17: 0.5 | EW17: -0.2 | EX17: 16 | EY17: 726.8 | EZ17: 549 | FA17: 436.9 | FB17: 244.5 | FC17: 1227 | FD17: 1.98 | FE17: 157.6 | FF17: 19.92 | FG17: 865.5 | FH17: 0.0127 | FI17: 0.186 | FJ17: 0.012 | NH17: bo_36-5_1002+002_kr_9a-TO05.pdf | NI17: bo_36-5_1002+002_kr_9a-TO05.txt | NJ17: bo_36-5_1002+002_kr_9a-TO05 | NK17: Inpijn-Blokpoel ingenieursbureau | NL17: NEN-EN-ISO 17892-9:2018 | NM17: 45198 | NN17: Klei, sterk zandig | NP17: -0.51 | NQ17: 122.9 | NR17: 16.99 | NS17: 11.66 | NT17: 44.32 | NU17: 45.69 | NV17: 108.83 | NW17: 1 | NX17: 2373 | NY17: 21.3 | NZ17: 21.3 | OA17: 50 | OB17: 100 | OC17: CaU | OD17: Volgens NEN-EN-ISO 17892-9:2018 | OE17: Drainagepapier volgens NEN-EN-ISO 17892-9:2018 | OF17: 299 | OG17: Eerst isotroop vervolgens anisotroop | OH17: 0.62 | OI17: Pore pressure mag niet meer dan 3 kPa oplopen in 30 minuten | OJ17: 76.88 | OK17: 0.88 | OL17: 98.66 | OM17: 23.77 | ON17: 98.66 | OO17: 23.77 | OP17: 1 | OQ17: 3.27 | OR17: 9.14 | OS17: 25% rek of einde slag ram/verplaatsingsopnemer | OT17: 0.93 | OU17: 96.77 | OV17: 55.08 | OW17: 91.11 | OX17: 56.32 | OY17: 82.85 | OZ17: 52.56 | PA17: 91.25 | PB17: 56.35 | PC17: 4.92 | PD17: 75.73 | PE17: 47.34 | PF17: 25 | PG17: 27.77 | PH17: 0.12 | PI17: 0.36
A18: 9 | B18: =IF(ISBLANK(D[[#This Row],[CLAS_GRONDSOORT]]),"ONWAAR","WAAR") -> WAAR | C18: =IF(ISBLANK(D[[#This Row],[CLAS_VN_HOOFDNAAM]]),"ONWAAR","WAAR") -> ONWAAR | D18: =IF(ISBLANK(D[[#This Row],[KV_GRONDSOORT]]),"ONWAAR","WAAR") -> ONWAAR | E18: =IF(ISBLANK(D[[#This Row],[CPT_QNET]]),"ONWAAR","WAAR") -> ONWAAR | F18: =IF(ISBLANK(D[[#This Row],[CRS_GRONDSOORT]]),"ONWAAR","WAAR") -> ONWAAR | G18: =IF(ISBLANK(D[[#This Row],[SD_GRONDSOORT]]),"ONWAAR","WAAR") -> ONWAAR | H18: =IF(ISBLANK(D[[#This Row],[DSS_GRONDSOORT]]),"ONWAAR","WAAR") -> ONWAAR | I18: =IF(ISBLANK(D[[#This Row],[TXT_SS_GRONDSOORT]]),"ONWAAR","WAAR") -> ONWAAR | J18: bo_36-5_1002+002_kr_9b | L18: Uitvoeren grondonderzoek, verkenning en planuitwerking te Doeveren | M18: 23ZP0747 | P18: Doeveren | V18: 133397.91 | W18: 414057.58 | X18: 6.04 | Y18: bo_36-5_1002+002_kr | Z18: kruin | AA18: 45167 | AB18: bo_36-5_1002+002_kr.pdf | AC18: bo_36-5_1002+002_kr.gef | AD18: Inpijn-Blokpoel | AE18: BBK | AF18: Pulsboring / Ackermann steekbussen gedrukt | AG18: -0.26 | AI18: 9b | AJ18: steekbus 67 mm | AK18: geconditioneerd in gekoelde opslag bij 10 graden Celsius | AL18: -0.76 | AM18: -0.86 | AN18: 6.8 | AO18: 6.9 | AQ18: bo_36-5_1002+002_kr_CLA.pdf | AR18: nvt | AS18: bo_36-5_1002+002_kr_9b | AT18: Inpijn-Blokpoel | AU18: NEN-EN-ISO 14688-1:2019+NEN8990:2020 | AV18: 45279 | AW18: Klei, stevig, sterk zandig, zwak organisch, weinig plastisch, kalkloos, weinig zandlensjes, donkergrijs | AY18: -0.79 | AZ18: 19.9 | BA18: 16.2 | BB18: 22.6
A19: 10 | B19: =IF(ISBLANK(D[[#This Row],[CLAS_GRONDSOORT]]),"ONWAAR","WAAR") -> WAAR | C19: =IF(ISBLANK(D[[#This Row],[CLAS_VN_HOOFDNAAM]]),"ONWAAR","WAAR") -> ONWAAR | D19: =IF(ISBLANK(D[[#This Row],[KV_GRONDSOORT]]),"ONWAAR","WAAR") -> ONWAAR | E19: =IF(ISBLANK(D[[#This Row],[CPT_QNET]]),"ONWAAR","WAAR") -> ONWAAR | F19: =IF(ISBLANK(D[[#This Row],[CRS_GRONDSOORT]]),"ONWAAR","WAAR") -> ONWAAR | G19: =IF(ISBLANK(D[[#This Row],[SD_GRONDSOORT]]),"ONWAAR","WAAR") -> ONWAAR | H19: =IF(ISBLANK(D[[#This Row],[DSS_GRONDSOORT]]),"ONWAAR","WAAR") -> ONWAAR | I19: =IF(ISBLANK(D[[#This Row],[TXT_SS_GRONDSOORT]]),"ONWAAR","WAAR") -> ONWAAR | J19: bo_36-5_964+006_kr_1 | L19: Uitvoeren grondonderzoek, verkenning en planuitwerking te Doeveren | M19: 23ZP0747 | P19: Doeveren | V19: 136410 | W19: 416228.74 | X19: 8.56 | Y19: bo_36-5_964+006_kr | Z19: kruin | AA19: 45162 | AB19: bo_36-5_964+006_kr.pdf | AC19: bo_36-5_964+006_kr.gef | AD19: Inpijn-Blokpoel | AE19: BWN | AF19: Pulsboring / Ackermann steekbussen gedrukt | AG19: 1.06 | AI19: 1 | AJ19: steekbus 67 mm | AK19: geconditioneerd in gekoelde opslag bij 10 graden Celsius | AL19: 7.76 | AM19: 7.36 | AN19: 0.8 | AO19: 1.2 | AQ19: bo_36-5_964+006_kr_CLA.pdf | AR19: nvt | AS19: bo_36-5_964+006_kr_1 | AT19: Inpijn-Blokpoel | AU19: NEN-EN-ISO 14688-1:2019+NEN8990:2020 | AV19: 45279 | AW19: Zand fijn 105-150, siltig, subhoekig, bolvormig, kalkloos, weinig kleilensjes, weinig puin, lichtbruin | AY19: 7.69 | AZ19: 18.3 | BA19: 14.5 | BB19: 26
A20: 11 | B20: =IF(ISBLANK(D[[#This Row],[CLAS_GRONDSOORT]]),"ONWAAR","WAAR") -> WAAR | C20: =IF(ISBLANK(D[[#This Row],[CLAS_VN_HOOFDNAAM]]),"ONWAAR","WAAR") -> ONWAAR | D20: =IF(ISBLANK(D[[#This Row],[KV_GRONDSOORT]]),"ONWAAR","WAAR") -> ONWAAR | E20: =IF(ISBLANK(D[[#This Row],[CPT_QNET]]),"ONWAAR","WAAR") -> ONWAAR | F20: =IF(ISBLANK(D[[#This Row],[CRS_GRONDSOORT]]),"ONWAAR","WAAR") -> ONWAAR | G20: =IF(ISBLANK(D[[#This Row],[SD_GRONDSOORT]]),"ONWAAR","WAAR") -> ONWAAR | H20: =IF(ISBLANK(D[[#This Row],[DSS_GRONDSOORT]]),"ONWAAR","WAAR") -> ONWAAR | I20: =IF(ISBLANK(D[[#This Row],[TXT_SS_GRONDSOORT]]),"ONWAAR","WAAR") -> ONWAAR | J20: bo_36-5_964+006_kr_2a | L20: Uitvoeren grondonderzoek, verkenning en planuitwerking te Doeveren | M20: 23ZP0747 | P20: Doeveren | V20: 136410 | W20: 416228.74 | X20: 8.56 | Y20: bo_36-5_964+006_kr | Z20: kruin | AA20: 45162 | AB20: bo_36-5_964+006_kr.pdf | AC20: bo_36-5_964+006_kr.gef | AD20: Inpijn-Blokpoel | AE20: BWN | AF20: Pulsboring / Ackermann steekbussen gedrukt | AG20: 1.06 | AI20: 2a | AJ20: steekbus 67 mm | AK20: geconditioneerd in gekoelde opslag bij 10 graden Celsius | AL20: 6.76 | AM20: 6.66 | AN20: 1.8 | AO20: 1.9 | AQ20: bo_36-5_964+006_kr_CLA.pdf | AR20: nvt | AS20: bo_36-5_964+006_kr_2a | AT20: Inpijn-Blokpoel | AU20: NEN-EN-ISO 14688-1:2019+NEN8990:2020 | AV20: 45279 | AW20: Klei, stevig, sterk zandig, weinig plastisch, kalkloos, weinig zandlensjes, weinig plantenresten, standaardgrijs | AY20: 6.73 | AZ20: 19.8 | BA20: 16.1 | BB20: 22.3
A21: 12 | B21: =IF(ISBLANK(D[[#This Row],[CLAS_GRONDSOORT]]),"ONWAAR","WAAR") -> WAAR | C21: =IF(ISBLANK(D[[#This Row],[CLAS_VN_HOOFDNAAM]]),"ONWAAR","WAAR") -> ONWAAR | D21: =IF(ISBLANK(D[[#This Row],[KV_GRONDSOORT]]),"ONWAAR","WAAR") -> ONWAAR | E21: =IF(ISBLANK(D[[#This Row],[CPT_QNET]]),"ONWAAR","WAAR") -> ONWAAR | F21: =IF(ISBLANK(D[[#This Row],[CRS_GRONDSOORT]]),"ONWAAR","WAAR") -> ONWAAR | G21: =IF(ISBLANK(D[[#This Row],[SD_GRONDSOORT]]),"ONWAAR","WAAR") -> ONWAAR | H21: =IF(ISBLANK(D[[#This Row],[DSS_GRONDSOORT]]),"ONWAAR","WAAR") -> ONWAAR | I21: =IF(ISBLANK(D[[#This Row],[TXT_SS_GRONDSOORT]]),"ONWAAR","WAAR") -> ONWAAR | J21: bo_36-5_964+006_kr_2b | L21: Uitvoeren grondonderzoek, verkenning en planuitwerking te Doeveren | M21: 23ZP0747 | P21: Doeveren | V21: 136410 | W21: 416228.74 | X21: 8.56 | Y21: bo_36-5_964+006_kr | Z21: kruin | AA21: 45162 | AB21: bo_36-5_964+006_kr.pdf | AC21: bo_36-5_964+006_kr.gef | AD21: Inpijn-Blokpoel | AE21: BWN | AF21: Pulsboring / Ackermann steekbussen gedrukt | AG21: 1.06 | AI21: 2b | AJ21: steekbus 67 mm | AK21: geconditioneerd in gekoelde opslag bij 10 graden Celsius | AL21: 6.66 | AM21: 6.36 | AN21: 1.9 | AO21: 2.2 | AQ21: bo_36-5_964+006_kr_CLA.pdf | AR21: nvt | AS21: bo_36-5_964+006_kr_2b | AT21: Inpijn-Blokpoel | AU21: NEN-EN-ISO 14688-1:2019+NEN8990:2020 | AV21: 45279 | AW21: Zand fijn 105-150, siltig, subhoekig, bolvormig, kalkloos, weinig kleilensjes, weinig plantenresten, lichtbruin | AY21: 6.51
A22: 13 | B22: =IF(ISBLANK(D[[#This Row],[CLAS_GRONDSOORT]]),"ONWAAR","WAAR") -> WAAR | C22: =IF(ISBLANK(D[[#This Row],[CLAS_VN_HOOFDNAAM]]),"ONWAAR","WAAR") -> ONWAAR | D22: =IF(ISBLANK(D[[#This Row],[KV_GRONDSOORT]]),"ONWAAR","WAAR") -> ONWAAR | E22: =IF(ISBLANK(D[[#This Row],[CPT_QNET]]),"ONWAAR","WAAR") -> ONWAAR | F22: =IF(ISBLANK(D[[#This Row],[CRS_GRONDSOORT]]),"ONWAAR","WAAR") -> ONWAAR | G22: =IF(ISBLANK(D[[#This Row],[SD_GRONDSOORT]]),"ONWAAR","WAAR") -> ONWAAR | H22: =IF(ISBLANK(D[[#This Row],[DSS_GRONDSOORT]]),"ONWAAR","WAAR") -> ONWAAR | I22: =IF(ISBLANK(D[[#This Row],[TXT_SS_GRONDSOORT]]),"ONWAAR","WAAR") -> ONWAAR | J22: bo_36-5_964+006_kr_3a | L22: Uitvoeren grondonderzoek, verkenning en planuitwerking te Doeveren | M22: 23ZP0747 | P22: Doeveren | V22: 136410 | W22: 416228.74 | X22: 8.56 | Y22: bo_36-5_964+006_kr | Z22: kruin | AA22: 45162 | AB22: bo_36-5_964+006_kr.pdf | AC22: bo_36-5_964+006_kr.gef | AD22: Inpijn-Blokpoel | AE22: BWN | AF22: Pulsboring / Ackermann steekbussen gedrukt | AG22: 1.06 | AI22: 3a | AJ22: steekbus 67 mm | AK22: geconditioneerd in gekoelde opslag bij 10 graden Celsius | AL22: 5.76 | AM22: 5.56 | AN22: 2.8 | AO22: 3 | AQ22: bo_36-5_964+006_kr_CLA.pdf | AR22: nvt | AS22: bo_36-5_964+006_kr_3a | AT22: Inpijn-Blokpoel | AU22: NEN-EN-ISO 14688-1:2019+NEN8990:2020 | AV22: 45279 | AW22: Klei, stevig, sterk zandig, weinig plastisch, kalkloos, weinig zandlensjes, weinig plantenresten, standaardgrijs | AY22: 5.66
A23: 14 | B23: =IF(ISBLANK(D[[#This Row],[CLAS_GRONDSOORT]]),"ONWAAR","WAAR") -> WAAR | C23: =IF(ISBLANK(D[[#This Row],[CLAS_VN_HOOFDNAAM]]),"ONWAAR","WAAR") -> ONWAAR | D23: =IF(ISBLANK(D[[#This Row],[KV_GRONDSOORT]]),"ONWAAR","WAAR") -> ONWAAR | E23: =IF(ISBLANK(D[[#This Row],[CPT_QNET]]),"ONWAAR","WAAR") -> ONWAAR | F23: =IF(ISBLANK(D[[#This Row],[CRS_GRONDSOORT]]),"ONWAAR","WAAR") -> ONWAAR | G23: =IF(ISBLANK(D[[#This Row],[SD_GRONDSOORT]]),"ONWAAR","WAAR") -> ONWAAR | H23: =IF(ISBLANK(D[[#This Row],[DSS_GRONDSOORT]]),"ONWAAR","WAAR") -> ONWAAR | I23: =IF(ISBLANK(D[[#This Row],[TXT_SS_GRONDSOORT]]),"ONWAAR","WAAR") -> ONWAAR | J23: bo_36-5_964+006_kr_3b | L23: Uitvoeren grondonderzoek, verkenning en planuitwerking te Doeveren | M23: 23ZP0747 | P23: Doeveren | V23: 136410 | W23: 416228.74 | X23: 8.56 | Y23: bo_36-5_964+006_kr | Z23: kruin | AA23: 45162 | AB23: bo_36-5_964+006_kr.pdf | AC23: bo_36-5_964+006_kr.gef | AD23: Inpijn-Blokpoel | AE23: BWN | AF23: Pulsboring / Ackermann steekbussen gedrukt | AG23: 1.06 | AI23: 3b | AJ23: steekbus 67 mm | AK23: geconditioneerd in gekoelde opslag bij 10 graden Celsius | AL23: 5.56 | AM23: 5.36 | AN23: 3 | AO23: 3.2 | AQ23: bo_36-5_964+006_kr_CLA.pdf | AR23: nvt | AS23: bo_36-5_964+006_kr_3b | AT23: Inpijn-Blokpoel | AU23: NEN-EN-ISO 14688-1:2019+NEN8990:2020 | AV23: 45279 | AW23: Zand fijn 105-150, siltig, subhoekig, bolvormig, kalkloos, weinig kleilensjes, lichtbruin | AY23: 5.46
A24: 15 | B24: =IF(ISBLANK(D[[#This Row],[CLAS_GRONDSOORT]]),"ONWAAR","WAAR") -> WAAR | C24: =IF(ISBLANK(D[[#This Row],[CLAS_VN_HOOFDNAAM]]),"ONWAAR","WAAR") -> ONWAAR | D24: =IF(ISBLANK(D[[#This Row],[KV_GRONDSOORT]]),"ONWAAR","WAAR") -> ONWAAR | E24: =IF(ISBLANK(D[[#This Row],[CPT_QNET]]),"ONWAAR","WAAR") -> ONWAAR | F24: =IF(ISBLANK(D[[#This Row],[CRS_GRONDSOORT]]),"ONWAAR","WAAR") -> ONWAAR | G24: =IF(ISBLANK(D[[#This Row],[SD_GRONDSOORT]]),"ONWAAR","WAAR") -> ONWAAR | H24: =IF(ISBLANK(D[[#This Row],[DSS_GRONDSOORT]]),"ONWAAR","WAAR") -> ONWAAR | I24: =IF(ISBLANK(D[[#This Row],[TXT_SS_GRONDSOORT]]),"ONWAAR","WAAR") -> ONWAAR | J24: bo_36-5_964+006_kr_4 | L24: Uitvoeren grondonderzoek, verkenning en planuitwerking te Doeveren | M24: 23ZP0747 | P24: Doeveren | V24: 136410 | W24: 416228.74 | X24: 8.56 | Y24: bo_36-5_964+006_kr | Z24: kruin | AA24: 45162 | AB24: bo_36-5_964+006_kr.pdf | AC24: bo_36-5_964+006_kr.gef | AD24: Inpijn-Blokpoel | AE24: BWN | AF24: Pulsboring / Ackermann steekbussen gedrukt | AG24: 1.06 | AI24: 4 | AJ24: steekbus 67 mm | AK24: geconditioneerd in gekoelde opslag bij 10 graden Celsius | AL24: 5.06 | AM24: 4.66 | AN24: 3.5 | AO24: 3.9 | AQ24: bo_36-5_964+006_kr_CLA.pdf | AR24: nvt | AS24: bo_36-5_964+006_kr_4 | AT24: Inpijn-Blokpoel | AU24: NEN-EN-ISO 14688-1:2019+NEN8990:2020 | AV24: 45279 | AW24: Klei, stijf, niet plastisch, kalkloos, weinig zandlensjes, weinig plantenresten, standaardgrijs | AY24: 5 | AZ24: 18.7 | BA24: 14.4 | BB24: 30.3
A25: 16 | B25: =IF(ISBLANK(D[[#This Row],[CLAS_GRONDSOORT]]),"ONWAAR","WAAR") -> WAAR | C25: =IF(ISBLANK(D[[#This Row],[CLAS_VN_HOOFDNAAM]]),"ONWAAR","WAAR") -> ONWAAR | D25: =IF(ISBLANK(D[[#This Row],[KV_GRONDSOORT]]),"ONWAAR","WAAR") -> ONWAAR | E25: =IF(ISBLANK(D[[#This Row],[CPT_QNET]]),"ONWAAR","WAAR") -> ONWAAR | F25: =IF(ISBLANK(D[[#This Row],[CRS_GRONDSOORT]]),"ONWAAR","WAAR") -> ONWAAR | G25: =IF(ISBLANK(D[[#This Row],[SD_GRONDSOORT]]),"ONWAAR","WAAR") -> ONWAAR | H25: =IF(ISBLANK(D[[#This Row],[DSS_GRONDSOORT]]),"ONWAAR","WAAR") -> ONWAAR | I25: =IF(ISBLANK(D[[#This Row],[TXT_SS_GRONDSOORT]]),"ONWAAR","WAAR") -> WAAR | J25: bo_36-5_964+006_kr_5 | L25: Uitvoeren grondonderzoek, verkenning en planuitwerking te Doeveren | M25: 23ZP0747 | P25: Doeveren | V25: 136410 | W25: 416228.74 | X25: 8.56 | Y25: bo_36-5_964+006_kr | Z25: kruin | AA25: 45162 | AB25: bo_36-5_964+006_kr.pdf | AC25: bo_36-5_964+006_kr.gef | AD25: Inpijn-Blokpoel | AE25: BWN | AF25: Pulsboring / Ackermann steekbussen gedrukt | AG25: 1.06 | AI25: 5 | AJ25: steekbus 67 mm | AK25: geconditioneerd in gekoelde opslag bij 10 graden Celsius | AL25: 4.06 | AM25: 3.66 | AN25: 4.5 | AO25: 4.9 | AQ25: bo_36-5_964+006_kr_CLA.pdf | AR25: nvt | AS25: bo_36-5_964+006_kr_5 | AT25: Inpijn-Blokpoel | AU25: NEN-EN-ISO 14688-1:2019+NEN8990:2020 | AV25: 45279 | AW25: Klei, stevig, zwak zandig, zwak organisch, weinig plastisch, kalkloos, weinig zandlensjes, weinig plantenresten, standaardgrijs | AY25: 3.95 | AZ25: 15.7 | BA25: 9.9 | BB25: 58.7 | NH25: bo_36-5_964+006_kr_5-TO03.pdf | NI25: bo_36-5_964+006_kr_5-TO03.txt | NJ25: bo_36-5_964+006_kr_5-TO03 | NK25: Inpijn-Blokpoel ingenieursbureau | NL25: NEN-EN-ISO 17892-9:2018 | NM25: 45182 | NN25: Klei | NO25: zwak zandig | NP25: 3.95 | NQ25: 86.7 | NR25: 15.65 | NS25: 9.86 | NT25: 74.45 | NU25: 58.71 | NV25: 98.04 | NW25: 1.51 | NX25: 2523 | NY25: 21.3 | NZ25: 21.3 | OA25: 50 | OB25: 100 | OC25: CaU | OD25: Volgens NEN-EN-ISO 17892-9:2018 | OE25: Drainagepapier volgens NEN-EN-ISO 17892-9:2018 | OF25: 399 | OG25: Eerst isotroop vervolgens anisotroop | OH25: 0.92 | OI25: Pore pressure mag niet meer dan 3 kPa oplopen in 30 minuten | OJ25: 78.68 | OK25: 0.68 | OL25: 81.35 | OM25: 3.67 | ON25: 81.35 | OO25: 3.67 | OP25: 1 | OQ25: 1.68 | OR25: 3.93 | OS25: 25% rek of einde slag ram/verplaatsingsopnemer | OT25: 0.97 | OU25: 93.65 | OV25: 58.67 | OW25: 92.68 | OX25: 43 | OY25: 103.6 | OZ25: 49.99 | PA25: 94.73 | PB25: 59.34 | PC25: 2.27 | PD25: 111.1 | PE25: 46.05 | PF25: 25 | PG25: 16.25 | PH25: 0.34 | PI25: 0.36
A26: 17 | B26: =IF(ISBLANK(D[[#This Row],[CLAS_GRONDSOORT]]),"ONWAAR","WAAR") -> WAAR | C26: =IF(ISBLANK(D[[#This Row],[CLAS_VN_HOOFDNAAM]]),"ONWAAR","WAAR") -> ONWAAR | D26: =IF(ISBLANK(D[[#This Row],[KV_GRONDSOORT]]),"ONWAAR","WAAR") -> ONWAAR | E26: =IF(ISBLANK(D[[#This Row],[CPT_QNET]]),"ONWAAR","WAAR") -> ONWAAR | F26: =IF(ISBLANK(D[[#This Row],[CRS_GRONDSOORT]]),"ONWAAR","WAAR") -> ONWAAR | G26: =IF(ISBLANK(D[[#This Row],[SD_GRONDSOORT]]),"ONWAAR","WAAR") -> ONWAAR | H26: =IF(ISBLANK(D[[#This Row],[DSS_GRONDSOORT]]),"ONWAAR","WAAR") -> ONWAAR | I26: =IF(ISBLANK(D[[#This Row],[TXT_SS_GRONDSOORT]]),"ONWAAR","WAAR") -> ONWAAR | J26: bo_36-5_964+006_kr_6 | L26: Uitvoeren grondonderzoek, verkenning en planuitwerking te Doeveren | M26: 23ZP0747 | P26: Doeveren | V26: 136410 | W26: 416228.74 | X26: 8.56 | Y26: bo_36-5_964+006_kr | Z26: kruin | AA26: 45162 | AB26: bo_36-5_964+006_kr.pdf | AC26: bo_36-5_964+006_kr.gef | AD26: Inpijn-Blokpoel | AE26: BWN | AF26: Pulsboring / Ackermann steekbussen gedrukt | AG26: 1.06 | AI26: 6 | AJ26: steekbus 67 mm | AK26: geconditioneerd in gekoelde opslag bij 10 graden Celsius | AL26: 3.06 | AM26: 2.66 | AN26: 5.5 | AO26: 5.9 | AQ26: bo_36-5_964+006_kr_CLA.pdf | AR26: nvt | AS26: bo_36-5_964+006_kr_6 | AT26: Inpijn-Blokpoel | AU26: NEN-EN-ISO 14688-1:2019+NEN8990:2020 | AV26: 45279 | AW26: Klei, stevig, sterk zandig, zwak organisch, weinig plastisch, kalkloos, weinig zandlensjes, weinig plantenresten, standaardbruin | AY26: 3.01 | AZ26: 17 | BA26: 11.7 | BB26: 44.9
A27: 18 | B27: =IF(ISBLANK(D[[#This Row],[CLAS_GRONDSOORT]]),"ONWAAR","WAAR") -> WAAR | C27: =IF(ISBLANK(D[[#This Row],[CLAS_VN_HOOFDNAAM]]),"ONWAAR","WAAR") -> ONWAAR | D27: =IF(ISBLANK(D[[#This Row],[KV_GRONDSOORT]]),"ONWAAR","WAAR") -> ONWAAR | E27: =IF(ISBLANK(D[[#This Row],[CPT_QNET]]),"ONWAAR","WAAR") -> ONWAAR | F27: =IF(ISBLANK(D[[#This Row],[CRS_GRONDSOORT]]),"ONWAAR","WAAR") -> ONWAAR | G27: =IF(ISBLANK(D[[#This Row],[SD_GRONDSOORT]]),"ONWAAR","WAAR") -> ONWAAR | H27: =IF(ISBLANK(D[[#This Row],[DSS_GRONDSOORT]]),"ONWAAR","WAAR") -> ONWAAR | I27: =IF(ISBLANK(D[[#This Row],[TXT_SS_GRONDSOORT]]),"ONWAAR","WAAR") -> ONWAAR | J27: bo_36-5_964+006_kr_7a | L27: Uitvoeren grondonderzoek, verkenning en planuitwerking te Doeveren | M27: 23ZP0747 | P27: Doeveren | V27: 136410 | W27: 416228.74 | X27: 8.56 | Y27: bo_36-5_964+006_kr | Z27: kruin | AA27: 45162 | AB27: bo_36-5_964+006_kr.pdf | AC27: bo_36-5_964+006_kr.gef | AD27: Inpijn-Blokpoel | AE27: BWN | AF27: Pulsboring / Ackermann steekbussen gedrukt | AG27: 1.06 | AI27: 7a | AJ27: steekbus 67 mm | AK27: geconditioneerd in gekoelde opslag bij 10 graden Celsius | AL27: 2.06 | AM27: 1.96 | AN27: 6.5 | AO27: 6.6 | AQ27: bo_36-5_964+006_kr_CLA.pdf | AR27: nvt | AS27: bo_36-5_964+006_kr_7a | AT27: Inpijn-Blokpoel | AU27: NEN-EN-ISO 14688-1:2019+NEN8990:2020 | AV27: 45279 | AW27: Klei, stevig, zwak zandig, zwak organisch, weinig plastisch, kalkloos, weinig zandlensjes, weinig plantenresten, donkergrijs | AY27: 2 | AZ27: 18.8 | BA27: 14.7 | BB27: 28.3
A28: 19 | B28: =IF(ISBLANK(D[[#This Row],[CLAS_GRONDSOORT]]),"ONWAAR","WAAR") -> WAAR | C28: =IF(ISBLANK(D[[#This Row],[CLAS_VN_HOOFDNAAM]]),"ONWAAR","WAAR") -> ONWAAR | D28: =IF(ISBLANK(D[[#This Row],[KV_GRONDSOORT]]),"ONWAAR","WAAR") -> ONWAAR | E28: =IF(ISBLANK(D[[#This Row],[CPT_QNET]]),"ONWAAR","WAAR") -> ONWAAR | F28: =IF(ISBLANK(D[[#This Row],[CRS_GRONDSOORT]]),"ONWAAR","WAAR") -> ONWAAR | G28: =IF(ISBLANK(D[[#This Row],[SD_GRONDSOORT]]),"ONWAAR","WAAR") -> ONWAAR | H28: =IF(ISBLANK(D[[#This Row],[DSS_GRONDSOORT]]),"ONWAAR","WAAR") -> ONWAAR | I28: =IF(ISBLANK(D[[#This Row],[TXT_SS_GRONDSOORT]]),"ONWAAR","WAAR") -> ONWAAR | J28: bo_36-5_964+006_kr_7b | L28: Uitvoeren grondonderzoek, verkenning en planuitwerking te Doeveren | M28: 23ZP0747 | P28: Doeveren | V28: 136410 | W28: 416228.74 | X28: 8.56 | Y28: bo_36-5_964+006_kr | Z28: kruin | AA28: 45162 | AB28: bo_36-5_964+006_kr.pdf | AC28: bo_36-5_964+006_kr.gef | AD28: Inpijn-Blokpoel | AE28: BWN | AF28: Pulsboring / Ackermann steekbussen gedrukt | AG28: 1.06 | AI28: 7b | AJ28: steekbus 67 mm | AK28: geconditioneerd in gekoelde opslag bij 10 graden Celsius | AL28: 1.96 | AM28: 1.66 | AN28: 6.6 | AO28: 6.9 | AQ28: bo_36-5_964+006_kr_CLA.pdf | AR28: nvt | AS28: bo_36-5_964+006_kr_7b | AT28: Inpijn-Blokpoel | AU28: NEN-EN-ISO 14688-1:2019+NEN8990:2020 | AV28: 45279 | AW28: Zand fijn 150-200, siltig, zwak organisch, subhoekig, bolvormig, kalkloos, weinig kleilensjes, weinig plantenresten, donkergrijs | AY28: 1.81
A29: 20 | B29: =IF(ISBLANK(D[[#This Row],[CLAS_GRONDSOORT]]),"ONWAAR","WAAR") -> WAAR | C29: =IF(ISBLANK(D[[#This Row],[CLAS_VN_HOOFDNAAM]]),"ONWAAR","WAAR") -> ONWAAR | D29: =IF(ISBLANK(D[[#This Row],[KV_GRONDSOORT]]),"ONWAAR","WAAR") -> ONWAAR | E29: =IF(ISBLANK(D[[#This Row],[CPT_QNET]]),"ONWAAR","WAAR") -> ONWAAR | F29: =IF(ISBLANK(D[[#This Row],[CRS_GRONDSOORT]]),"ONWAAR","WAAR") -> ONWAAR | G29: =IF(ISBLANK(D[[#This Row],[SD_GRONDSOORT]]),"ONWAAR","WAAR") -> ONWAAR | H29: =IF(ISBLANK(D[[#This Row],[DSS_GRONDSOORT]]),"ONWAAR","WAAR") -> ONWAAR | I29: =IF(ISBLANK(D[[#This Row],[TXT_SS_GRONDSOORT]]),"ONWAAR","WAAR") -> ONWAAR | J29: bo_36-5_964+006_kr_8 | L29: Uitvoeren grondonderzoek, verkenning en planuitwerking te Doeveren | M29: 23ZP0747 | P29: Doeveren | V29: 136410 | W29: 416228.74 | X29: 8.56 | Y29: bo_36-5_964+006_kr | Z29: kruin | AA29: 45162 | AB29: bo_36-5_964+006_kr.pdf | AC29: bo_36-5_964+006_kr.gef | AD29: Inpijn-Blokpoel | AE29: BWN | AF29: Pulsboring / Ackermann steekbussen gedrukt | AG29: 1.06 | AI29: 8 | AJ29: steekbus 67 mm | AK29: geconditioneerd in gekoelde opslag bij 10 graden Celsius | AL29: 1.06 | AM29: 0.66 | AN29: 7.5 | AO29: 7.9 | AQ29: bo_36-5_964+006_kr_CLA.pdf | AR29: nvt | AS29: bo_36-5_964+006_kr_8 | AT29: Inpijn-Blokpoel | AU29: NEN-EN-ISO 14688-1:2019+NEN8990:2020 | AV29: 45279 | AW29: Klei, stevig, zwak organisch, matig plastisch, kalkloos, weinig plantenresten, standaardgrijs | AY29: 0.91 | AZ29: 15.7 | BA29: 9.7 | BB29: 61
A30: 21 | B30: =IF(ISBLANK(D[[#This Row],[CLAS_GRONDSOORT]]),"ONWAAR","WAAR") -> WAAR | C30: =IF(ISBLANK(D[[#This Row],[CLAS_VN_HOOFDNAAM]]),"ONWAAR","WAAR") -> ONWAAR | D30: =IF(ISBLANK(D[[#This Row],[KV_GRONDSOORT]]),"ONWAAR","WAAR") -> ONWAAR | E30: =IF(ISBLANK(D[[#This Row],[CPT_QNET]]),"ONWAAR","WAAR") -> ONWAAR | F30: =IF(ISBLANK(D[[#This Row],[CRS_GRONDSOORT]]),"ONWAAR","WAAR") -> ONWAAR | G30: =IF(ISBLANK(D[[#This Row],[SD_GRONDSOORT]]),"ONWAAR","WAAR") -> ONWAAR | H30: =IF(ISBLANK(D[[#This Row],[DSS_GRONDSOORT]]),"ONWAAR","WAAR") -> ONWAAR | I30: =IF(ISBLANK(D[[#This Row],[TXT_SS_GRONDSOORT]]),"ONWAAR","WAAR") -> ONWAAR | J30: bo_36-5_964+006_kr_9 | L30: Uitvoeren grondonderzoek, verkenning en planuitwerking te Doeveren | M30: 23ZP0747 | P30: Doeveren | V30: 136410 | W30: 416228.74 | X30: 8.56 | Y30: bo_36-5_964+006_kr | Z30: kruin | AA30: 45162 | AB30: bo_36-5_964+006_kr.pdf | AC30: bo_36-5_964+006_kr.gef | AD30: Inpijn-Blokpoel | AE30: BWN | AF30: Pulsboring / Ackermann steekbussen gedrukt | AG30: 1.06 | AI30: 9 | AJ30: steekbus 67 mm | AK30: geconditioneerd in gekoelde opslag bij 10 graden Celsius | AL30: 0.06 | AM30: -0.34 | AN30: 8.5 | AO30: 8.9 | AQ30: bo_36-5_964+006_kr_CLA.pdf | AR30: nvt | AS30: bo_36-5_964+006_kr_9 | AT30: Inpijn-Blokpoel | AU30: NEN-EN-ISO 14688-1:2019+NEN8990:2020 | AV30: 45279 | AW30: Klei, stevig, sterk zandig, zwak organisch, weinig plastisch, kalkloos, veel zandlensjes, weinig plantenresten, standaardgrijs | AY30: -0.14 | AZ30: 17 | BA30: 10.4 | BB30: 64.4
A31: 22 | B31: =IF(ISBLANK(D[[#This Row],[CLAS_GRONDSOORT]]),"ONWAAR","WAAR") -> WAAR | C31: =IF(ISBLANK(D[[#This Row],[CLAS_VN_HOOFDNAAM]]),"ONWAAR","WAAR") -> ONWAAR | D31: =IF(ISBLANK(D[[#This Row],[KV_GRONDSOORT]]),"ONWAAR","WAAR") -> ONWAAR | E31: =IF(ISBLANK(D[[#This Row],[CPT_QNET]]),"ONWAAR","WAAR") -> ONWAAR | F31: =IF(ISBLANK(D[[#This Row],[CRS_GRONDSOORT]]),"ONWAAR","WAAR") -> WAAR | G31: =IF(ISBLANK(D[[#This Row],[SD_GRONDSOORT]]),"ONWAAR","WAAR") -> ONWAAR | H31: =IF(ISBLANK(D[[#This Row],[DSS_GRONDSOORT]]),"ONWAAR","WAAR") -> ONWAAR | I31: =IF(ISBLANK(D[[#This Row],[TXT_SS_GRONDSOORT]]),"ONWAAR","WAAR") -> WAAR | J31: bo_36-5_964+006_kr_10 | L31: Uitvoeren grondonderzoek, verkenning en planuitwerking te Doeveren | M31: 23ZP0747 | P31: Doeveren | V31: 136410 | W31: 416228.74 | X31: 8.56 | Y31: bo_36-5_964+006_kr | Z31: kruin | AA31: 45162 | AB31: bo_36-5_964+006_kr.pdf | AC31: bo_36-5_964+006_kr.gef | AD31: Inpijn-Blokpoel | AE31: BWN | AF31: Pulsboring / Ackermann steekbussen gedrukt | AG31: 1.06 | AI31: 10 | AJ31: steekbus 67 mm | AK31: geconditioneerd in gekoelde opslag bij 10 graden Celsius | AL31: -0.44 | AM31: -0.84 | AN31: 9 | AO31: 9.4 | AQ31: bo_36-5_964+006_kr_CLA.pdf | AR31: nvt | AS31: bo_36-5_964+006_kr_10 | AT31: Inpijn-Blokpoel | AU31: NEN-EN-ISO 14688-1:2019+NEN8990:2020 | AV31: 45279 | AW31: Klei, stevig, zwak zandig, zwak organisch, weinig plastisch, kalkloos, weinig zandlensjes, weinig plantenresten, standaardgrijs | AY31: -0.56 | AZ31: 17.5 | BA31: 12.3 | BB31: 41.8 | EA31: bo_36-5_964+006_kr_10-C04.pdf | EB31: bo_36-5_964+006_kr_10-C04.txt | EC31: bo_36-5_964+006_kr_10-C04 | ED31: Inpijn-Blokpoel ingenieursbureau | EE31: ASTM D4186M/D4186M-12 | EF31: 45176 | EG31: Klei | EI31: -0.52 | EJ31: 147.8 | EK31: 16.82 | EL31: 11.46 | EM31: 46.81 | EN31: 29.79 | EO31: 97.46 | EP31: 21.7 | EQ31: 19.8 | ER31: 65.35 | ES31: 19 | ET31: 18.82 | EU31: 13.73 | EV31: 0.5 | EW31: -0.2 | EX31: 16 | EY31: 875.9 | EZ31: 737.4 | FA31: 526.2 | FB31: 295.6 | FC31: 1446 | FD31: 2.67 | FE31: 217.4 | FF31: 9.51 | FG31: 1050.5 | FH31: 0.0081 | FI31: 0.1232 | FJ31: 0.0041 | NH31: bo_36-5_964+006_kr_10-TO04.pdf | NI31: bo_36-5_964+006_kr_10-TO04.txt | NJ31: bo_36-5_964+006_kr_10-TO04 | NK31: Inpijn-Blokpoel ingenieursbureau | NL31: NEN-EN-ISO 17892-9:2018 | NM31: 45190 | NN31: Klei | NP31: -0.56 | NQ31: 147.8 | NR31: 17.45 | NS31: 12.31 | NT31: 39.13 | NU31: 41.78 | NV31: 100.98 | NW31: 1.08 | NX31: 2609 | NY31: 21.3 | NZ31: 21.3 | OA31: 50 | OB31: 100 | OC31: CaU | OD31: Volgens NEN-EN-ISO 17892-9:2018 | OE31: Drainagepapier volgens NEN-EN-ISO 17892-9:2018 | OF31: 300 | OG31: Eerst isotroop vervolgens anisotroop | OH31: 0.59 | OI31: Pore pressure mag niet meer dan 3 kPa oplopen in 30 minuten | OJ31: 85.75 | OK31: 0.75 | OL31: 113.7 | OM31: 29.61 | ON31: 113.7 | OO31: 29.61 | OP31: 1 | OQ31: 4.02 | OR31: 8.26 | OS31: 25% rek of einde slag ram/verplaatsingsopnemer | OT31: 0.92 | OU31: 105.1 | OV31: 52.9 | OW31: 102.2 | OX31: 57.84 | OY31: 98.59 | OZ31: 50.7 | PA31: 103.6 | PB31: 58.95 | PC31: 7.46 | PD31: 91.76 | PE31: 43.57 | PF31: 25 | PG31: 8.97 | PH31: 0.33 | PI31: 0.34
A32: 23 | B32: =IF(ISBLANK(D[[#This Row],[CLAS_GRONDSOORT]]),"ONWAAR","WAAR") -> WAAR | C32: =IF(ISBLANK(D[[#This Row],[CLAS_VN_HOOFDNAAM]]),"ONWAAR","WAAR") -> ONWAAR | D32: =IF(ISBLANK(D[[#This Row],[KV_GRONDSOORT]]),"ONWAAR","WAAR") -> ONWAAR | E32: =IF(ISBLANK(D[[#This Row],[CPT_QNET]]),"ONWAAR","WAAR") -> ONWAAR | F32: =IF(ISBLANK(D[[#This Row],[CRS_GRONDSOORT]]),"ONWAAR","WAAR") -> ONWAAR | G32: =IF(ISBLANK(D[[#This Row],[SD_GRONDSOORT]]),"ONWAAR","WAAR") -> ONWAAR | H32: =IF(ISBLANK(D[[#This Row],[DSS_GRONDSOORT]]),"ONWAAR","WAAR") -> ONWAAR | I32: =IF(ISBLANK(D[[#This Row],[TXT_SS_GRONDSOORT]]),"ONWAAR","WAAR") -> ONWAAR | J32: bo_36-5_964+006_kr_11 | L32: Uitvoeren grondonderzoek, verkenning en planuitwerking te Doeveren | M32: 23ZP0747 | P32: Doeveren | V32: 136410 | W32: 416228.74 | X32: 8.56 | Y32: bo_36-5_964+006_kr | Z32: kruin | AA32: 45162 | AB32: bo_36-5_964+006_kr.pdf | AC32: bo_36-5_964+006_kr.gef | AD32: Inpijn-Blokpoel | AE32: BWN | AF32: Pulsboring / Ackermann steekbussen gedrukt | AG32: 1.06 | AI32: 11 | AJ32: steekbus 67 mm | AK32: geconditioneerd in gekoelde opslag bij 10 graden Celsius | AL32: -0.94 | AM32: -1.34 | AN32: 9.5 | AO32: 9.9 | AQ32: bo_36-5_964+006_kr_CLA.pdf | AR32: nvt | AS32: bo_36-5_964+006_kr_11 | AT32: Inpijn-Blokpoel | AU32: NEN-EN-ISO 14688-1:2019+NEN8990:2020 | AV32: 45279 | AW32: Zand fijn 150-200, siltig, subhoekig, bolvormig, zwak kalkhoudend, weinig kleilensjes, standaardgrijs | AY32: -1.14
A33: 24 | B33: =IF(ISBLANK(D[[#This Row],[CLAS_GRONDSOORT]]),"ONWAAR","WAAR") -> WAAR | C33: =IF(ISBLANK(D[[#This Row],[CLAS_VN_HOOFDNAAM]]),"ONWAAR","WAAR") -> ONWAAR | D33: =IF(ISBLANK(D[[#This Row],[KV_GRONDSOORT]]),"ONWAAR","WAAR") -> ONWAAR | E33: =IF(ISBLANK(D[[#This Row],[CPT_QNET]]),"ONWAAR","WAAR") -> ONWAAR | F33: =IF(ISBLANK(D[[#This Row],[CRS_GRONDSOORT]]),"ONWAAR","WAAR") -> ONWAAR | G33: =IF(ISBLANK(D[[#This Row],[SD_GRONDSOORT]]),"ONWAAR","WAAR") -> ONWAAR | H33: =IF(ISBLANK(D[[#This Row],[DSS_GRONDSOORT]]),"ONWAAR","WAAR") -> ONWAAR | I33: =IF(ISBLANK(D[[#This Row],[TXT_SS_GRONDSOORT]]),"ONWAAR","WAAR") -> ONWAAR | J33: bo_36-5_964+006_kr_12 | L33: Uitvoeren grondonderzoek, verkenning en planuitwerking te Doeveren | M33: 23ZP0747 | P33: Doeveren | V33: 136410 | W33: 416228.74 | X33: 8.56 | Y33: bo_36-5_964+006_kr | Z33: kruin | AA33: 45162 | AB33: bo_36-5_964+006_kr.pdf | AC33: bo_36-5_964+006_kr.gef | AD33: Inpijn-Blokpoel | AE33: BWN | AF33: Pulsboring / Ackermann steekbussen gedrukt | AG33: 1.06 | AI33: 12 | AJ33: steekbus 67 mm | AK33: geconditioneerd in gekoelde opslag bij 10 graden Celsius | AL33: -1.44 | AM33: -1.84 | AN33: 10 | AO33: 10.4 | AQ33: bo_36-5_964+006_kr_CLA.pdf | AR33: nvt | AS33: bo_36-5_964+006_kr_12 | AT33: Inpijn-Blokpoel | AU33: NEN-EN-ISO 14688-1:2019+NEN8990:2020 | AV33: 45279 | AW33: Zand middelgrof 200-300, siltig, subhoekig, bolvormig, zwak kalkhoudend, weinig plantenresten, standaardgrijs | AY33: -1.64
A34: 25 | B34: =IF(ISBLANK(D[[#This Row],[CLAS_GRONDSOORT]]),"ONWAAR","WAAR") -> WAAR | C34: =IF(ISBLANK(D[[#This Row],[CLAS_VN_HOOFDNAAM]]),"ONWAAR","WAAR") -> ONWAAR | D34: =IF(ISBLANK(D[[#This Row],[KV_GRONDSOORT]]),"ONWAAR","WAAR") -> WAAR | E34: =IF(ISBLANK(D[[#This Row],[CPT_QNET]]),"ONWAAR","WAAR") -> ONWAAR | F34: =IF(ISBLANK(D[[#This Row],[CRS_GRONDSOORT]]),"ONWAAR","WAAR") -> ONWAAR | G34: =IF(ISBLANK(D[[#This Row],[SD_GRONDSOORT]]),"ONWAAR","WAAR") -> ONWAAR | H34: =IF(ISBLANK(D[[#This Row],[DSS_GRONDSOORT]]),"ONWAAR","WAAR") -> ONWAAR | I34: =IF(ISBLANK(D[[#This Row],[TXT_SS_GRONDSOORT]]),"ONWAAR","WAAR") -> ONWAAR | J34: bo_36-5_964+006_kr_13 | L34: Uitvoeren grondonderzoek, verkenning en planuitwerking te Doeveren | M34: 23ZP0747 | P34: Doeveren | V34: 136410 | W34: 416228.74 | X34: 8.56 | Y34: bo_36-5_964+006_kr | Z34: kruin | AA34: 45162 | AB34: bo_36-5_964+006_kr.pdf | AC34: bo_36-5_964+006_kr.gef | AD34: Inpijn-Blokpoel | AE34: BWN | AF34: Pulsboring / Ackermann steekbussen gedrukt | AG34: 1.06 | AI34: 13 | AJ34: steekbus 67 mm | AK34: geconditioneerd in gekoelde opslag bij 10 graden Celsius | AL34: -1.94 | AM34: -2.34 | AN34: 10.5 | AO34: 10.9 | AQ34: bo_36-5_964+006_kr_CLA.pdf | AR34: nvt | AS34: bo_36-5_964+006_kr_13 | AT34: Inpijn-Blokpoel | AU34: NEN-EN-ISO 14688-1:2019+NEN8990:2020 | AV34: 45279 | AW34: Zand middelgrof 200-300, siltig, subhoekig, bolvormig, zwak kalkhoudend, standaardgrijs | AY34: -2.14 | CE34: bo_36-5_964+006_kr_13-KVD | CF34: nvt | CG34: bo_36-5_964+006_kr_13 | CH34: Inpijn-Blokpoel | CI34: NEN-EN-ISO 17892-4:2016 | CJ34: 45212 | CK34: Zand, middelgrof 300-420 | CM34: 308 | CN34: 305 | CO34: 0 | CP34: 97.62 | CQ34: 1.38 | CR34: 100 | CS34: 100 | CT34: 100 | CU34: 100 | CV34: 100 | CW34: 100 | CX34: 99.85 | CY34: 96.02 | CZ34: 24.06 | DA34: 7.51 | DB34: 3.3 | DC34: 2.38 | DD34: 1.7 | DE34: 1.56 | DF34: 1.5 | DG34: 1 | DH34: 349 | DI34: 328 | DJ34: 308 | DK34: 200 | DL34: 1.65
A35: 26 | B35: =IF(ISBLANK(D[[#This Row],[CLAS_GRONDSOORT]]),"ONWAAR","WAAR") -> WAAR | C35: =IF(ISBLANK(D[[#This Row],[CLAS_VN_HOOFDNAAM]]),"ONWAAR","WAAR") -> ONWAAR | D35: =IF(ISBLANK(D[[#This Row],[KV_GRONDSOORT]]),"ONWAAR","WAAR") -> ONWAAR | E35: =IF(ISBLANK(D[[#This Row],[CPT_QNET]]),"ONWAAR","WAAR") -> ONWAAR | F35: =IF(ISBLANK(D[[#This Row],[CRS_GRONDSOORT]]),"ONWAAR","WAAR") -> ONWAAR | G35: =IF(ISBLANK(D[[#This Row],[SD_GRONDSOORT]]),"ONWAAR","WAAR") -> ONWAAR | H35: =IF(ISBLANK(D[[#This Row],[DSS_GRONDSOORT]]),"ONWAAR","WAAR") -> ONWAAR | I35: =IF(ISBLANK(D[[#This Row],[TXT_SS_GRONDSOORT]]),"ONWAAR","WAAR") -> ONWAAR | J35: bo_36-5_964+006_kr_14a | L35: Uitvoeren grondonderzoek, verkenning en planuitwerking te Doeveren | M35: 23ZP0747 | P35: Doeveren | V35: 136410 | W35: 416228.74 | X35: 8.56 | Y35: bo_36-5_964+006_kr | Z35: kruin | AA35: 45162 | AB35: bo_36-5_964+006_kr.pdf | AC35: bo_36-5_964+006_kr.gef | AD35: Inpijn-Blokpoel | AE35: BWN | AF35: Pulsboring / Ackermann steekbussen gedrukt | AG35: 1.06 | AI35: 14a | AJ35: steekbus 67 mm | AK35: geconditioneerd in gekoelde opslag bij 10 graden Celsius | AL35: -8.44 | AM35: -8.66 | AN35: 17 | AO35: 17.22 | AQ35: bo_36-5_964+006_kr_CLA.pdf | AR35: nvt | AS35: bo_36-5_964+006_kr_14a | AT35: Inpijn-Blokpoel | AU35: NEN-EN-ISO 14688-1:2019+NEN8990:2020 | AV35: 45279 | AW35: Klei, slap, sterk zandig, weinig plastisch, kalkloos, weinig zandlensjes, standaardgrijs | AY35: -8.73 | AZ35: 18.8 | BA35: 14.2 | BB35: 32.2
A36: 27 | B36: =IF(ISBLANK(D[[#This Row],[CLAS_GRONDSOORT]]),"ONWAAR","WAAR") -> WAAR | C36: =IF(ISBLANK(D[[#This Row],[CLAS_VN_HOOFDNAAM]]),"ONWAAR","WAAR") -> ONWAAR | D36: =IF(ISBLANK(D[[#This Row],[KV_GRONDSOORT]]),"ONWAAR","WAAR") -> WAAR | E36: =IF(ISBLANK(D[[#This Row],[CPT_QNET]]),"ONWAAR","WAAR") -> ONWAAR | F36: =IF(ISBLANK(D[[#This Row],[CRS_GRONDSOORT]]),"ONWAAR","WAAR") -> ONWAAR | G36: =IF(ISBLANK(D[[#This Row],[SD_GRONDSOORT]]),"ONWAAR","WAAR") -> ONWAAR | H36: =IF(ISBLANK(D[[#This Row],[DSS_GRONDSOORT]]),"ONWAAR","WAAR") -> ONWAAR | I36: =IF(ISBLANK(D[[#This Row],[TXT_SS_GRONDSOORT]]),"ONWAAR","WAAR") -> ONWAAR | J36: bo_36-5_964+006_kr_14b | L36: Uitvoeren grondonderzoek, verkenning en planuitwerking te Doeveren | M36: 23ZP0747 | P36: Doeveren | V36: 136410 | W36: 416228.74 | X36: 8.56 | Y36: bo_36-5_964+006_kr | Z36: kruin | AA36: 45162 | AB36: bo_36-5_964+006_kr.pdf | AC36: bo_36-5_964+006_kr.gef | AD36: Inpijn-Blokpoel | AE36: BWN | AF36: Pulsboring / Ackermann steekbussen gedrukt | AG36: 1.06 | AI36: 14b | AJ36: steekbus 67 mm | AK36: geconditioneerd in gekoelde opslag bij 10 graden Celsius | AL36: -8.66 | AM36: -8.84 | AN36: 17.22 | AO36: 17.4 | AQ36: bo_36-5_964+006_kr_CLA.pdf | AR36: nvt | AS36: bo_36-5_964+006_kr_14b | AT36: Inpijn-Blokpoel | AU36: NEN-EN-ISO 14688-1:2019+NEN8990:2020 | AV36: 45279 | AW36: Zand fijn 105-150, siltig, subhoekig, bolvormig, kalkloos, weinig kleilensjes, standaardgrijs | AY36: -8.75 | BI36: 3.3 | BM36: 6.2530041e-06 | CE36: bo_36-5_964+006_kr_14b-KVD | CF36: nvt | CG36: bo_36-5_964+006_kr_14b | CH36: Inpijn-Blokpoel | CI36: NEN-EN-ISO 17892-4:2016 | CJ36: 45212 | CK36: Zand, middelgrof 200-300, siltig | CM36: 232 | CN36: 207 | CO36: 0.01 | CP36: 85.87 | CQ36: 10.92 | CR36: 100 | CS36: 100 | CT36: 100 | CU36: 100 | CV36: 100 | CW36: 99.99 | CX36: 99.23 | CY36: 95.39 | CZ36: 62.28 | DA36: 42.46 | DB36: 25.1 | DC36: 14.12 | DD36: 6.7 | DE36: 4.87 | DF36: 4 | DG36: 3.2 | DH36: 300 | DI36: 264 | DJ36: 232 | DK36: 113 | DL36: 2.34
A37: 28 | B37: =IF(ISBLANK(D[[#This Row],[CLAS_GRONDSOORT]]),"ONWAAR","WAAR") -> WAAR | C37: =IF(ISBLANK(D[[#This Row],[CLAS_VN_HOOFDNAAM]]),"ONWAAR","WAAR") -> ONWAAR | D37: =IF(ISBLANK(D[[#This Row],[KV_GRONDSOORT]]),"ONWAAR","WAAR") -> ONWAAR | E37: =IF(ISBLANK(D[[#This Row],[CPT_QNET]]),"ONWAAR","WAAR") -> ONWAAR | F37: =IF(ISBLANK(D[[#This Row],[CRS_GRONDSOORT]]),"ONWAAR","WAAR") -> ONWAAR | G37: =IF(ISBLANK(D[[#This Row],[SD_GRONDSOORT]]),"ONWAAR","WAAR") -> ONWAAR | H37: =IF(ISBLANK(D[[#This Row],[DSS_GRONDSOORT]]),"ONWAAR","WAAR") -> ONWAAR | I37: =IF(ISBLANK(D[[#This Row],[TXT_SS_GRONDSOORT]]),"ONWAAR","WAAR") -> ONWAAR | J37: bo_36-5_964+006_kr_15 | L37: Uitvoeren grondonderzoek, verkenning en planuitwerking te Doeveren | M37: 23ZP0747 | P37: Doeveren | V37: 136410 | W37: 416228.74 | X37: 8.56 | Y37: bo_36-5_964+006_kr | Z37: kruin | AA37: 45162 | AB37: bo_36-5_964+006_kr.pdf | AC37: bo_36-5_964+006_kr.gef | AD37: Inpijn-Blokpoel | AE37: BWN | AF37: Pulsboring / Ackermann steekbussen gedrukt | AG37: 1.06 | AI37: 15 | AJ37: steekbus 67 mm | AK37: geconditioneerd in gekoelde opslag bij 10 graden Celsius | AL37: -10.44 | AM37: -10.84 | AN37: 19 | AO37: 19.4 | AQ37: bo_36-5_964+006_kr_CLA.pdf | AR37: nvt | AS37: bo_36-5_964+006_kr_15 | AT37: Inpijn-Blokpoel | AU37: NEN-EN-ISO 14688-1:2019+NEN8990:2020 | AV37: 45279 | AW37: Zand fijn 105-150, siltig, zwak organisch, subhoekig, bolvormig, kalkloos, weinig kleibrokken, weinig plantenresten, standaardgrijs | AY37: -10.64
A38: 29 | B38: =IF(ISBLANK(D[[#This Row],[CLAS_GRONDSOORT]]),"ONWAAR","WAAR") -> WAAR | C38: =IF(ISBLANK(D[[#This Row],[CLAS_VN_HOOFDNAAM]]),"ONWAAR","WAAR") -> ONWAAR | D38: =IF(ISBLANK(D[[#This Row],[KV_GRONDSOORT]]),"ONWAAR","WAAR") -> ONWAAR | E38: =IF(ISBLANK(D[[#This Row],[CPT_QNET]]),"ONWAAR","WAAR") -> ONWAAR | F38: =IF(ISBLANK(D[[#This Row],[CRS_GRONDSOORT]]),"ONWAAR","WAAR") -> ONWAAR | G38: =IF(ISBLANK(D[[#This Row],[SD_GRONDSOORT]]),"ONWAAR","WAAR") -> ONWAAR | H38: =IF(ISBLANK(D[[#This Row],[DSS_GRONDSOORT]]),"ONWAAR","WAAR") -> ONWAAR | I38: =IF(ISBLANK(D[[#This Row],[TXT_SS_GRONDSOORT]]),"ONWAAR","WAAR") -> ONWAAR | J38: bo_36-5_969+001_kr_1 | L38: Uitvoeren grondonderzoek, verkenning en planuitwerking te Doeveren | M38: 23ZP0747 | P38: Doeveren | V38: 135949.52 | W38: 416050.62 | X38: 6.52 | Y38: bo_36-5_969+001_kr | Z38: kruin | AA38: 45166 | AB38: bo_36-5_969+001_kr.pdf | AC38: bo_36-5_969+001_kr.gef | AD38: Inpijn-Blokpoel | AE38: BWN | AF38: Pulsboring / Ackermann steekbussen gedrukt | AG38: 1.02 | AI38: 1 | AJ38: steekbus 67 mm | AK38: geconditioneerd in gekoelde opslag bij 10 graden Celsius | AL38: 5.62 | AM38: 5.22 | AN38: 0.9 | AO38: 1.3 | AQ38: bo_36-5_969+001_kr_CLA.pdf | AR38: nvt | AS38: bo_36-5_969+001_kr_1 | AT38: Inpijn-Blokpoel | AU38: NEN-EN-ISO 14688-1:2019+NEN8990:2020 | AV38: 45279 | AW38: Klei, stijf, sterk zandig, niet plastisch, kalkloos, weinig zandlensjes, weinig plantenresten, standaardbruin | AY38: 5.59 | AZ38: 17.3 | BA38: 14.5 | BB38: 19.2
A39: 30 | B39: =IF(ISBLANK(D[[#This Row],[CLAS_GRONDSOORT]]),"ONWAAR","WAAR") -> WAAR | C39: =IF(ISBLANK(D[[#This Row],[CLAS_VN_HOOFDNAAM]]),"ONWAAR","WAAR") -> ONWAAR | D39: =IF(ISBLANK(D[[#This Row],[KV_GRONDSOORT]]),"ONWAAR","WAAR") -> ONWAAR | E39: =IF(ISBLANK(D[[#This Row],[CPT_QNET]]),"ONWAAR","WAAR") -> ONWAAR | F39: =IF(ISBLANK(D[[#This Row],[CRS_GRONDSOORT]]),"ONWAAR","WAAR") -> ONWAAR | G39: =IF(ISBLANK(D[[#This Row],[SD_GRONDSOORT]]),"ONWAAR","WAAR") -> ONWAAR | H39: =IF(ISBLANK(D[[#This Row],[DSS_GRONDSOORT]]),"ONWAAR","WAAR") -> ONWAAR | I39: =IF(ISBLANK(D[[#This Row],[TXT_SS_GRONDSOORT]]),"ONWAAR","WAAR") -> ONWAAR | J39: bo_36-5_969+001_kr_2 | L39: Uitvoeren grondonderzoek, verkenning en planuitwerking te Doeveren | M39: 23ZP0747 | P39: Doeveren | V39: 135949.52 | W39: 416050.62 | X39: 6.52 | Y39: bo_36-5_969+001_kr | Z39: kruin | AA39: 45166 | AB39: bo_36-5_969+001_kr.pdf | AC39: bo_36-5_969+001_kr.gef | AD39: Inpijn-Blokpoel | AE39: BWN | AF39: Pulsboring / Ackermann steekbussen gedrukt | AG39: 1.02 | AI39: 2 | AJ39: steekbus 67 mm | AK39: geconditioneerd in gekoelde opslag bij 10 graden Celsius | AL39: 4.72 | AM39: 4.32 | AN39: 1.8 | AO39: 2.2 | AQ39: bo_36-5_969+001_kr_CLA.pdf | AR39: nvt | AS39: bo_36-5_969+001_kr_2 | AT39: Inpijn-Blokpoel | AU39: NEN-EN-ISO 14688-1:2019+NEN8990:2020 | AV39: 45279 | AW39: Klei, stevig, zwak zandig, sterk organisch, weinig plastisch, kalkloos, weinig plantenresten, donkergrijs | AY39: 4.66 | AZ39: 12.9 | BA39: 5.2 | BB39: 149
A40: 31 | B40: =IF(ISBLANK(D[[#This Row],[CLAS_GRONDSOORT]]),"ONWAAR","WAAR") -> WAAR | C40: =IF(ISBLANK(D[[#This Row],[CLAS_VN_HOOFDNAAM]]),"ONWAAR","WAAR") -> ONWAAR | D40: =IF(ISBLANK(D[[#This Row],[KV_GRONDSOORT]]),"ONWAAR","WAAR") -> ONWAAR | E40: =IF(ISBLANK(D[[#This Row],[CPT_QNET]]),"ONWAAR","WAAR") -> ONWAAR | F40: =IF(ISBLANK(D[[#This Row],[CRS_GRONDSOORT]]),"ONWAAR","WAAR") -> WAAR | G40: =IF(ISBLANK(D[[#This Row],[SD_GRONDSOORT]]),"ONWAAR","WAAR") -> ONWAAR | H40: =IF(ISBLANK(D[[#This Row],[DSS_GRONDSOORT]]),"ONWAAR","WAAR") -> ONWAAR | I40: =IF(ISBLANK(D[[#This Row],[TXT_SS_GRONDSOORT]]),"ONWAAR","WAAR") -> WAAR | J40: bo_36-5_969+001_kr_3 | L40: Uitvoeren grondonderzoek, verkenning en planuitwerking te Doeveren | M40: 23ZP0747 | P40: Doeveren | V40: 135949.52 | W40: 416050.62 | X40: 6.52 | Y40: bo_36-5_969+001_kr | Z40: kruin | AA40: 45166 | AB40: bo_36-5_969+001_kr.pdf | AC40: bo_36-5_969+001_kr.gef | AD40: Inpijn-Blokpoel | AE40: BWN | AF40: Pulsboring / Ackermann steekbussen gedrukt | AG40: 1.02 | AI40: 3 | AJ40: steekbus 67 mm | AK40: geconditioneerd in gekoelde opslag bij 10 graden Celsius | AL40: 3.82 | AM40: 3.42 | AN40: 2.7 | AO40: 3.1 | AQ40: bo_36-5_969+001_kr_CLA.pdf | AR40: nvt | AS40: bo_36-5_969+001_kr_3 | AT40: Inpijn-Blokpoel | AU40: NEN-EN-ISO 14688-1:2019+NEN8990:2020 | AV40: 45279 | AW40: Klei, stevig, zwak zandig, sterk organisch, weinig plastisch, kalkloos, weinig zandlensjes, weinig plantenresten, donkergrijs | AY40: 3.57 | AZ40: 15.8 | BA40: 9.2 | BB40: 72.2 | EA40: bo_36-5_969+001_kr_3-C01.pdf | EB40: bo_36-5_969+001_kr_3-C01.txt | EC40: bo_36-5_969+001_kr_3-C01 | ED40: Inpijn-Blokpoel ingenieursbureau | EE40: ASTM D4186M/D4186M-12 | EF40: 45176 | EG40: Klei | EH40: sterk organisch | EI40: 3.76 | EJ40: 45.8 | EK40: 12.83 | EL40: 7.03 | EM40: 82.33 | EN40: 89.85 | EO40: 82.32 | EP40: 21.7 | EQ40: 19.8 | ER40: 65.44 | ES40: 18.8 | ET40: 18.15 | EU40: 10.22 | EV40: 0.5 | EW40: -0.2 | EX40: 16 | EY40: 267.7 | EZ40: 202.6 | FA40: 164.1 | FB40: 91.55 | FC40: 732.2 | FD40: 2.61 | FE40: 87 | FF40: 12.9 | FG40: 315.2 | FH40: 0.015 | FI40: 0.2398 | FJ40: 0.0185 | NH40: bo_36-5_969+001_kr_3-TO01.pdf | NI40: bo_36-5_969+001_kr_3-TO01.txt | NJ40: bo_36-5_969+001_kr_3-TO01 | NK40: Inpijn-Blokpoel ingenieursbureau | NL40: NEN-EN-ISO 17892-9:2018 | NM40: 45196 | NN40: Klei | NP40: 3.57 | NQ40: 45.8 | NR40: 15.84 | NS40: 9.2 | NT40: 64.18 | NU40: 72.17 | NV40: 108.6 | NW40: 1.65 | NX40: 2487 | NY40: 21.3 | NZ40: 21.3 | OA40: 50 | OB40: 100 | OC40: CaU | OD40: Volgens NEN-EN-ISO 17892-9:2018 | OE40: Drainagepapier volgens NEN-EN-ISO 17892-9:2018 | OF40: 300 | OG40: Eerst isotroop vervolgens anisotroop | OH40: 0.58 | OI40: Pore pressure mag niet meer dan 3 kPa oplopen in 30 minuten | OJ40: 26.78 | OK40: 0.78 | OL40: 35.23 | OM40: 9.91 | ON40: 35.23 | OO40: 9.91 | OP40: 1 | OQ40: 2.18 | OR40: 5.38 | OS40: 25% rek of einde slag ram/verplaatsingsopnemer | OT40: 0.98 | OU40: 38.54 | OV40: 23.72 | OW40: 39.51 | OX40: 23.79 | OY40: 39.08 | OZ40: 20.96 | PA40: 39.18 | PB40: 24.17 | PC40: 3 | PD40: 37.46 | PE40: 18.14 | PF40: 25 | PG40: 9.1 | PH40: 0.16 | PI40: 0.21
A41: 32 | B41: =IF(ISBLANK(D[[#This Row],[CLAS_GRONDSOORT]]),"ONWAAR","WAAR") -> WAAR | C41: =IF(ISBLANK(D[[#This Row],[CLAS_VN_HOOFDNAAM]]),"ONWAAR","WAAR") -> ONWAAR | D41: =IF(ISBLANK(D[[#This Row],[KV_GRONDSOORT]]),"ONWAAR","WAAR") -> ONWAAR | E41: =IF(ISBLANK(D[[#This Row],[CPT_QNET]]),"ONWAAR","WAAR") -> ONWAAR | F41: =IF(ISBLANK(D[[#This Row],[CRS_GRONDSOORT]]),"ONWAAR","WAAR") -> ONWAAR | G41: =IF(ISBLANK(D[[#This Row],[SD_GRONDSOORT]]),"ONWAAR","WAAR") -> ONWAAR | H41: =IF(ISBLANK(D[[#This Row],[DSS_GRONDSOORT]]),"ONWAAR","WAAR") -> ONWAAR | I41: =IF(ISBLANK(D[[#This Row],[TXT_SS_GRONDSOORT]]),"ONWAAR","WAAR") -> ONWAAR | J41: bo_36-5_969+001_kr_4 | L41: Uitvoeren grondonderzoek, verkenning en planuitwerking te Doeveren | M41: 23ZP0747 | P41: Doeveren | V41: 135949.52 | W41: 416050.62 | X41: 6.52 | Y41: bo_36-5_969+001_kr | Z41: kruin | AA41: 45166 | AB41: bo_36-5_969+001_kr.pdf | AC41: bo_36-5_969+001_kr.gef | AD41: Inpijn-Blokpoel | AE41: BWN | AF41: Pulsboring / Ackermann steekbussen gedrukt | AG41: 1.02 | AI41: 4 | AJ41: steekbus 67 mm | AK41: geconditioneerd in gekoelde opslag bij 10 graden Celsius | AL41: 2.92 | AM41: 2.52 | AN41: 3.6 | AO41: 4 | AQ41: bo_36-5_969+001_kr_CLA.pdf | AR41: nvt | AS41: bo_36-5_969+001_kr_4 | AT41: Inpijn-Blokpoel | AU41: NEN-EN-ISO 14688-1:2019+NEN8990:2020 | AV41: 45279 | AW41: Klei, stevig, zwak zandig, sterk organisch, weinig plastisch, kalkloos, weinig plantenresten, donkergrijs | AY41: 2.88 | AZ41: 17.6 | BA41: 12.5 | BB41: 41.3
A42: 33 | B42: =IF(ISBLANK(D[[#This Row],[CLAS_GRONDSOORT]]),"ONWAAR","WAAR") -> WAAR | C42: =IF(ISBLANK(D[[#This Row],[CLAS_VN_HOOFDNAAM]]),"ONWAAR","WAAR") -> ONWAAR | D42: =IF(ISBLANK(D[[#This Row],[KV_GRONDSOORT]]),"ONWAAR","WAAR") -> ONWAAR | E42: =IF(ISBLANK(D[[#This Row],[CPT_QNET]]),"ONWAAR","WAAR") -> ONWAAR | F42: =IF(ISBLANK(D[[#This Row],[CRS_GRONDSOORT]]),"ONWAAR","WAAR") -> ONWAAR | G42: =IF(ISBLANK(D[[#This Row],[SD_GRONDSOORT]]),"ONWAAR","WAAR") -> ONWAAR | H42: =IF(ISBLANK(D[[#This Row],[DSS_GRONDSOORT]]),"ONWAAR","WAAR") -> ONWAAR | I42: =IF(ISBLANK(D[[#This Row],[TXT_SS_GRONDSOORT]]),"ONWAAR","WAAR") -> ONWAAR | J42: bo_36-5_969+001_kr_5 | L42: Uitvoeren grondonderzoek, verkenning en planuitwerking te Doeveren | M42: 23ZP0747 | P42: Doeveren | V42: 135949.52 | W42: 416050.62 | X42: 6.52 | Y42: bo_36-5_969+001_kr | Z42: kruin | AA42: 45166 | AB42: bo_36-5_969+001_kr.pdf | AC42: bo_36-5_969+001_kr.gef | AD42: Inpijn-Blokpoel | AE42: BWN | AF42: Pulsboring / Ackermann steekbussen gedrukt | AG42: 1.02 | AI42: 5 | AJ42: steekbus 67 mm | AK42: geconditioneerd in gekoelde opslag bij 10 graden Celsius | AL42: 2.02 | AM42: 1.62 | AN42: 4.5 | AO42: 4.9 | AQ42: bo_36-5_969+001_kr_CLA.pdf | AR42: nvt | AS42: bo_36-5_969+001_kr_5 | AT42: Inpijn-Blokpoel | AU42: NEN-EN-ISO 14688-1:2019+NEN8990:2020 | AV42: 45279 | AW42: Klei, stevig, zwak zandig, sterk organisch, weinig plastisch, kalkloos, weinig plantenresten, donkergrijs | AY42: 1.98 | AZ42: 14.5 | BA42: 7.8 | BB42: 85.8
A43: 34 | B43: =IF(ISBLANK(D[[#This Row],[CLAS_GRONDSOORT]]),"ONWAAR","WAAR") -> WAAR | C43: =IF(ISBLANK(D[[#This Row],[CLAS_VN_HOOFDNAAM]]),"ONWAAR","WAAR") -> ONWAAR | D43: =IF(ISBLANK(D[[#This Row],[KV_GRONDSOORT]]),"ONWAAR","WAAR") -> ONWAAR | E43: =IF(ISBLANK(D[[#This Row],[CPT_QNET]]),"ONWAAR","WAAR") -> ONWAAR | F43: =IF(ISBLANK(D[[#This Row],[CRS_GRONDSOORT]]),"ONWAAR","WAAR") -> ONWAAR | G43: =IF(ISBLANK(D[[#This Row],[SD_GRONDSOORT]]),"ONWAAR","WAAR") -> ONWAAR | H43: =IF(ISBLANK(D[[#This Row],[DSS_GRONDSOORT]]),"ONWAAR","WAAR") -> ONWAAR | I43: =IF(ISBLANK(D[[#This Row],[TXT_SS_GRONDSOORT]]),"ONWAAR","WAAR") -> ONWAAR | J43: bo_36-5_969+001_kr_6 | L43: Uitvoeren grondonderzoek, verkenning en planuitwerking te Doeveren | M43: 23ZP0747 | P43: Doeveren | V43: 135949.52 | W43: 416050.62 | X43: 6.52 | Y43: bo_36-5_969+001_kr | Z43: kruin | AA43: 45166 | AB43: bo_36-5_969+001_kr.pdf | AC43: bo_36-5_969+001_kr.gef | AD43: Inpijn-Blokpoel | AE43: BWN | AF43: Pulsboring / Ackermann steekbussen gedrukt | AG43: 1.02 | AI43: 6 | AJ43: steekbus 67 mm | AK43: geconditioneerd in gekoelde opslag bij 10 graden Celsius | AL43: 1.12 | AM43: 0.72 | AN43: 5.4 | AO43: 5.8 | AQ43: bo_36-5_969+001_kr_CLA.pdf | AR43: nvt | AS43: bo_36-5_969+001_kr_6 | AT43: Inpijn-Blokpoel | AU43: NEN-EN-ISO 14688-1:2019+NEN8990:2020 | AV43: 45279 | AW43: Klei, stevig, zwak zandig, zwak organisch, matig plastisch, kalkloos, weinig zandlensjes, weinig plantenresten, standaardgrijs | AY43: 1.07 | AZ43: 17.8 | BA43: 12.8 | BB43: 38.5
A44: 35 | B44: =IF(ISBLANK(D[[#This Row],[CLAS_GRONDSOORT]]),"ONWAAR","WAAR") -> WAAR | C44: =IF(ISBLANK(D[[#This Row],[CLAS_VN_HOOFDNAAM]]),"ONWAAR","WAAR") -> ONWAAR | D44: =IF(ISBLANK(D[[#This Row],[KV_GRONDSOORT]]),"ONWAAR","WAAR") -> ONWAAR | E44: =IF(ISBLANK(D[[#This Row],[CPT_QNET]]),"ONWAAR","WAAR") -> ONWAAR | F44: =IF(ISBLANK(D[[#This Row],[CRS_GRONDSOORT]]),"ONWAAR","WAAR") -> ONWAAR | G44: =IF(ISBLANK(D[[#This Row],[SD_GRONDSOORT]]),"ONWAAR","WAAR") -> ONWAAR | H44: =IF(ISBLANK(D[[#This Row],[DSS_GRONDSOORT]]),"ONWAAR","WAAR") -> ONWAAR | I44: =IF(ISBLANK(D[[#This Row],[TXT_SS_GRONDSOORT]]),"ONWAAR","WAAR") -> WAAR | J44: bo_36-5_969+001_kr_7 | L44: Uitvoeren grondonderzoek, verkenning en planuitwerking te Doeveren | M44: 23ZP0747 | P44: Doeveren | V44: 135949.52 | W44: 416050.62 | X44: 6.52 | Y44: bo_36-5_969+001_kr | Z44: kruin | AA44: 45166 | AB44: bo_36-5_969+001_kr.pdf | AC44: bo_36-5_969+001_kr.gef | AD44: Inpijn-Blokpoel | AE44: BWN | AF44: Pulsboring / Ackermann steekbussen gedrukt | AG44: 1.02 | AI44: 7 | AJ44: steekbus 67 mm | AK44: geconditioneerd in gekoelde opslag bij 10 graden Celsius | AL44: 0.22 | AM44: -0.18 | AN44: 6.3 | AO44: 6.7 | AQ44: bo_36-5_969+001_kr_CLA.pdf | AR44: nvt | AS44: bo_36-5_969+001_kr_7 | AT44: Inpijn-Blokpoel | AU44: NEN-EN-ISO 14688-1:2019+NEN8990:2020 | AV44: 45279 | AW44: Klei, stevig, sterk zandig, zwak organisch, matig plastisch, kalkloos, weinig zandlensjes, weinig plantenresten, donkergrijs | AY44: -0.04 | AZ44: 16.9 | BA44: 12.2 | BB44: 38.5 | NH44: bo_36-5_969+001_kr_7-TO02.pdf | NI44: bo_36-5_969+001_kr_7-TO02.txt | NJ44: bo_36-5_969+001_kr_7-TO02 | NK44: Inpijn-Blokpoel ingenieursbureau | NL44: NEN-EN-ISO 17892-9:2018 | NM44: 45205 | NN44: Klei | NO44: zwak zandig | NP44: -0.04 | NQ44: 94.9 | NR44: 16.93 | NS44: 12.22 | NT44: 38.76 | NU44: 38.51 | NV44: 96.33 | NW44: 0.99 | NX44: 2482 | NY44: 21.3 | NZ44: 21.3 | OA44: 50 | OB44: 100 | OC44: CaU | OD44: Volgens NEN-EN-ISO 17892-9:2018 | OE44: Drainagepapier volgens NEN-EN-ISO 17892-9:2018 | OF44: 299 | OG44: Eerst isotroop vervolgens anisotroop | OH44: 0.66 | OI44: Pore pressure mag niet meer dan 3 kPa oplopen in 30 minuten | OJ44: 59.7 | OK44: 0.7 | OL44: 73.66 | OM44: 15.67 | ON44: 73.66 | OO44: 15.67 | OP44: 1 | OQ44: 3.63 | OR44: 7.79 | OS44: 25% rek of einde slag ram/verplaatsingsopnemer | OT44: 1.1 | OU44: 63.63 | OV44: 33.24 | OW44: 67.42 | OX44: 40.67 | OY44: 79.73 | OZ44: 48.18 | PA44: 80.61 | PB44: 48.47 | PC44: 17.66 | PD44: 78.88 | PE44: 46.63 | PF44: 25 | PG44: 2 | PH44: 1.64 | PI44: 0.28
A45: 36 | B45: =IF(ISBLANK(D[[#This Row],[CLAS_GRONDSOORT]]),"ONWAAR","WAAR") -> WAAR | C45: =IF(ISBLANK(D[[#This Row],[CLAS_VN_HOOFDNAAM]]),"ONWAAR","WAAR") -> ONWAAR | D45: =IF(ISBLANK(D[[#This Row],[KV_GRONDSOORT]]),"ONWAAR","WAAR") -> ONWAAR | E45: =IF(ISBLANK(D[[#This Row],[CPT_QNET]]),"ONWAAR","WAAR") -> ONWAAR | F45: =IF(ISBLANK(D[[#This Row],[CRS_GRONDSOORT]]),"ONWAAR","WAAR") -> WAAR | G45: =IF(ISBLANK(D[[#This Row],[SD_GRONDSOORT]]),"ONWAAR","WAAR") -> ONWAAR | H45: =IF(ISBLANK(D[[#This Row],[DSS_GRONDSOORT]]),"ONWAAR","WAAR") -> ONWAAR | I45: =IF(ISBLANK(D[[#This Row],[TXT_SS_GRONDSOORT]]),"ONWAAR","WAAR") -> ONWAAR | J45: bo_36-5_969+001_kr_8 | L45: Uitvoeren grondonderzoek, verkenning en planuitwerking te Doeveren | M45: 23ZP0747 | P45: Doeveren | V45: 135949.52 | W45: 416050.62 | X45: 6.52 | Y45: bo_36-5_969+001_kr | Z45: kruin | AA45: 45166 | AB45: bo_36-5_969+001_kr.pdf | AC45: bo_36-5_969+001_kr.gef | AD45: Inpijn-Blokpoel | AE45: BWN | AF45: Pulsboring / Ackermann steekbussen gedrukt | AG45: 1.02 | AI45: 8 | AJ45: steekbus 67 mm | AK45: geconditioneerd in gekoelde opslag bij 10 graden Celsius | AL45: -0.68 | AM45: -1.08 | AN45: 7.2 | AO45: 7.6 | AQ45: bo_36-5_969+001_kr_CLA.pdf | AR45: nvt | AS45: bo_36-5_969+001_kr_8 | AT45: Inpijn-Blokpoel | AU45: NEN-EN-ISO 14688-1:2019+NEN8990:2020 | AV45: 45279 | AW45: Klei, stevig, zwak zandig, matig plastisch, kalkloos, weinig schelpen, standaardgrijs | AY45: -0.72 | AZ45: 19.5 | BA45: 15.3 | BB45: 27.3 | EA45: bo_36-5_969+001_kr_8-C02.pdf | EB45: bo_36-5_969+001_kr_8-C02.txt | EC45: bo_36-5_969+001_kr_8-C02 | ED45: Inpijn-Blokpoel ingenieursbureau | EE45: ASTM D4186M/D4186M-12 | EF45: 45176 | EG45: Klei | EI45: -0.73 | EJ45: 101 | EK45: 19.08 | EL45: 15.08 | EM45: 26.56 | EN45: 22.34 | EO45: 94.78 | EP45: 21.7 | EQ45: 19.8 | ER45: 63.49 | ES45: 18.95 | ET45: 18.17 | EU45: 15.25 | EV45: 0.5 | EW45: -0.2 | EX45: 16 | EY45: 593.6 | EZ45: 506.5 | FA45: 364.4 | FB45: 201.1 | FC45: 1008 | FD45: 1.29 | FE45: 171.6 | FF45: 9.12 | FG45: 691 | FH45: 0.0045 | FI45: 0.0769 | FJ45: 0.0025
A46: 37 | B46: =IF(ISBLANK(D[[#This Row],[CLAS_GRONDSOORT]]),"ONWAAR","WAAR") -> WAAR | C46: =IF(ISBLANK(D[[#This Row],[CLAS_VN_HOOFDNAAM]]),"ONWAAR","WAAR") -> ONWAAR | D46: =IF(ISBLANK(D[[#This Row],[KV_GRONDSOORT]]),"ONWAAR","WAAR") -> ONWAAR | E46: =IF(ISBLANK(D[[#This Row],[CPT_QNET]]),"ONWAAR","WAAR") -> ONWAAR | F46: =IF(ISBLANK(D[[#This Row],[CRS_GRONDSOORT]]),"ONWAAR","WAAR") -> WAAR | G46: =IF(ISBLANK(D[[#This Row],[SD_GRONDSOORT]]),"ONWAAR","WAAR") -> ONWAAR | H46: =IF(ISBLANK(D[[#This Row],[DSS_GRONDSOORT]]),"ONWAAR","WAAR") -> WAAR | I46: =IF(ISBLANK(D[[#This Row],[TXT_SS_GRONDSOORT]]),"ONWAAR","WAAR") -> ONWAAR | J46: bo_36-5_969+001_kr_9a1 | L46: Uitvoeren grondonderzoek, verkenning en planuitwerking te Doeveren | M46: 23ZP0747 | P46: Doeveren | V46: 135949.52 | W46: 416050.62 | X46: 6.52 | Y46: bo_36-5_969+001_kr | Z46: kruin | AA46: 45166 | AB46: bo_36-5_969+001_kr.pdf | AC46: bo_36-5_969+001_kr.gef | AD46: Inpijn-Blokpoel | AE46: BWN | AF46: Pulsboring / Ackermann steekbussen gedrukt | AG46: 1.02 | AI46: 9a1 | AJ46: steekbus 67 mm | AK46: geconditioneerd in gekoelde opslag bij 10 graden Celsius | AL46: -1.58 | AM46: -1.78 | AN46: 8.1 | AO46: 8.3 | AQ46: bo_36-5_969+001_kr_CLA.pdf | AR46: nvt | AS46: bo_36-5_969+001_kr_9a1 | AT46: Inpijn-Blokpoel | AU46: NEN-EN-ISO 14688-1:2019+NEN8990:2020 | AV46: 45279 | AW46: Veen, matig stevig, lage treksterkte, fijn pseudo-vezelig, weinig plantenresten, donkerbruin | AY46: -1.71 | AZ46: 11.1 | BA46: 3.6 | BB46: 211.6 | EA46: bo_36-5_969+001_kr_9a1-C03.pdf | EB46: bo_36-5_969+001_kr_9a1-C03.txt | EC46: bo_36-5_969+001_kr_9a1-C03 | ED46: Inpijn-Blokpoel ingenieursbureau | EE46: ASTM D4186M/D4186M-12 | EF46: 45176 | EG46: Veen | EH46: kleiig | EI46: -1.76 | EJ46: 107.5 | EK46: 10.96 | EL46: 3.63 | EM46: 201.8 | EN46: 146.1 | EO46: 93.93 | EP46: 21.7 | EQ46: 19.8 | ER46: 50.03 | ES46: 18.89 | ET46: 18.87 | EU46: 10.16 | EV46: 0.5 | EW46: -0.2 | EX46: 16 | EY46: 648.9 | EZ46: 487.8 | FA46: 396.5 | FB46: 226.8 | FC46: 1083 | FD46: 2.67 | FE46: 174.9 | FF46: 5.66 | FG46: 750.4 | FH46: 0.0274 | FI46: 0.312 | FJ46: 0.027 | LG46: bo_36-5_969+001_kr_9a1-DO01.pdf | LH46: bo_36-5_969+001_kr_9a1-DO01.txt | LI46: bo_36-5_969+001_kr_9a1 | LJ46: Inpijn-Blokpoel ingenieursbureau Son | LK46: ASTM D6528-17 | LL46: 45180 | LM46: Veen | LN46: kleiig | LO46: -1.71 | LP46: 107.5 | LQ46: 11.14 | LR46: 3.57 | LS46: 211.9 | LT46: 232.7 | LU46: 0.9705 | LV46: 3.87 | LW46: 3.264 | LX46: 1772.5 | LY46: 21.7 | LZ46: 19.8 | MA46: 65.32 | MB46: 27.93 | MC46: 24.45 | MD46: correctie na Calibratie op Agar Agar | ME46: Constante hoogte | MF46: 107.5 | MG46: 107.5 | MH46: 1 | MI46: 12.45 | MJ46: 1 | MK46: 22.06 | ML46: 4.58 | MM46: 1.12 | MN46: 97.16 | MO46: 16.34 | MP46: 87.82 | MQ46: 23.87 | MR46: 78.69 | MS46: 32.19 | MT46: 75.08 | MU46: 34.75 | MV46: 71.47 | MW46: 37.16 | MX46: 66.22 | MY46: 37.76 | MZ46: 29.32 | NA46: 54.64 | NB46: 34.44 | NC46: 45.8 | NG46: 694.6
A47: 38 | B47: =IF(ISBLANK(D[[#This Row],[CLAS_GRONDSOORT]]),"ONWAAR","WAAR") -> WAAR | C47: =IF(ISBLANK(D[[#This Row],[CLAS_VN_HOOFDNAAM]]),"ONWAAR","WAAR") -> ONWAAR | D47: =IF(ISBLANK(D[[#This Row],[KV_GRONDSOORT]]),"ONWAAR","WAAR") -> ONWAAR | E47: =IF(ISBLANK(D[[#This Row],[CPT_QNET]]),"ONWAAR","WAAR") -> ONWAAR | F47: =IF(ISBLANK(D[[#This Row],[CRS_GRONDSOORT]]),"ONWAAR","WAAR") -> ONWAAR | G47: =IF(ISBLANK(D[[#This Row],[SD_GRONDSOORT]]),"ONWAAR","WAAR") -> ONWAAR | H47: =IF(ISBLANK(D[[#This Row],[DSS_GRONDSOORT]]),"ONWAAR","WAAR") -> WAAR | I47: =IF(ISBLANK(D[[#This Row],[TXT_SS_GRONDSOORT]]),"ONWAAR","WAAR") -> ONWAAR | J47: bo_36-5_969+001_kr_9a2 | L47: Uitvoeren grondonderzoek, verkenning en planuitwerking te Doeveren | M47: 23ZP0747 | P47: Doeveren | V47: 135949.52 | W47: 416050.62 | X47: 6.52 | Y47: bo_36-5_969+001_kr | Z47: kruin | AA47: 45166 | AB47: bo_36-5_969+001_kr.pdf | AC47: bo_36-5_969+001_kr.gef | AD47: Inpijn-Blokpoel | AE47: BWN | AF47: Pulsboring / Ackermann steekbussen gedrukt | AG47: 1.02 | AI47: 9a2 | AJ47: steekbus 67 mm | AK47: geconditioneerd in gekoelde opslag bij 10 graden Celsius | AL47: -1.78 | AM47: -1.98 | AN47: 8.3 | AO47: 8.5 | AQ47: bo_36-5_969+001_kr_CLA.pdf | AR47: nvt | AS47: bo_36-5_969+001_kr_9a2 | AT47: Inpijn-Blokpoel | AU47: NEN-EN-ISO 14688-1:2019+NEN8990:2020 | AV47: 45279 | AW47: Veen, matig stevig, lage treksterkte, fijn pseudo-vezelig, weinig plantenresten, donkerbruin | AY47: -1.81 | AZ47: 11.1 | BA47: 3.4 | BB47: 228.1 | LG47: bo_36-5_969+001_kr_9a2-DN01.pdf | LH47: bo_36-5_969+001_kr_9a2-DN01.txt | LI47: bo_36-5_969+001_kr_9a2 | LJ47: Inpijn-Blokpoel ingenieursbureau Son | LK47: ASTM D6528-17 | LL47: 45201 | LM47: Veen | LN47: kleiig | LO47: -1.81 | LP47: 107.5 | LQ47: 11.14 | LR47: 3.4 | LS47: 228.1 | LT47: 181.1 | LU47: 0.9813 | LV47: 4.121 | LW47: 1.053 | LX47: 1772.6 | LY47: 21.7 | LZ47: 19.8 | MA47: 65.32 | MB47: 27.93 | MC47: 11.2 | MD47: correctie na Calibratie op Agar Agar | ME47: Constante hoogte | MF47: 295.1 | MG47: 295 | MH47: 1 | MI47: 59.9 | MJ47: 1 | MK47: 24.55 | ML47: 4.679 | MM47: 0.5241 | MN47: 285 | MO47: 23.14 | MP47: 272.8 | MQ47: 46.43 | MR47: 253.7 | MS47: 68.56 | MT47: 240 | MU47: 82.37 | MV47: 230.2 | MW47: 91.5 | MX47: 204.7 | MY47: 108.7 | MZ47: 46.48 | NA47: 205.1 | NB47: 108.7 | NC47: 46.8 | NG47: 843.7
A48: 39 | B48: =IF(ISBLANK(D[[#This Row],[CLAS_GRONDSOORT]]),"ONWAAR","WAAR") -> WAAR | C48: =IF(ISBLANK(D[[#This Row],[CLAS_VN_HOOFDNAAM]]),"ONWAAR","WAAR") -> ONWAAR | D48: =IF(ISBLANK(D[[#This Row],[KV_GRONDSOORT]]),"ONWAAR","WAAR") -> WAAR | E48: =IF(ISBLANK(D[[#This Row],[CPT_QNET]]),"ONWAAR","WAAR") -> ONWAAR | F48: =IF(ISBLANK(D[[#This Row],[CRS_GRONDSOORT]]),"ONWAAR","WAAR") -> ONWAAR | G48: =IF(ISBLANK(D[[#This Row],[SD_GRONDSOORT]]),"ONWAAR","WAAR") -> ONWAAR | H48: =IF(ISBLANK(D[[#This Row],[DSS_GRONDSOORT]]),"ONWAAR","WAAR") -> ONWAAR | I48: =IF(ISBLANK(D[[#This Row],[TXT_SS_GRONDSOORT]]),"ONWAAR","WAAR") -> ONWAAR | J48: bo_36-5_969+001_kr_10a | L48: Uitvoeren grondonderzoek, verkenning en planuitwerking te Doeveren | M48: 23ZP0747 | P48: Doeveren | V48: 135949.52 | W48: 416050.62 | X48: 6.52 | Y48: bo_36-5_969+001_kr | Z48: kruin | AA48: 45166 | AB48: bo_36-5_969+001_kr.pdf | AC48: bo_36-5_969+001_kr.gef | AD48: Inpijn-Blokpoel | AE48: BWN | AF48: Pulsboring / Ackermann steekbussen gedrukt | AG48: 1.02 | AI48: 10a | AJ48: steekbus 67 mm | AK48: geconditioneerd in gekoelde opslag bij 10 graden Celsius | AL48: -6.98 | AM48: -7.2 | AN48: 13.5 | AO48: 13.72 | AQ48: bo_36-5_969+001_kr_CLA.pdf | AR48: nvt | AS48: bo_36-5_969+001_kr_10a | AT48: Inpijn-Blokpoel | AU48: NEN-EN-ISO 14688-1:2019+NEN8990:2020 | AV48: 45279 | AW48: Zand fijn 150-200, siltig, subhoekig, bolvormig, zwak kalkhoudend, weinig kleibrokken, standaardgrijs | AY48: -7.09 | CE48: bo_36-5_969+001_kr_10a-KVD | CF48: nvt | CG48: bo_36-5_969+001_kr_10a | CH48: Inpijn-Blokpoel | CI48: NEN-EN-ISO 17892-4:2016 | CJ48: 45212 | CK48: Zand, middelgrof 200-300 | CM48: 263 | CN48: 258 | CO48: 0.77 | CP48: 95.61 | CQ48: 2.12 | CR48: 100 | CS48: 100 | CT48: 100 | CU48: 99.99 | CV48: 99.69 | CW48: 99.23 | CX48: 98.31 | CY48: 91.7 | CZ48: 47.66 | DA48: 20.53 | DB48: 8.92 | DC48: 3.62 | DD48: 2.5 | DE48: 2.16 | DF48: 2 | DG48: 1.5 | DH48: 332 | DI48: 298 | DJ48: 263 | DK48: 145 | DL48: 2.05
A49: 40 | B49: =IF(ISBLANK(D[[#This Row],[CLAS_GRONDSOORT]]),"ONWAAR","WAAR") -> WAAR | C49: =IF(ISBLANK(D[[#This Row],[CLAS_VN_HOOFDNAAM]]),"ONWAAR","WAAR") -> ONWAAR | D49: =IF(ISBLANK(D[[#This Row],[KV_GRONDSOORT]]),"ONWAAR","WAAR") -> ONWAAR | E49: =IF(ISBLANK(D[[#This Row],[CPT_QNET]]),"ONWAAR","WAAR") -> ONWAAR | F49: =IF(ISBLANK(D[[#This Row],[CRS_GRONDSOORT]]),"ONWAAR","WAAR") -> ONWAAR | G49: =IF(ISBLANK(D[[#This Row],[SD_GRONDSOORT]]),"ONWAAR","WAAR") -> ONWAAR | H49: =IF(ISBLANK(D[[#This Row],[DSS_GRONDSOORT]]),"ONWAAR","WAAR") -> ONWAAR | I49: =IF(ISBLANK(D[[#This Row],[TXT_SS_GRONDSOORT]]),"ONWAAR","WAAR") -> ONWAAR | J49: bo_36-5_969+001_kr_10b | L49: Uitvoeren grondonderzoek, verkenning en planuitwerking te Doeveren | M49: 23ZP0747 | P49: Doeveren | V49: 135949.52 | W49: 416050.62 | X49: 6.52 | Y49: bo_36-5_969+001_kr | Z49: kruin | AA49: 45166 | AB49: bo_36-5_969+001_kr.pdf | AC49: bo_36-5_969+001_kr.gef | AD49: Inpijn-Blokpoel | AE49: BWN | AF49: Pulsboring / Ackermann steekbussen gedrukt | AG49: 1.02 | AI49: 10b | AJ49: steekbus 67 mm | AK49: geconditioneerd in gekoelde opslag bij 10 graden Celsius | AL49: -7.2 | AM49: -7.38 | AN49: 13.72 | AO49: 13.9 | AQ49: bo_36-5_969+001_kr_CLA.pdf | AR49: nvt | AS49: bo_36-5_969+001_kr_10b | AT49: Inpijn-Blokpoel | AU49: NEN-EN-ISO 14688-1:2019+NEN8990:2020 | AV49: 45279 | AW49: Klei, stevig, sterk zandig, weinig plastisch, kalkloos, weinig kleilensjes, standaardgrijs | AY49: -7.29 | BI49: 2 | BM49: 3.5990734e-06
A50: 41 | B50: =IF(ISBLANK(D[[#This Row],[CLAS_GRONDSOORT]]),"ONWAAR","WAAR") -> WAAR | C50: =IF(ISBLANK(D[[#This Row],[CLAS_VN_HOOFDNAAM]]),"ONWAAR","WAAR") -> ONWAAR | D50: =IF(ISBLANK(D[[#This Row],[KV_GRONDSOORT]]),"ONWAAR","WAAR") -> ONWAAR | E50: =IF(ISBLANK(D[[#This Row],[CPT_QNET]]),"ONWAAR","WAAR") -> ONWAAR | F50: =IF(ISBLANK(D[[#This Row],[CRS_GRONDSOORT]]),"ONWAAR","WAAR") -> ONWAAR | G50: =IF(ISBLANK(D[[#This Row],[SD_GRONDSOORT]]),"ONWAAR","WAAR") -> ONWAAR | H50: =IF(ISBLANK(D[[#This Row],[DSS_GRONDSOORT]]),"ONWAAR","WAAR") -> ONWAAR | I50: =IF(ISBLANK(D[[#This Row],[TXT_SS_GRONDSOORT]]),"ONWAAR","WAAR") -> ONWAAR | J50: bo_36-5_969+001_kr_11a | L50: Uitvoeren grondonderzoek, verkenning en planuitwerking te Doeveren | M50: 23ZP0747 | P50: Doeveren | V50: 135949.52 | W50: 416050.62 | X50: 6.52 | Y50: bo_36-5_969+001_kr | Z50: kruin | AA50: 45166 | AB50: bo_36-5_969+001_kr.pdf | AC50: bo_36-5_969+001_kr.gef | AD50: Inpijn-Blokpoel | AE50: BWN | AF50: Pulsboring / Ackermann steekbussen gedrukt | AG50: 1.02 | AI50: 11a | AJ50: steekbus 67 mm | AK50: geconditioneerd in gekoelde opslag bij 10 graden Celsius | AL50: -7.48 | AM50: -7.68 | AN50: 14 | AO50: 14.2 | AQ50: bo_36-5_969+001_kr_CLA.pdf | AR50: nvt | AS50: bo_36-5_969+001_kr_11a | AT50: Inpijn-Blokpoel | AU50: NEN-EN-ISO 14688-1:2019+NEN8990:2020 | AV50: 45279 | AW50: Zand middelgrof 200-300, siltig, subhoekig, bolvormig, kalkloos, standaardgrijs | AY50: -7.58
A51: 42 | B51: =IF(ISBLANK(D[[#This Row],[CLAS_GRONDSOORT]]),"ONWAAR","WAAR") -> WAAR | C51: =IF(ISBLANK(D[[#This Row],[CLAS_VN_HOOFDNAAM]]),"ONWAAR","WAAR") -> ONWAAR | D51: =IF(ISBLANK(D[[#This Row],[KV_GRONDSOORT]]),"ONWAAR","WAAR") -> ONWAAR | E51: =IF(ISBLANK(D[[#This Row],[CPT_QNET]]),"ONWAAR","WAAR") -> ONWAAR | F51: =IF(ISBLANK(D[[#This Row],[CRS_GRONDSOORT]]),"ONWAAR","WAAR") -> ONWAAR | G51: =IF(ISBLANK(D[[#This Row],[SD_GRONDSOORT]]),"ONWAAR","WAAR") -> ONWAAR | H51: =IF(ISBLANK(D[[#This Row],[DSS_GRONDSOORT]]),"ONWAAR","WAAR") -> ONWAAR | I51: =IF(ISBLANK(D[[#This Row],[TXT_SS_GRONDSOORT]]),"ONWAAR","WAAR") -> ONWAAR | J51: bo_36-5_969+001_kr_11b | L51: Uitvoeren grondonderzoek, verkenning en planuitwerking te Doeveren | M51: 23ZP0747 | P51: Doeveren | V51: 135949.52 | W51: 416050.62 | X51: 6.52 | Y51: bo_36-5_969+001_kr | Z51: kruin | AA51: 45166 | AB51: bo_36-5_969+001_kr.pdf | AC51: bo_36-5_969+001_kr.gef | AD51: Inpijn-Blokpoel | AE51: BWN | AF51: Pulsboring / Ackermann steekbussen gedrukt | AG51: 1.02 | AI51: 11b | AJ51: steekbus 67 mm | AK51: geconditioneerd in gekoelde opslag bij 10 graden Celsius | AL51: -7.68 | AM51: -7.98 | AN51: 14.2 | AO51: 14.5 | AQ51: bo_36-5_969+001_kr_CLA.pdf | AR51: nvt | AS51: bo_36-5_969+001_kr_11b | AT51: Inpijn-Blokpoel | AU51: NEN-EN-ISO 14688-1:2019+NEN8990:2020 | AV51: 45279 | AW51: Zand fijn 63-105, siltig, subhoekig, bolvormig, kalkloos, weinig kleilensjes, standaardgrijs | AY51: -7.83
A52: 43 | B52: =IF(ISBLANK(D[[#This Row],[CLAS_GRONDSOORT]]),"ONWAAR","WAAR") -> WAAR | C52: =IF(ISBLANK(D[[#This Row],[CLAS_VN_HOOFDNAAM]]),"ONWAAR","WAAR") -> ONWAAR | D52: =IF(ISBLANK(D[[#This Row],[KV_GRONDSOORT]]),"ONWAAR","WAAR") -> ONWAAR | E52: =IF(ISBLANK(D[[#This Row],[CPT_QNET]]),"ONWAAR","WAAR") -> ONWAAR | F52: =IF(ISBLANK(D[[#This Row],[CRS_GRONDSOORT]]),"ONWAAR","WAAR") -> ONWAAR | G52: =IF(ISBLANK(D[[#This Row],[SD_GRONDSOORT]]),"ONWAAR","WAAR") -> ONWAAR | H52: =IF(ISBLANK(D[[#This Row],[DSS_GRONDSOORT]]),"ONWAAR","WAAR") -> ONWAAR | I52: =IF(ISBLANK(D[[#This Row],[TXT_SS_GRONDSOORT]]),"ONWAAR","WAAR") -> ONWAAR | J52: bo_36-5_969+001_kr_12a | L52: Uitvoeren grondonderzoek, verkenning en planuitwerking te Doeveren | M52: 23ZP0747 | P52: Doeveren | V52: 135949.52 | W52: 416050.62 | X52: 6.52 | Y52: bo_36-5_969+001_kr | Z52: kruin | AA52: 45166 | AB52: bo_36-5_969+001_kr.pdf | AC52: bo_36-5_969+001_kr.gef | AD52: Inpijn-Blokpoel | AE52: BWN | AF52: Pulsboring / Ackermann steekbussen gedrukt | AG52: 1.02 | AI52: 12a | AJ52: steekbus 67 mm | AK52: geconditioneerd in gekoelde opslag bij 10 graden Celsius | AL52: -11.48 | AM52: -11.59 | AN52: 18 | AO52: 18.11 | AQ52: bo_36-5_969+001_kr_CLA.pdf | AR52: nvt | AS52: bo_36-5_969+001_kr_12a | AT52: Inpijn-Blokpoel | AU52: NEN-EN-ISO 14688-1:2019+NEN8990:2020 | AV52: 45279 | AW52: Zand fijn 150-200, siltig, subhoekig, bolvormig, kalkhoudend, weinig kleilensjes, standaardgrijs | AY52: -11.54
A53: 44 | B53: =IF(ISBLANK(D[[#This Row],[CLAS_GRONDSOORT]]),"ONWAAR","WAAR") -> WAAR | C53: =IF(ISBLANK(D[[#This Row],[CLAS_VN_HOOFDNAAM]]),"ONWAAR","WAAR") -> ONWAAR | D53: =IF(ISBLANK(D[[#This Row],[KV_GRONDSOORT]]),"ONWAAR","WAAR") -> ONWAAR | E53: =IF(ISBLANK(D[[#This Row],[CPT_QNET]]),"ONWAAR","WAAR") -> ONWAAR | F53: =IF(ISBLANK(D[[#This Row],[CRS_GRONDSOORT]]),"ONWAAR","WAAR") -> ONWAAR | G53: =IF(ISBLANK(D[[#This Row],[SD_GRONDSOORT]]),"ONWAAR","WAAR") -> ONWAAR | H53: =IF(ISBLANK(D[[#This Row],[DSS_GRONDSOORT]]),"ONWAAR","WAAR") -> ONWAAR | I53: =IF(ISBLANK(D[[#This Row],[TXT_SS_GRONDSOORT]]),"ONWAAR","WAAR") -> ONWAAR | J53: bo_36-5_969+001_kr_12b | L53: Uitvoeren grondonderzoek, verkenning en planuitwerking te Doeveren | M53: 23ZP0747 | P53: Doeveren | V53: 135949.52 | W53: 416050.62 | X53: 6.52 | Y53: bo_36-5_969+001_kr | Z53: kruin | AA53: 45166 | AB53: bo_36-5_969+001_kr.pdf | AC53: bo_36-5_969+001_kr.gef | AD53: Inpijn-Blokpoel | AE53: BWN | AF53: Pulsboring / Ackermann steekbussen gedrukt | AG53: 1.02 | AI53: 12b | AJ53: steekbus 67 mm | AK53: geconditioneerd in gekoelde opslag bij 10 graden Celsius | AL53: -11.59 | AM53: -11.88 | AN53: 18.11 | AO53: 18.4 | AQ53: bo_36-5_969+001_kr_CLA.pdf | AR53: nvt | AS53: bo_36-5_969+001_kr_12b | AT53: Inpijn-Blokpoel | AU53: NEN-EN-ISO 14688-1:2019+NEN8990:2020 | AV53: 45279 | AW53: Klei, stevig, sterk zandig, matig plastisch, kalkloos, zeer dun gelaagd met weinig dun gelamineerde zandlagen, weinig zandlensjes, standaardgrijs | AY53: -11.68 | AZ53: 18.6 | BA53: 14.4 | BB53: 29.1
A54: 45 | B54: =IF(ISBLANK(D[[#This Row],[CLAS_GRONDSOORT]]),"ONWAAR","WAAR") -> WAAR | C54: =IF(ISBLANK(D[[#This Row],[CLAS_VN_HOOFDNAAM]]),"ONWAAR","WAAR") -> ONWAAR | D54: =IF(ISBLANK(D[[#This Row],[KV_GRONDSOORT]]),"ONWAAR","WAAR") -> ONWAAR | E54: =IF(ISBLANK(D[[#This Row],[CPT_QNET]]),"ONWAAR","WAAR") -> ONWAAR | F54: =IF(ISBLANK(D[[#This Row],[CRS_GRONDSOORT]]),"ONWAAR","WAAR") -> ONWAAR | G54: =IF(ISBLANK(D[[#This Row],[SD_GRONDSOORT]]),"ONWAAR","WAAR") -> ONWAAR | H54: =IF(ISBLANK(D[[#This Row],[DSS_GRONDSOORT]]),"ONWAAR","WAAR") -> ONWAAR | I54: =IF(ISBLANK(D[[#This Row],[TXT_SS_GRONDSOORT]]),"ONWAAR","WAAR") -> ONWAAR | J54: bo_36-5_969+001_kr_13 | L54: Uitvoeren grondonderzoek, verkenning en planuitwerking te Doeveren | M54: 23ZP0747 | P54: Doeveren | V54: 135949.52 | W54: 416050.62 | X54: 6.52 | Y54: bo_36-5_969+001_kr | Z54: kruin | AA54: 45166 | AB54: bo_36-5_969+001_kr.pdf | AC54: bo_36-5_969+001_kr.gef | AD54: Inpijn-Blokpoel | AE54: BWN | AF54: Pulsboring / Ackermann steekbussen gedrukt | AG54: 1.02 | AI54: 13 | AJ54: steekbus 67 mm | AK54: geconditioneerd in gekoelde opslag bij 10 graden Celsius | AL54: -11.98 | AM54: -12.38 | AN54: 18.5 | AO54: 18.9 | AQ54: bo_36-5_969+001_kr_CLA.pdf | AR54: nvt | AS54: bo_36-5_969+001_kr_13 | AT54: Inpijn-Blokpoel | AU54: NEN-EN-ISO 14688-1:2019+NEN8990:2020 | AV54: 45279 | AW54: Zand fijn 105-150, siltig, subhoekig, bolvormig, kalkloos, standaardgrijs | AY54: -12.18
A55: 46 | B55: =IF(ISBLANK(D[[#This Row],[CLAS_GRONDSOORT]]),"ONWAAR","WAAR") -> WAAR | C55: =IF(ISBLANK(D[[#This Row],[CLAS_VN_HOOFDNAAM]]),"ONWAAR","WAAR") -> ONWAAR | D55: =IF(ISBLANK(D[[#This Row],[KV_GRONDSOORT]]),"ONWAAR","WAAR") -> ONWAAR | E55: =IF(ISBLANK(D[[#This Row],[CPT_QNET]]),"ONWAAR","WAAR") -> ONWAAR | F55: =IF(ISBLANK(D[[#This Row],[CRS_GRONDSOORT]]),"ONWAAR","WAAR") -> ONWAAR | G55: =IF(ISBLANK(D[[#This Row],[SD_GRONDSOORT]]),"ONWAAR","WAAR") -> ONWAAR | H55: =IF(ISBLANK(D[[#This Row],[DSS_GRONDSOORT]]),"ONWAAR","WAAR") -> ONWAAR | I55: =IF(ISBLANK(D[[#This Row],[TXT_SS_GRONDSOORT]]),"ONWAAR","WAAR") -> ONWAAR | J55: bo_36-5_972+100_kr_1 | L55: Uitvoeren grondonderzoek, verkenning en planuitwerking te Doeveren | M55: 23ZP0747 | P55: Doeveren | V55: 135592.91 | W55: 415884.41 | X55: 6.56 | Y55: bo_36-5_972+100_kr | Z55: kruin | AA55: 45168 | AB55: bo_36-5_972+100_kr.pdf | AC55: bo_36-5_972+100_kr.gef | AD55: Inpijn-Blokpoel | AE55: AYS | AF55: Pulsboring / Ackermann steekbussen gedrukt | AG55: -0.34 | AI55: 1 | AJ55: steekbus 67 mm | AK55: geconditioneerd in gekoelde opslag bij 10 graden Celsius | AL55: 5.46 | AM55: 5.06 | AN55: 1.1 | AO55: 1.5 | AQ55: bo_36-5_972+100_kr_CLA.pdf | AR55: nvt | AS55: bo_36-5_972+100_kr_1 | AT55: Inpijn-Blokpoel | AU55: NEN-EN-ISO 14688-1:2019+NEN8990:2020 | AV55: 45279 | AW55: Klei, stevig, zwak zandig, matig plastisch, zwak kalkhoudend, weinig zandlensjes, weinig plantenresten, standaardbruin | AY55: 5.31 | AZ55: 17.8 | BA55: 13.1 | BB55: 35.9
A56: 47 | B56: =IF(ISBLANK(D[[#This Row],[CLAS_GRONDSOORT]]),"ONWAAR","WAAR") -> WAAR | C56: =IF(ISBLANK(D[[#This Row],[CLAS_VN_HOOFDNAAM]]),"ONWAAR","WAAR") -> ONWAAR | D56: =IF(ISBLANK(D[[#This Row],[KV_GRONDSOORT]]),"ONWAAR","WAAR") -> ONWAAR | E56: =IF(ISBLANK(D[[#This Row],[CPT_QNET]]),"ONWAAR","WAAR") -> ONWAAR | F56: =IF(ISBLANK(D[[#This Row],[CRS_GRONDSOORT]]),"ONWAAR","WAAR") -> ONWAAR | G56: =IF(ISBLANK(D[[#This Row],[SD_GRONDSOORT]]),"ONWAAR","WAAR") -> ONWAAR | H56: =IF(ISBLANK(D[[#This Row],[DSS_GRONDSOORT]]),"ONWAAR","WAAR") -> ONWAAR | I56: =IF(ISBLANK(D[[#This Row],[TXT_SS_GRONDSOORT]]),"ONWAAR","WAAR") -> ONWAAR | J56: bo_36-5_972+100_kr_2 | L56: Uitvoeren grondonderzoek, verkenning en planuitwerking te Doeveren | M56: 23ZP0747 | P56: Doeveren | V56: 135592.91 | W56: 415884.41 | X56: 6.56 | Y56: bo_36-5_972+100_kr | Z56: kruin | AA56: 45168 | AB56: bo_36-5_972+100_kr.pdf | AC56: bo_36-5_972+100_kr.gef | AD56: Inpijn-Blokpoel | AE56: AYS | AF56: Pulsboring / Ackermann steekbussen gedrukt | AG56: -0.34 | AI56: 2 | AJ56: steekbus 67 mm | AK56: geconditioneerd in gekoelde opslag bij 10 graden Celsius | AL56: 4.56 | AM56: 4.16 | AN56: 2 | AO56: 2.4 | AQ56: bo_36-5_972+100_kr_CLA.pdf | AR56: nvt | AS56: bo_36-5_972+100_kr_2 | AT56: Inpijn-Blokpoel | AU56: NEN-EN-ISO 14688-1:2019+NEN8990:2020 | AV56: 45279 | AW56: Klei, stevig, zwak organisch, matig plastisch, zwak kalkhoudend, zeer dun gelaagd met weinig dik gelamineerde veenlagen, weinig plantenresten, standaardgrijs | AY56: 4.38 | AZ56: 17.2 | BA56: 11.9 | BB56: 44.4
A57: 48 | B57: =IF(ISBLANK(D[[#This Row],[CLAS_GRONDSOORT]]),"ONWAAR","WAAR") -> WAAR | C57: =IF(ISBLANK(D[[#This Row],[CLAS_VN_HOOFDNAAM]]),"ONWAAR","WAAR") -> ONWAAR | D57: =IF(ISBLANK(D[[#This Row],[KV_GRONDSOORT]]),"ONWAAR","WAAR") -> ONWAAR | E57: =IF(ISBLANK(D[[#This Row],[CPT_QNET]]),"ONWAAR","WAAR") -> ONWAAR | F57: =IF(ISBLANK(D[[#This Row],[CRS_GRONDSOORT]]),"ONWAAR","WAAR") -> ONWAAR | G57: =IF(ISBLANK(D[[#This Row],[SD_GRONDSOORT]]),"ONWAAR","WAAR") -> ONWAAR | H57: =IF(ISBLANK(D[[#This Row],[DSS_GRONDSOORT]]),"ONWAAR","WAAR") -> ONWAAR | I57: =IF(ISBLANK(D[[#This Row],[TXT_SS_GRONDSOORT]]),"ONWAAR","WAAR") -> WAAR | J57: bo_36-5_972+100_kr_13 | L57: Uitvoeren grondonderzoek, verkenning en planuitwerking te Doeveren | M57: 23ZP0747 | P57: Doeveren | V57: 135592.91 | W57: 415884.41 | X57: 6.56 | Y57: bo_36-5_972+100_kr | Z57: kruin | AA57: 45168 | AB57: bo_36-5_972+100_kr.pdf | AC57: bo_36-5_972+100_kr.gef | AD57: Inpijn-Blokpoel | AE57: AYS | AF57: Pulsboring / Ackermann steekbussen gedrukt | AG57: -0.34 | AI57: 13 | AJ57: steekbus 67 mm | AK57: geconditioneerd in gekoelde opslag bij 10 graden Celsius | AL57: 4.16 | AM57: 3.76 | AN57: 2.4 | AO57: 2.8 | AP57: 13.6 | AQ57: bo_36-5_972+100_kr_CLA.pdf | AR57: nvt | AS57: bo_36-5_972+100_kr_13 | AT57: Inpijn-Blokpoel | AU57: NEN-EN-ISO 14688-1:2019+NEN8990:2020 | AV57: 45279 | AW57: Veen, matig stevig, kleiïg, geen treksterkte, veel kleilensjes, amorf, weinig plantenresten, standaardbruin | AY57: 3.96 | AZ57: 13.6 | BA57: 6.7 | BB57: 104 | NH57: bo_36-5_972+100_kr_13-TO19.pdf | NI57: bo_36-5_972+100_kr_13-TO19.txt | NJ57: bo_36-5_972+100_kr_13-TO19 | NK57: Inpijn-Blokpoel ingenieursbureau | NL57: NEN-EN-ISO 17892-9:2018 | NM57: 45212 | NN57: Klei | NO57: zwak organisch | NP57: 3.96 | NQ57: 45.2 | NR57: 13.59 | NS57: 6.66 | NT57: 119.1 | NU57: 103.95 | NV57: 98.91 | NW57: 2.49 | NX57: 2373 | NY57: 21.3 | NZ57: 21.3 | OA57: 50 | OB57: 100 | OC57: CaU | OD57: Volgens NEN-EN-ISO 17892-9:2018 | OE57: Drainagepapier volgens NEN-EN-ISO 17892-9:2018 | OF57: 299 | OG57: Eerst isotroop vervolgens anisotroop | OH57: 0.93 | OI57: Pore pressure mag niet meer dan 3 kPa oplopen in 30 minuten | OJ57: 41.83 | OK57: 0.83 | OL57: 42.06 | OM57: 1.95 | ON57: 42.06 | OO57: 1.95 | OP57: 1 | OQ57: 1.98 | OR57: 6.43 | OS57: 25% rek of einde slag ram/verplaatsingsopnemer | OT57: 0.97 | OU57: 40.9 | OV57: 23.49 | OW57: 41.41 | OX57: 28.81 | OY57: 36.52 | OZ57: 24.11 | PA57: 41.45 | PB57: 28.94 | PC57: 5.54 | PD57: 30.8 | PE57: 18.49 | PF57: 25 | PG57: 3.82 | PH57: 0.71 | PI57: 0.48
A58: 49 | B58: =IF(ISBLANK(D[[#This Row],[CLAS_GRONDSOORT]]),"ONWAAR","WAAR") -> WAAR | C58: =IF(ISBLANK(D[[#This Row],[CLAS_VN_HOOFDNAAM]]),"ONWAAR","WAAR") -> ONWAAR | D58: =IF(ISBLANK(D[[#This Row],[KV_GRONDSOORT]]),"ONWAAR","WAAR") -> ONWAAR | E58: =IF(ISBLANK(D[[#This Row],[CPT_QNET]]),"ONWAAR","WAAR") -> ONWAAR | F58: =IF(ISBLANK(D[[#This Row],[CRS_GRONDSOORT]]),"ONWAAR","WAAR") -> ONWAAR | G58: =IF(ISBLANK(D[[#This Row],[SD_GRONDSOORT]]),"ONWAAR","WAAR") -> ONWAAR | H58: =IF(ISBLANK(D[[#This Row],[DSS_GRONDSOORT]]),"ONWAAR","WAAR") -> ONWAAR | I58: =IF(ISBLANK(D[[#This Row],[TXT_SS_GRONDSOORT]]),"ONWAAR","WAAR") -> ONWAAR | J58: bo_36-5_972+100_kr_3 | L58: Uitvoeren grondonderzoek, verkenning en planuitwerking te Doeveren | M58: 23ZP0747 | P58: Doeveren | V58: 135592.91 | W58: 415884.41 | X58: 6.56 | Y58: bo_36-5_972+100_kr | Z58: kruin | AA58: 45168 | AB58: bo_36-5_972+100_kr.pdf | AC58: bo_36-5_972+100_kr.gef | AD58: Inpijn-Blokpoel | AE58: AYS | AF58: Pulsboring / Ackermann steekbussen gedrukt | AG58: -0.34 | AI58: 3 | AJ58: steekbus 67 mm | AK58: geconditioneerd in gekoelde opslag bij 10 graden Celsius | AL58: 3.66 | AM58: 3.26 | AN58: 2.9 | AO58: 3.3 | AQ58: bo_36-5_972+100_kr_CLA.pdf | AR58: nvt | AS58: bo_36-5_972+100_kr_3 | AT58: Inpijn-Blokpoel | AU58: NEN-EN-ISO 14688-1:2019+NEN8990:2020 | AV58: 45279 | AW58: Klei, stevig, zwak zandig, zwak organisch, weinig plastisch, kalkloos, weinig veenbrokken, weinig plantenresten, standaardbruin | AY58: 3.51 | AZ58: 17.1 | BA58: 11.9 | BB58: 44.1
A59: 50 | B59: =IF(ISBLANK(D[[#This Row],[CLAS_GRONDSOORT]]),"ONWAAR","WAAR") -> WAAR | C59: =IF(ISBLANK(D[[#This Row],[CLAS_VN_HOOFDNAAM]]),"ONWAAR","WAAR") -> ONWAAR | D59: =IF(ISBLANK(D[[#This Row],[KV_GRONDSOORT]]),"ONWAAR","WAAR") -> ONWAAR | E59: =IF(ISBLANK(D[[#This Row],[CPT_QNET]]),"ONWAAR","WAAR") -> ONWAAR | F59: =IF(ISBLANK(D[[#This Row],[CRS_GRONDSOORT]]),"ONWAAR","WAAR") -> ONWAAR | G59: =IF(ISBLANK(D[[#This Row],[SD_GRONDSOORT]]),"ONWAAR","WAAR") -> ONWAAR | H59: =IF(ISBLANK(D[[#This Row],[DSS_GRONDSOORT]]),"ONWAAR","WAAR") -> ONWAAR | I59: =IF(ISBLANK(D[[#This Row],[TXT_SS_GRONDSOORT]]),"ONWAAR","WAAR") -> ONWAAR | J59: bo_36-5_972+100_kr_4 | L59: Uitvoeren grondonderzoek, verkenning en planuitwerking te Doeveren | M59: 23ZP0747 | P59: Doeveren | V59: 135592.91 | W59: 415884.41 | X59: 6.56 | Y59: bo_36-5_972+100_kr | Z59: kruin | AA59: 45168 | AB59: bo_36-5_972+100_kr.pdf | AC59: bo_36-5_972+100_kr.gef | AD59: Inpijn-Blokpoel | AE59: AYS | AF59: Pulsboring / Ackermann steekbussen gedrukt | AG59: -0.34 | AI59: 4 | AJ59: steekbus 67 mm | AK59: geconditioneerd in gekoelde opslag bij 10 graden Celsius | AL59: 2.76 | AM59: 2.36 | AN59: 3.8 | AO59: 4.2 | AQ59: bo_36-5_972+100_kr_CLA.pdf | AR59: nvt | AS59: bo_36-5_972+100_kr_4 | AT59: Inpijn-Blokpoel | AU59: NEN-EN-ISO 14688-1:2019+NEN8990:2020 | AV59: 45279 | AW59: Klei, stevig, zwak zandig, sterk organisch, matig plastisch, kalkloos, veel veenbrokken, weinig plantenresten, standaardgrijs | AY59: 2.57 | AZ59: 17.6 | BA59: 12.8 | BB59: 37.3
A60: 51 | B60: =IF(ISBLANK(D[[#This Row],[CLAS_GRONDSOORT]]),"ONWAAR","WAAR") -> WAAR | C60: =IF(ISBLANK(D[[#This Row],[CLAS_VN_HOOFDNAAM]]),"ONWAAR","WAAR") -> ONWAAR | D60: =IF(ISBLANK(D[[#This Row],[KV_GRONDSOORT]]),"ONWAAR","WAAR") -> ONWAAR | E60: =IF(ISBLANK(D[[#This Row],[CPT_QNET]]),"ONWAAR","WAAR") -> ONWAAR | F60: =IF(ISBLANK(D[[#This Row],[CRS_GRONDSOORT]]),"ONWAAR","WAAR") -> ONWAAR | G60: =IF(ISBLANK(D[[#This Row],[SD_GRONDSOORT]]),"ONWAAR","WAAR") -> ONWAAR | H60: =IF(ISBLANK(D[[#This Row],[DSS_GRONDSOORT]]),"ONWAAR","WAAR") -> ONWAAR | I60: =IF(ISBLANK(D[[#This Row],[TXT_SS_GRONDSOORT]]),"ONWAAR","WAAR") -> ONWAAR | J60: bo_36-5_972+100_kr_14a | L60: Uitvoeren grondonderzoek, verkenning en planuitwerking te Doeveren | M60: 23ZP0747 | P60: Doeveren | V60: 135592.91 | W60: 415884.41 | X60: 6.56 | Y60: bo_36-5_972+100_kr | Z60: kruin | AA60: 45168 | AB60: bo_36-5_972+100_kr.pdf | AC60: bo_36-5_972+100_kr.gef | AD60: Inpijn-Blokpoel | AE60: AYS | AF60: Pulsboring / Ackermann steekbussen gedrukt | AG60: -0.34 | AI60: 14a | AJ60: steekbus 67 mm | AK60: geconditioneerd in gekoelde opslag bij 10 graden Celsius | AL60: 2.36 | AM60: 2.06 | AN60: 4.2 | AO60: 4.5 | AP60: 15.3 | AQ60: bo_36-5_972+100_kr_CLA.pdf | AR60: nvt | AS60: bo_36-5_972+100_kr_14a | AT60: Inpijn-Blokpoel | AU60: NEN-EN-ISO 14688-1:2019+NEN8990:2020 | AV60: 45279 | AW60: Klei, stevig, zwak zandig, sterk organisch, weinig plastisch, kalkloos, weinig veenbrokken, weinig plantenresten, standaardbruin | AY60: 2.11 | AZ60: 16.5 | BA60: 10.9 | BB60: 51.7
A61: 52 | B61: =IF(ISBLANK(D[[#This Row],[CLAS_GRONDSOORT]]),"ONWAAR","WAAR") -> WAAR | C61: =IF(ISBLANK(D[[#This Row],[CLAS_VN_HOOFDNAAM]]),"ONWAAR","WAAR") -> ONWAAR | D61: =IF(ISBLANK(D[[#This Row],[KV_GRONDSOORT]]),"ONWAAR","WAAR") -> ONWAAR | E61: =IF(ISBLANK(D[[#This Row],[CPT_QNET]]),"ONWAAR","WAAR") -> ONWAAR | F61: =IF(ISBLANK(D[[#This Row],[CRS_GRONDSOORT]]),"ONWAAR","WAAR") -> ONWAAR | G61: =IF(ISBLANK(D[[#This Row],[SD_GRONDSOORT]]),"ONWAAR","WAAR") -> ONWAAR | H61: =IF(ISBLANK(D[[#This Row],[DSS_GRONDSOORT]]),"ONWAAR","WAAR") -> WAAR | I61: =IF(ISBLANK(D[[#This Row],[TXT_SS_GRONDSOORT]]),"ONWAAR","WAAR") -> ONWAAR | J61: bo_36-5_972+100_kr_14b | L61: Uitvoeren grondonderzoek, verkenning en planuitwerking te Doeveren | M61: 23ZP0747 | P61: Doeveren | V61: 135592.91 | W61: 415884.41 | X61: 6.56 | Y61: bo_36-5_972+100_kr | Z61: kruin | AA61: 45168 | AB61: bo_36-5_972+100_kr.pdf | AC61: bo_36-5_972+100_kr.gef | AD61: Inpijn-Blokpoel | AE61: AYS | AF61: Pulsboring / Ackermann steekbussen gedrukt | AG61: -0.34 | AI61: 14b | AJ61: steekbus 67 mm | AK61: geconditioneerd in gekoelde opslag bij 10 graden Celsius | AL61: 2.07 | AM61: 1.97 | AN61: 4.49 | AO61: 4.59 | AQ61: bo_36-5_972+100_kr_CLA.pdf | AR61: nvt | AS61: bo_36-5_972+100_kr_14b | AT61: Inpijn-Blokpoel | AU61: NEN-EN-ISO 14688-1:2019+NEN8990:2020 | AV61: 45279 | AW61: Klei, stevig, sterk zandig, zwak organisch, niet plastisch, kalkloos, weinig zandlensjes, standaardbruin | AY61: 2.03 | AZ61: 12.8 | BA61: 5.7 | BB61: 125 | LG61: bo_36-5_972+100_kr_14b-DO03.pdf | LH61: bo_36-5_972+100_kr_14b-DO03.txt | LI61: bo_36-5_972+100_kr_14b | LJ61: Inpijn-Blokpoel ingenieursbureau Son | LK61: ASTM D6528-17 | LL61: 45211 | LM61: Klei | LN61: sterk organisch | LO61: 2.03 | LP61: 72.8 | LQ61: 12.8 | LR61: 5.69 | LS61: 125 | LT61: 132.5 | LU61: 0.9873 | LV61: 2.761 | LW61: 2.349 | LX61: 2179.7 | LY61: 21.7 | LZ61: 19.8 | MA61: 65.32 | MB61: 27.93 | MC61: 24.88 | MD61: correctie na Calibratie op Agar Agar | ME61: Constante hoogte | MF61: 72.81 | MG61: 72.81 | MH61: 1 | MI61: 10.94 | MJ61: 1 | MK61: 23.09 | ML61: 4.496 | MM61: 1.118 | MN61: 63.23 | MO61: 16.37 | MP61: 56.73 | MQ61: 23.84 | MR61: 50.85 | MS61: 28.55 | MT61: 46.7 | MU61: 29.91 | MV61: 42.02 | MW61: 29.91 | MX61: 40.38 | MY61: 30.75 | MZ61: 23.45 | NA61: 27.6 | NB61: 26.35 | NC61: 41.86 | NG61: 892
A62: 53 | B62: =IF(ISBLANK(D[[#This Row],[CLAS_GRONDSOORT]]),"ONWAAR","WAAR") -> WAAR | C62: =IF(ISBLANK(D[[#This Row],[CLAS_VN_HOOFDNAAM]]),"ONWAAR","WAAR") -> ONWAAR | D62: =IF(ISBLANK(D[[#This Row],[KV_GRONDSOORT]]),"ONWAAR","WAAR") -> ONWAAR | E62: =IF(ISBLANK(D[[#This Row],[CPT_QNET]]),"ONWAAR","WAAR") -> ONWAAR | F62: =IF(ISBLANK(D[[#This Row],[CRS_GRONDSOORT]]),"ONWAAR","WAAR") -> ONWAAR | G62: =IF(ISBLANK(D[[#This Row],[SD_GRONDSOORT]]),"ONWAAR","WAAR") -> ONWAAR | H62: =IF(ISBLANK(D[[#This Row],[DSS_GRONDSOORT]]),"ONWAAR","WAAR") -> ONWAAR | I62: =IF(ISBLANK(D[[#This Row],[TXT_SS_GRONDSOORT]]),"ONWAAR","WAAR") -> ONWAAR | J62: bo_36-5_972+100_kr_5 | L62: Uitvoeren grondonderzoek, verkenning en planuitwerking te Doeveren | M62: 23ZP0747 | P62: Doeveren | V62: 135592.91 | W62: 415884.41 | X62: 6.56 | Y62: bo_36-5_972+100_kr | Z62: kruin | AA62: 45168 | AB62: bo_36-5_972+100_kr.pdf | AC62: bo_36-5_972+100_kr.gef | AD62: Inpijn-Blokpoel | AE62: AYS | AF62: Pulsboring / Ackermann steekbussen gedrukt | AG62: -0.34 | AI62: 5 | AJ62: steekbus 67 mm | AK62: geconditioneerd in gekoelde opslag bij 10 graden Celsius | AL62: 1.86 | AM62: 1.46 | AN62: 4.7 | AO62: 5.1 | AQ62: bo_36-5_972+100_kr_CLA.pdf | AR62: nvt | AS62: bo_36-5_972+100_kr_5 | AT62: Inpijn-Blokpoel | AU62: NEN-EN-ISO 14688-1:2019+NEN8990:2020 | AV62: 45279 | AW62: Klei, stevig, sterk zandig, weinig plastisch, kalkloos, veel zandlensjes, standaardgrijs | AY62: 1.62 | AZ62: 18.6 | BA62: 14.1 | BB62: 32.4
A63: 54 | B63: =IF(ISBLANK(D[[#This Row],[CLAS_GRONDSOORT]]),"ONWAAR","WAAR") -> WAAR | C63: =IF(ISBLANK(D[[#This Row],[CLAS_VN_HOOFDNAAM]]),"ONWAAR","WAAR") -> ONWAAR | D63: =IF(ISBLANK(D[[#This Row],[KV_GRONDSOORT]]),"ONWAAR","WAAR") -> ONWAAR | E63: =IF(ISBLANK(D[[#This Row],[CPT_QNET]]),"ONWAAR","WAAR") -> ONWAAR | F63: =IF(ISBLANK(D[[#This Row],[CRS_GRONDSOORT]]),"ONWAAR","WAAR") -> ONWAAR | G63: =IF(ISBLANK(D[[#This Row],[SD_GRONDSOORT]]),"ONWAAR","WAAR") -> ONWAAR | H63: =IF(ISBLANK(D[[#This Row],[DSS_GRONDSOORT]]),"ONWAAR","WAAR") -> ONWAAR | I63: =IF(ISBLANK(D[[#This Row],[TXT_SS_GRONDSOORT]]),"ONWAAR","WAAR") -> ONWAAR | J63: bo_36-5_972+100_kr_6 | L63: Uitvoeren grondonderzoek, verkenning en planuitwerking te Doeveren | M63: 23ZP0747 | P63: Doeveren | V63: 135592.91 | W63: 415884.41 | X63: 6.56 | Y63: bo_36-5_972+100_kr | Z63: kruin | AA63: 45168 | AB63: bo_36-5_972+100_kr.pdf | AC63: bo_36-5_972+100_kr.gef | AD63: Inpijn-Blokpoel | AE63: AYS | AF63: Pulsboring / Ackermann steekbussen gedrukt | AG63: -0.34 | AI63: 6 | AJ63: steekbus 67 mm | AK63: geconditioneerd in gekoelde opslag bij 10 graden Celsius | AL63: 0.96 | AM63: 0.56 | AN63: 5.6 | AO63: 6 | AQ63: bo_36-5_972+100_kr_CLA.pdf | AR63: nvt | AS63: bo_36-5_972+100_kr_6 | AT63: Inpijn-Blokpoel | AU63: NEN-EN-ISO 14688-1:2019+NEN8990:2020 | AV63: 45279 | AW63: Klei, stevig, zwak zandig, zwak organisch, weinig plastisch, kalkloos, weinig zandlensjes, standaardgrijs | AY63: 0.66 | AZ63: 17.7 | BA63: 12.8 | BB63: 38.4
A64: 55 | B64: =IF(ISBLANK(D[[#This Row],[CLAS_GRONDSOORT]]),"ONWAAR","WAAR") -> WAAR | C64: =IF(ISBLANK(D[[#This Row],[CLAS_VN_HOOFDNAAM]]),"ONWAAR","WAAR") -> ONWAAR | D64: =IF(ISBLANK(D[[#This Row],[KV_GRONDSOORT]]),"ONWAAR","WAAR") -> ONWAAR | E64: =IF(ISBLANK(D[[#This Row],[CPT_QNET]]),"ONWAAR","WAAR") -> ONWAAR | F64: =IF(ISBLANK(D[[#This Row],[CRS_GRONDSOORT]]),"ONWAAR","WAAR") -> WAAR | G64: =IF(ISBLANK(D[[#This Row],[SD_GRONDSOORT]]),"ONWAAR","WAAR") -> ONWAAR | H64: =IF(ISBLANK(D[[#This Row],[DSS_GRONDSOORT]]),"ONWAAR","WAAR") -> ONWAAR | I64: =IF(ISBLANK(D[[#This Row],[TXT_SS_GRONDSOORT]]),"ONWAAR","WAAR") -> WAAR | J64: bo_36-5_972+100_kr_7 | L64: Uitvoeren grondonderzoek, verkenning en planuitwerking te Doeveren | M64: 23ZP0747 | P64: Doeveren | V64: 135592.91 | W64: 415884.41 | X64: 6.56 | Y64: bo_36-5_972+100_kr | Z64: kruin | AA64: 45168 | AB64: bo_36-5_972+100_kr.pdf | AC64: bo_36-5_972+100_kr.gef | AD64: Inpijn-Blokpoel | AE64: AYS | AF64: Pulsboring / Ackermann steekbussen gedrukt | AG64: -0.34 | AI64: 7 | AJ64: steekbus 67 mm | AK64: geconditioneerd in gekoelde opslag bij 10 graden Celsius | AL64: 0.06 | AM64: -0.34 | AN64: 6.5 | AO64: 6.9 | AQ64: bo_36-5_972+100_kr_CLA.pdf | AR64: nvt | AS64: bo_36-5_972+100_kr_7 | AT64: Inpijn-Blokpoel | AU64: NEN-EN-ISO 14688-1:2019+NEN8990:2020 | AV64: 45279 | AW64: Klei, stevig, zwak zandig, matig plastisch, kalkloos, weinig plantenresten, standaardgrijs | AY64: -0.19 | AZ64: 18.4 | BA64: 13.4 | BB64: 36.9 | EA64: bo_36-5_972+100_kr_7-C08.pdf | EB64: bo_36-5_972+100_kr_7-C08.txt | EC64: bo_36-5_972+100_kr_7-C08 | ED64: Inpijn-Blokpoel ingenieursbureau | EE64: ASTM D4186M/D4186M-12 | EF64: 45183 | EG64: Klei | EI64: 0.01 | EJ64: 113 | EK64: 18.96 | EL64: 14.33 | EM64: 32.35 | EN64: 27.41 | EO64: 102.2 | EP64: 21.7 | EQ64: 19.8 | ER64: 65.44 | ES64: 18.8 | ET64: 18.66 | EU64: 16.13 | EV64: 0.5 | EW64: -0.2 | EX64: 16 | EY64: 663.4 | EZ64: 564 | FA64: 416.6 | FB64: 225.3 | FC64: 1128 | FD64: 0.98 | FE64: 231 | FF64: 2.88 | FG64: 671.8 | FH64: 0.0062 | FI64: 0.0777 | FJ64: 0.0025 | NH64: bo_36-5_972+100_kr_7-TO08.pdf | NI64: bo_36-5_972+100_kr_7-TO08.txt | NJ64: bo_36-5_972+100_kr_7-TO08 | NK64: Inpijn-Blokpoel ingenieursbureau | NL64: NEN-EN-ISO 17892-9:2018 | NM64: 45194 | NN64: Klei | NP64: -0.19 | NQ64: 113 | NR64: 18.4 | NS64: 13.44 | NT64: 36.64 | NU64: 36.93 | NV64: 104.11 | NW64: 0.94 | NX64: 2663 | NY64: 21.3 | NZ64: 21.3 | OA64: 50 | OB64: 100 | OC64: CaU | OD64: Volgens NEN-EN-ISO 17892-9:2018 | OE64: Drainagepapier volgens NEN-EN-ISO 17892-9:2018 | OF64: 299 | OG64: Eerst isotroop vervolgens anisotroop | OH64: 0.68 | OI64: Pore pressure mag niet meer dan 3 kPa oplopen in 30 minuten | OJ64: 77.79 | OK64: 0.79 | OL64: 94.53 | OM64: 17.95 | ON64: 94.53 | OO64: 17.95 | OP64: 1 | OQ64: 1.13 | OR64: 3.41 | OS64: 25% rek of einde slag ram/verplaatsingsopnemer | OT64: 0.97 | OU64: 110.6 | OV64: 64.52 | OW64: 110.6 | OX64: 60.53 | OY64: 97 | OZ64: 36.72 | PA64: 111.4 | PB64: 64.98 | PC64: 2.49 | PD64: 91.63 | PE64: 30.04 | PF64: 25 | PG64: 0.18 | PH64: 26.24 | PI64: 0.23
A65: 56 | B65: =IF(ISBLANK(D[[#This Row],[CLAS_GRONDSOORT]]),"ONWAAR","WAAR") -> WAAR | C65: =IF(ISBLANK(D[[#This Row],[CLAS_VN_HOOFDNAAM]]),"ONWAAR","WAAR") -> ONWAAR | D65: =IF(ISBLANK(D[[#This Row],[KV_GRONDSOORT]]),"ONWAAR","WAAR") -> ONWAAR | E65: =IF(ISBLANK(D[[#This Row],[CPT_QNET]]),"ONWAAR","WAAR") -> ONWAAR | F65: =IF(ISBLANK(D[[#This Row],[CRS_GRONDSOORT]]),"ONWAAR","WAAR") -> ONWAAR | G65: =IF(ISBLANK(D[[#This Row],[SD_GRONDSOORT]]),"ONWAAR","WAAR") -> ONWAAR | H65: =IF(ISBLANK(D[[#This Row],[DSS_GRONDSOORT]]),"ONWAAR","WAAR") -> ONWAAR | I65: =IF(ISBLANK(D[[#This Row],[TXT_SS_GRONDSOORT]]),"ONWAAR","WAAR") -> ONWAAR | J65: bo_36-5_972+100_kr_8 | L65: Uitvoeren grondonderzoek, verkenning en planuitwerking te Doeveren | M65: 23ZP0747 | P65: Doeveren | V65: 135592.91 | W65: 415884.41 | X65: 6.56 | Y65: bo_36-5_972+100_kr | Z65: kruin | AA65: 45168 | AB65: bo_36-5_972+100_kr.pdf | AC65: bo_36-5_972+100_kr.gef | AD65: Inpijn-Blokpoel | AE65: AYS | AF65: Pulsboring / Ackermann steekbussen gedrukt | AG65: -0.34 | AI65: 8 | AJ65: steekbus 67 mm | AK65: geconditioneerd in gekoelde opslag bij 10 graden Celsius | AL65: -0.84 | AM65: -1.24 | AN65: 7.4 | AO65: 7.8 | AQ65: bo_36-5_972+100_kr_CLA.pdf | AR65: nvt | AS65: bo_36-5_972+100_kr_8 | AT65: Inpijn-Blokpoel | AU65: NEN-EN-ISO 14688-1:2019+NEN8990:2020 | AV65: 45279 | AW65: Klei, stevig, zwak zandig, sterk organisch, weinig plastisch, kalkloos, weinig veenbrokken, weinig plantenresten, donkergrijs | AY65: -1.1 | AZ65: 14.6 | BA65: 7.9 | BB65: 85.6
A66: 57 | B66: =IF(ISBLANK(D[[#This Row],[CLAS_GRONDSOORT]]),"ONWAAR","WAAR") -> ONWAAR | C66: =IF(ISBLANK(D[[#This Row],[CLAS_VN_HOOFDNAAM]]),"ONWAAR","WAAR") -> ONWAAR | D66: =IF(ISBLANK(D[[#This Row],[KV_GRONDSOORT]]),"ONWAAR","WAAR") -> WAAR | E66: =IF(ISBLANK(D[[#This Row],[CPT_QNET]]),"ONWAAR","WAAR") -> ONWAAR | F66: =IF(ISBLANK(D[[#This Row],[CRS_GRONDSOORT]]),"ONWAAR","WAAR") -> ONWAAR | G66: =IF(ISBLANK(D[[#This Row],[SD_GRONDSOORT]]),"ONWAAR","WAAR") -> ONWAAR | H66: =IF(ISBLANK(D[[#This Row],[DSS_GRONDSOORT]]),"ONWAAR","WAAR") -> ONWAAR | I66: =IF(ISBLANK(D[[#This Row],[TXT_SS_GRONDSOORT]]),"ONWAAR","WAAR") -> ONWAAR | J66: bo_36-5_972+100_kr_9 | L66: Uitvoeren grondonderzoek, verkenning en planuitwerking te Doeveren | M66: 23ZP0747 | P66: Doeveren | V66: 135592.91 | W66: 415884.41 | X66: 6.56 | Y66: bo_36-5_972+100_kr | Z66: kruin | AA66: 45168 | AB66: bo_36-5_972+100_kr.pdf | AC66: bo_36-5_972+100_kr.gef | AD66: Inpijn-Blokpoel | AE66: AYS | AF66: Pulsboring / Ackermann steekbussen gedrukt | AG66: -0.34 | AI66: 9 | AJ66: emmer | AK66: ongeconditioneerd in monstermagazijn | AL66: -1.74 | AM66: -2.14 | AN66: 8.3 | AO66: 8.7 | CE66: bo_36-5_972+100_kr_9-KVD | CF66: nvt | CG66: bo_36-5_972+100_kr_9 | CH66: Inpijn-Blokpoel | CI66: NEN-EN-ISO 17892-4:2016 | CJ66: 45212 | CK66: Zand, middelgrof 200-300, siltig | CM66: 214 | CN66: 186 | CO66: 0.01 | CP66: 73.19 | CQ66: 18.3 | CR66: 100 | CS66: 100 | CT66: 100 | CU66: 100 | CV66: 100 | CW66: 99.99 | CX66: 99.62 | CY66: 97.93 | CZ66: 80.57 | DA66: 47.15 | DB66: 34.4 | DC66: 26.8 | DD66: 14 | DE66: 12.64 | DF66: 12 | DG66: 8.5 | DH66: 245 | DI66: 229 | DJ66: 214 | DK66: 123 | DL66: 1.87
A67: 58 | B67: =IF(ISBLANK(D[[#This Row],[CLAS_GRONDSOORT]]),"ONWAAR","WAAR") -> WAAR | C67: =IF(ISBLANK(D[[#This Row],[CLAS_VN_HOOFDNAAM]]),"ONWAAR","WAAR") -> ONWAAR | D67: =IF(ISBLANK(D[[#This Row],[KV_GRONDSOORT]]),"ONWAAR","WAAR") -> ONWAAR | E67: =IF(ISBLANK(D[[#This Row],[CPT_QNET]]),"ONWAAR","WAAR") -> ONWAAR | F67: =IF(ISBLANK(D[[#This Row],[CRS_GRONDSOORT]]),"ONWAAR","WAAR") -> ONWAAR | G67: =IF(ISBLANK(D[[#This Row],[SD_GRONDSOORT]]),"ONWAAR","WAAR") -> ONWAAR | H67: =IF(ISBLANK(D[[#This Row],[DSS_GRONDSOORT]]),"ONWAAR","WAAR") -> ONWAAR | I67: =IF(ISBLANK(D[[#This Row],[TXT_SS_GRONDSOORT]]),"ONWAAR","WAAR") -> ONWAAR | J67: bo_36-5_978+101_kr_1 | L67: Uitvoeren grondonderzoek, verkenning en planuitwerking te Doeveren | M67: 23ZP0747 | P67: Doeveren | V67: 135066.5 | W67: 415594.41 | X67: 6.34 | Y67: bo_36-5_978+101_kr | Z67: kruin | AA67: 45170 | AB67: bo_36-5_978+101_kr.pdf | AC67: bo_36-5_978+101_kr.gef | AD67: Inpijn-Blokpoel | AE67: BWN | AF67: Pulsboring / Ackermann steekbussen gedrukt | AG67: -0.56 | AI67: 1 | AJ67: steekbus 67 mm | AK67: geconditioneerd in gekoelde opslag bij 10 graden Celsius | AL67: 5.04 | AM67: 4.64 | AN67: 1.3 | AO67: 1.7 | AQ67: bo_36-5_978+101_kr_CLA.pdf | AR67: nvt | AS67: bo_36-5_978+101_kr_1 | AT67: Inpijn-Blokpoel | AU67: NEN-EN-ISO 14688-1:2019+NEN8990:2020 | AV67: 45279 | AW67: Klei, stevig, sterk plastisch, kalkloos, weinig zandlensjes, weinig plantenresten, standaardgrijs | AY67: 4.85 | AZ67: 17.3 | BA67: 12.1 | BB67: 43.4
A68: 59 | B68: =IF(ISBLANK(D[[#This Row],[CLAS_GRONDSOORT]]),"ONWAAR","WAAR") -> WAAR | C68: =IF(ISBLANK(D[[#This Row],[CLAS_VN_HOOFDNAAM]]),"ONWAAR","WAAR") -> ONWAAR | D68: =IF(ISBLANK(D[[#This Row],[KV_GRONDSOORT]]),"ONWAAR","WAAR") -> ONWAAR | E68: =IF(ISBLANK(D[[#This Row],[CPT_QNET]]),"ONWAAR","WAAR") -> ONWAAR | F68: =IF(ISBLANK(D[[#This Row],[CRS_GRONDSOORT]]),"ONWAAR","WAAR") -> ONWAAR | G68: =IF(ISBLANK(D[[#This Row],[SD_GRONDSOORT]]),"ONWAAR","WAAR") -> ONWAAR | H68: =IF(ISBLANK(D[[#This Row],[DSS_GRONDSOORT]]),"ONWAAR","WAAR") -> ONWAAR | I68: =IF(ISBLANK(D[[#This Row],[TXT_SS_GRONDSOORT]]),"ONWAAR","WAAR") -> ONWAAR | J68: bo_36-5_978+101_kr_2 | L68: Uitvoeren grondonderzoek, verkenning en planuitwerking te Doeveren | M68: 23ZP0747 | P68: Doeveren | V68: 135066.5 | W68: 415594.41 | X68: 6.34 | Y68: bo_36-5_978+101_kr | Z68: kruin | AA68: 45170 | AB68: bo_36-5_978+101_kr.pdf | AC68: bo_36-5_978+101_kr.gef | AD68: Inpijn-Blokpoel | AE68: BWN | AF68: Pulsboring / Ackermann steekbussen gedrukt | AG68: -0.56 | AI68: 2 | AJ68: steekbus 67 mm | AK68: geconditioneerd in gekoelde opslag bij 10 graden Celsius | AL68: 4.04 | AM68: 3.64 | AN68: 2.3 | AO68: 2.7 | AQ68: bo_36-5_978+101_kr_CLA.pdf | AR68: nvt | AS68: bo_36-5_978+101_kr_2 | AT68: Inpijn-Blokpoel | AU68: NEN-EN-ISO 14688-1:2019+NEN8990:2020 | AV68: 45279 | AW68: Klei, stevig, zwak zandig, zwak organisch, sterk plastisch, zwak kalkhoudend, weinig veenbrokken, standaardgrijs | AY68: 3.9 | AZ68: 16.1 | BA68: 10.4 | BB68: 55.8
