Workbook

Sheet Dbase5_0
A2: Algemene kenmerken | V2: Kenmerken van de boring | AI2: Monster | AQ2: Classificatie | BP2: Atterbergsche grenzen | BT2: Veenclassificatie | CE2: Korrelverdeling zeefproef en fractieverdeling | DM2: Kenmerken van de sondering | EA2: Constant rate of strain proeven (CRS) | FK2: Samendrukkingsproeven | LG2: DSS-proeven | NH2: Triaxiaalproeven single stage | PJ2: Triaxiaalproeven multistage | QG2: Beschrijving proefresultaten | QM2: controle berekening terreinspanning | QT2: Analyse op data met de proevenverzameling tool
A4: Boring + monster nummer ID (gebruikt voor identificatie) | B4: Algemeen regelnummer | C4: Classificatie proeven uitgevoerd | D4: Veen classificatie uitgevoerd | E4: Korrel verdeling uitgevoerd | F4: Sondering uitgevoerd | G4: CRS-proef uitgevoerd | H4: Samendrukkings proef uitgevoerd | I4: DSS-proef uitgevoerd | J4: Triaxiaal proef uitgevoerd | K4: Opdrachtgever | L4: Projectnaam | M4: Projectnummer | N4: naam Polder Dijk | O4: Referentie | P4: Regio | Q4: Type waterkering | R4: Aanlegjaar | S4: Bodemkaart | T4: Geologie | U4: Filenaam Geot Profiel | V4: Xid | W4: Yid | X4: Maaiveldniveau | Y4: Nummer | Z4: Positie | AA4: Datum | AB4: Filenaam PDF | AC4: Filenaam GEF | AD4: Bedrijf | AE4: Boormeester | AF4: Methode | AG4: Opname GWS | AH4: GLG | AI4: Id | AJ4: Steekmethode | AK4: Opslagwijze | AL4: Niveau NAP vanaf | AM4: Niveau NAP tot | AN4: Niveau mv vanaf | AO4: Niveau mv tot | AP4: Totaal volumegewicht monsterbus | AQ4: Filenaam PDF | AR4: Filenaam Digitaal | AS4: Monsterid | AT4: Laboratorium classificatie + veenclassificatie | AU4: Normen | AV4: Datum | AW4: Classificatie grond | AX4: Beschrijving bijzondere bestanddelen of secundaire of tertiaire fracties | AY4: Monsterniveau | AZ4: Volumegewicht nat | BA4: Volumegewicht droog | BB4: Watergehalte | BC4: Porositeit | BD4: Poriengetal | BE4: Verzadigingsgraad | BF4: Volumegewicht Verzadigd | BG4: Specifieke massa Inschatting | BH4: Specifieke massa | BI4: Gloeiverlies | BJ4: Kalkgehalte | BK4: Pocketpenetro | BL4: Torvane | BM4: Fallinghead K10 | BN4: Constanthead K10 | BO4: Opmerking | BP4: Vloeigrens Cas | BQ4: Uitrolgrens | BR4: Plasticiteitsindex | BS4: Consistentieindex | BT4: Filenaam PDF | BU4: Filenaam Digitaal | BV4: Hoofdnaam | BW4: Botanisch | BX4: Verweringsgraad | BY4: Watergehalte | BZ4: Fijnevezels | CA4: Grovevezels | CB4: Hout | CC4: Gloeiverlies | CD4: Asgehalte | CE4: Filenaam PDF | CF4: Filenaam GEF | CG4: Monsterid | CH4: Laboratorium | CI4: Normen | CJ4: Datum | CK4: Classificatie grond | CL4: Beschrijving bijzondere bestanddelen of secundaire of tertiaire fracties | CM4: Mediaan Zandfractie | CN4: Mediaan Allefracties | CO4: Grind% | CP4: Zand% | CQ4: Silt% | CR4: %grind< 63 mm | CS4: %grind< 31,5 mm | CT4: %grind< 16 mm | CU4: %grind< 8 mm | CV4: %grind< 4 mm | CW4: %zand< 2 mm | CX4: %zand< 1 mm | CY4: %zand< 0,5 mm | CZ4: %zand< 250 μm | DA4: %zand< 180 μm | DB4: %zand< 125 μm | DC4: %silt< 63 μm | DD4: %silt< 32 μm | DE4: %silt< 20 μm | DF4: %slib< 16 μm | DG4: %lutum< 2 μm | DH4: D70 | DI4: D60 | DJ4: D50 | DK4: D10 | DL4: Cu Zand | DM4: Filenaam PDF | DN4: Filenaam GEF | DO4: Niveau | DP4: Trajectlengte gemiddeld | DQ4: Gemeten gemiddelde conusweerstand qc | DR4: Gemeten gemiddelde wrijvingsweerstand fs | DS4: Wrijvingsgetal gemiddeld Rf | DT4: Waterspanning gemiddeld u2 | DU4: Netto conusweerstand = qnet = qt - σv0 | DV4: Conusweerstand correctie gem. watersp. qt | DW4: Verticale grondspanning σv0 | DX4: Sonderingklasse 1 of 2 | DY4: netto oppervlakteverhoudingscoëfficiënt van de conus = a | DZ4: conusweerstand qc ball weerstandbolsonde | EA4: Filenaam PDF | EB4: Filenaam Spanningspad | EC4: Monsterid | ED4: Laboratorium | EE4: Norm | EF4: Datum | EG4: Classificatie grond | EH4: Beschrijving bijzondere bestanddelen of secundaire of tertiaire fracties | EI4: Monsterniveau | EJ4: Terreinspanning | EK4: Volumegewicht nat | EL4: Volumegewicht droog | EM4: Watergehalte voor | EN4: Watergehalte na proef | EO4: Verzadiging | EP4: Temperatuur proef max | EQ4: Temperatuur proef min | ER4: Proefstukdiameter voor | ES4: Proefstukhoogte voor | ET4: Proefstukhoogte na verzadiging | EU4: Proefstukhoogte na proef | EV4: Reksnelheid belasten | EW4: Reksnelheid ontlasten | EX4: Relaxatieduur | EY4: Eff spanning start relaxatie | EZ4: Eff spanning eind relaxatie | FA4: Eff vert spanning start ontlasten | FB4: Eff vert spanning eind Ontlasten | FC4: Eff vert spanning eind proef | FD4: Max rel wateroverspanning proef | FE4: Grensspanning A | FF4: Rek bij grensspanning A | FG4: Bovengrens grensspanning B | FH4: Isotache A | FI4: Isotache B | FJ4: Isotache C | FK4: Filenaam PDF | FL4: Filenaam spanningspad | FM4: Monsterid | FN4: Laboratorium | FO4: Norm | FP4: Datum | FQ4: Classificatie grond | FR4: Beschrijving bijzondere bestanddelen of secundaire of tertiaire fracties | FS4: Monsterniveau | FT4: Terreinspanning | FU4: Volumegewicht nat | FV4: Volumegewicht droog | FW4: Watergehalte initieel | FX4: Watergehalte na proef | FY4: Poriengetal | FZ4: Max temperatuur proef | GA4: Min temperatuur proef | GB4: Belast ontlaststappen | GC4: Typeproef | GD4: Bjerrum grensspanning | GE4: Bjerrum rek bij grensspanning | GF4: Bjerrum Cc | GG4: Bjerrum Cc Trap1 2 | GH4: Bjerrum Cc Trap2 3 | GI4: Bjerrum Cc Trap3 4 | GJ4: Bjerrum Cc Trap4 5 | GK4: Bjerrum Cc Trap5 6 | GL4: Bjerrum Cc Trap6 7 | GM4: Bjerrum Cc Trap7 8 | GN4: Bjerrum Cc Trap8 9 | GO4: Bjerrum Cc Trap9 10 | GP4: Bjerrum Cr | GQ4: Bjerrum Cr Trap1 2 | GR4: Bjerrum Cr Trap2 3 | GS4: Bjerrum Cr Trap3 4 | GT4: Bjerrum Cr Trap4 5 | GU4: Bjerrum Cr Trap5 6 | GV4: Bjerrum Cr Trap6 7 | GW4: Bjerrum Cr Trap7 8 | GX4: Bjerrum Sr Trap8 9 | GY4: Bjerrum Rr Trap9 10 | GZ4: Bjerrum Calpha | HA4: Bjerrum Calpha Trap1 | HB4: Bjerrum Calpha Trap2 | HC4: Bjerrum Calpha Trap3 | HD4: Bjerrum Calpha Trap4 | HE4: Bjerrum Calpha Trap5 | HF4: Bjerrum Calpha Trap6 | HG4: Bjerrum Calpha Trap7 | HH4: Bjerrum Calpha Trap8 | HI4: Bjerrum Calpha Trap9 | HJ4: Bjerrum Calpha Trap10 | HK4: Bjerrum V0 | HL4: Koppejan Grensspanning | HM4: Koppejan Rek bij Grensspanning | HN4: Koppejan C | HO4: Koppejan C' | HP4: Koppejan C Trap2 3 | HQ4: Koppejan C Trap3 4 | HR4: Koppejan C Trap4 5 | HS4: Koppejan C Trap5 6 | HT4: Koppejan C Trap6 7 | HU4: Koppejan C Trap7 8 | HV4: Koppejan C Trap8 9 | HW4: Koppejan Cp | HX4: Koppejan C'p | HY4: Koppejan Cp Trap2 3 | HZ4: Koppejan Cp Trap3 4 | IA4: Koppejan Cp Trap4 5 | IB4: Koppejan Cp Trap5 6 | IC4: Koppejan Cp Trap6 7 | ID4: Koppejan Cp Trap7 8 | IE4: Koppejan Cp Trap8 9 | IF4: Koppejan Cs | IG4: Koppejan C's | IH4: Koppejan Cs Trap2 3 | II4: Koppejan Cs Trap3 4 | IJ4: Koppejan Cs Trap4 5 | IK4: Koppejan Cs Trap5 6 | IL4: Koppejan Cs Trap6 7 | IM4: Koppejan Cs Trap7 8 | IN4: Koppejan Cs Trap8 9 | IO4: Isotache A | IP4: Isotache B | IQ4: Isotache C | IR4: Isotache Grensspanning A | IS4: Isotache Rek bij Grensspanning A | IT4: Isotache Bovengrens Grensspanning B | IU4: Casagrande Cv10 Trap2 | IV4: Casagrande Cv10 Trap3 | IW4: Casagrande Cv10 Trap4 | IX4: Casagrande Cv10 Trap5 | IY4: Casagrande Cv10 Trap6 | IZ4: Casagrande Cv10 Trap7 | JA4: Casagrande Cv10 Trap8 | JB4: Casagrande Cv10 Trap9 | JC4: Casagrande K10 Trap2 | JD4: Casagrande K10 Trap3 | JE4: Casagrande K10 Trap4 | JF4: Casagrande K10 Trap5 | JG4: Casagrande K10 Trap6 | JH4: Casagrande K10 Trap7 | JI4: Casagrande K10 Trap8 | JJ4: Casagrande K10 Trap9 | JK4: Casagrande Mv Trap2 | JL4: Casagrande Mv Trap3 | JM4: Casagrande Mv Trap4 | JN4: Casagrande Mv Trap5 | JO4: Casagrande Mv Trap6 | JP4: Casagrande Mv Trap7 | JQ4: Casagrande Mv Trap8 | JR4: Casagrande Mv Trap9 | JS4: Casagrande Spanning Cv10 Trap2 | JT4: Casagrande Spanning Cv10 Trap3 | JU4: Casagrande Spanning Cv10 Trap4 | JV4: Casagrande Spanning Cv10 Trap5 | JW4: Casagrande Spanning Cv10 Trap6 | JX4: Casagrande Spanning Cv10 Trap7 | JY4: Casagrande Spanning Cv10 Trap8 | JZ4: Casagrande Spanning Cv10 Trap9 | KA4: Taylor Cv10 Trap2 | KB4: Taylor Cv10 Trap3 | KC4: Taylor Cv10 Trap4 | KD4: Taylor Cv10 Trap5 | KE4: Taylor Cv10 Trap6 | KF4: Taylor Cv10 Trap7 | KG4: Taylor Cv10 Trap8 | KH4: Taylor Cv10 Trap9 | KI4: Taylor K10 Trap2 | KJ4: Taylor K10 Trap3 | KK4: Taylor K10 Trap4 | KL4: Taylor K10 Trap5 | KM4: Taylor K10 Trap6 | KN4: Taylor K10 Trap7 | KO4: Taylor K10 Trap8 | KP4: Taylor K10 Trap9 | KQ4: Taylor Mv Trap2 | KR4: Taylor Mv Trap3 | KS4: Taylor Mv Trap4 | KT4: Taylor Mv Trap5 | KU4: Taylor Mv Trap6 | KV4: Taylor Mv Trap7 | KW4: Taylor Mv Trap8 | KX4: Taylor Mv Trap9 | KY4: Taylor Spanning Cv10 Trap2 | KZ4: Taylor Spanning Cv10 Trap3 | LA4: Taylor Spanning Cv10 Trap4 | LB4: Taylor Spanning Cv10 Trap5 | LC4: Taylor Spanning Cv10 Trap6 | LD4: Taylor Spanning Cv10 Trap7 | LE4: Taylor Spanning Cv10 Trap8 | LF4: Taylor Spanning Cv10 Trap9 | LG4: Filenaam PDF | LH4: Filenaam Spanningspad | LI4: Monsterid | LJ4: Laboratorium | LK4: Norm | LL4: Datum | LM4: Classificatie grond | LN4: Beschrijving bijzondere bestanddelen of secundaire of tertiaire fracties | LO4: Monsterniveau | LP4: Terreinspanning | LQ4: Volumegewicht nat | LR4: Volumegewicht droog | LS4: Watergehalte voor | LT4: Watergehalte na proef | LU4: Verzadiginggraad voor | LV4: Poriengetal voor | LW4: Poriengetal einde consolidatie | LX4: Specifieke massa | LY4: Temperatuur proef max | LZ4: Temperatuur proef min | MA4: proefstukdiameter voor | MB4: proefstukhoogte voor | MC4: proefstukhoogte na consolidatie | MD4: Uitgevoerde Correcties | ME4: Uitvoeringswijze | MF4: Effectieve vertikale spanning - max consolidatie | MG4: Effectieve vertikale spanning - einde consolidatie | MH4: Overconsolidatieratio monster | MI4: Axiale rek einde consolidatie | MJ4: Belastingsstappen consolidatie | MK4: Duur consolidatie | ML4: Afschuifsnelheid %/uur | MM4: Afschuifsnelheid mm/uur | MN4: Normaalspanning σ'n bij 2% rek | MO4: Schuifspanning τ bij 2% rek | MP4: Normaalspanning σ'n bij 5% rek | MQ4: Schuifspanning τ bij 5% rek | MR4: Normaalspanning σ'n bij 10% rek | MS4: Schuifspanning τ bij 10% rek | MT4: Normaalspanning σ'n bij 15% rek | MU4: Schuifspanning τ bij 15% rek | MV4: Normaalspanning σ'n bij 20% rek | MW4: Schuifspanning τ bij 20% rek | MX4: Normaalspanning σ'n bij τ piek | MY4: Maximale schuifspanning τ piek | MZ4: Schuifrek bij max schuifspanning τ piek | NA4: Normaalspanning σ'n bij τ eind schuifrek | NB4: Schuifspanning τ bij eind schuifrek | NC4: Eind schuifrek | ND4: Databaseveld komt te vervallen | NE4: Databaseveld komt te vervallen | NF4: Databaseveld komt te vervallen | NG4: Schuifmodulus G50 | NH4: Filenaam PDF | NI4: Filenaam Spanningspad | NJ4: Monsterid | NK4: Laboratorium | NL4: Norm | NM4: Datum | NN4: Classificatie grond | NO4: Beschrijving bijzondere bestanddelen of secundaire of tertiaire fracties | NP4: Monsterniveau | NQ4: Terreinspanning σv' | NR4: Volumegewicht nat | NS4: Volumegewicht droog | NT4: Watergehalte na proef | NU4: Watergehalte voor | NV4: Verzadigingsgraad voor | NW4: Poriengetal voor | NX4: Specifieke massa | NY4: Temperatuur proef max | NZ4: Temperatuur proef min | OA4: proefstukdiameter voor | OB4: proefstukhoogte voor | OC4: Type proef | OD4: Membraancorrectie | OE4: Overigecorrecties | OF4: Backpressure | OG4: Consolidatiewijze | OH4: Spanningsverhouding stopcr K | OI4: Stopcriterium consolidatie | OJ4: Gem effectieve spanning σ' - isotrope consolidatie | OK4: Schuifspanning τ - isotrope consolidatie | OL4: Gem effectieve spanning σ' - max consolidatie | OM4: Schuifspanning τ - max consolidatie | ON4: Gem effectieve spanning σ' - einde consolidatie | OO4: Schuifspanning τ - einde consolidatie | OP4: OCR | OQ4: Axialerek consolidatie | OR4: Volumerek consolidatie | OS4: Stopcriterium Afschuiven | OT4: Axialereksnelheid Afschuiven | OU4: Gem eff spanning σ' bij 2% rek | OV4: Schuifspanning τ bij 2% rek | OW4: Gem eff spanning σ' bij 5% rek | OX4: Schuifspanning τ bij 5% rek | OY4: Gem eff spanning σ' bij 15% rek | OZ4: Schuifspanning τ bij 15% rek | PA4: Gem eff spanning σ' bij τ piek | PB4: Maximale schuifspanning τ piek | PC4: Schuifrek bij maximale schuifspanning τ piek | PD4: Gem eff spanning σ' bij τ eind schuifrek | PE4: Schuifspanning τ bij eind schuifrek | PF4: Eind schuifrek | PG4: E Undr50 | PH4: Rek bij E Undr50 | PI4: Skempton A | PJ4: Ms Filenaam PDF | PK4: Ms Filenaam Spanningspad | PL4: Ms Monsterid | PM4: Ms Laboratorium | PN4: Ms consolidatiespanning | PO4: Ms Rek bij E Undr50 | PP4: Ms E Undr50 | PQ4: Ms σ1' 2% | PR4: Ms σ2' 2% | PS4: Ms σ3' 2% | PT4: Ms τ1 2% | PU4: Ms τ2 2% | PV4: Ms τ3 2% | PW4: Ms C 2% | PX4: Ms Phi 2% | PY4: Ms σ1' 5% | PZ4: Ms σ2' 5% | QA4: Ms σ3' 5% | QB4: Ms τ1 5% | QC4: Ms τ2 5% | QD4: Ms τ3 5% | QE4: Ms C 5% | QF4: Ms Phi 5% | QG4: homogeen monster (ja/nee) | QH4: Bezwijkvorm (tonrond / schuifvlak) | QI4: kleur | QJ4: transitional soil? | QK4: score | QL4: opmerking | QM4: grondsoort bepaling POP | QN4: gemiddeld volumegewicht | QO4: - | QP4: - | QQ4: - | QR4: - | QS4: - | QT4: De naam van de verzameling (klei licht, klei zandig, veen, etc…) | QU4: - | QV4: Terreinspanning | QW4: Consolidatiespanning uit de TXT proef | QX4: Consolidatiespanning uit de DSS proef | QY4: Voorstel consolidatietype (TXT) | QZ4: Consolidatietype handmatig ingevoerd door gebruiker (TXT) | RA4: Consolidatietype waar mee gerekend wordt (TXT) | RB4: Voorstel consolidatietype (DSS) | RC4: Consolidatietype handmatig ingevoerd door gebruiker (DSS) | RD4: Consolidatietype waar mee gerekend wordt (DSS) | RE4: Grensspanning die volgt uit de proef | RF4: POP veld | RG4: POP veld gemiddeld | RH4: Voorstel grensspanning | RI4: Grensspanning handmatig ingevoerd door gebruiker | RJ4: Grensspanning waarmee gerekend wordt | RK4: OCR (TXT) | RL4: OCR (DSS)
A5: [-] | B5: [-] | C5: [-] | D5: [-] | E5: [-] | F5: [-] | G5: [-] | H5: [-] | I5: [-] | J5: [-] | K5: [-] | L5: [-] | M5: [-] | N5: [-] | O5: [-] | P5: [-] | Q5: [-] | R5: [-] | S5: [-] | T5: [-] | U5: [-] | V5: [m] | W5: [m] | X5: [m NAP] | Y5: [-] | Z5: [-] | AA5: [DD-MM-JJJJ] | AB5: [-] | AC5: [-] | AD5: [-] | AE5: [-] | AF5: [-] | AG5: [m NAP] | AH5: [m NAP] | AI5: [-] | AJ5: [-] | AK5: [-] | AL5: [m NAP] | AM5: [m NAP] | AN5: [m] | AO5: [m] | AP5: [kN/m3] | AQ5: [-] | AR5: [-] | AS5: [-] | AT5: [-] | AU5: [-] | AV5: [DD-MM-JJJJ] | AW5: [-] | AX5: [-] | AY5: [m NAP] | AZ5: [kN/m3] | BA5: [kN/m3] | BB5: [%] | BC5: [%] | BD5: [-] | BE5: [%] | BF5: [kN/m3] | BG5: [kg/m3] | BH5: [kg/m3] | BI5: [%] | BJ5: [%] | BK5: [kPa] | BL5: [kPa] | BM5: [m/s] | BN5: [m/s] | BO5: [-] | BP5: [%] | BQ5: [%] | BR5: [%] | BS5: [-] | BT5: [-] | BU5: [-] | BV5: [-] | BW5: [-] | BX5: [-] | BY5: [-] | BZ5: [-] | CA5: [-] | CB5: [-] | CC5: [%] | CD5: [%] | CE5: [-] | CF5: [-] | CG5: [-] | CH5: [-] | CI5: [-] | CJ5: [DD-MM-JJJJ] | CK5: [-] | CL5: [-] | CM5: [mu] | CN5: [mu] | CO5: [%] | CP5: [%] | CQ5: [%] | CR5: [%] | CS5: [%] | CT5: [%] | CU5: [%] | CV5: [%] | CW5: [%] | CX5: [%] | CY5: [%] | CZ5: [%] | DA5: [%] | DB5: [%] | DC5: [%] | DD5: [%] | DE5: [%] | DF5: [%] | DG5: [%] | DH5: [mu] | DI5: [mu] | DJ5: [mu] | DK5: [mu] | DL5: [-] | DM5: [-] | DN5: [-] | DO5: [m NAP] | DP5: [cm] | DQ5: [kPa] | DR5: [kPa] | DS5: [-] | DT5: [kPa] | DU5: [kPa] | DV5: [kPa] | DW5: [kPa] | DX5: [-] | DY5: [-] | DZ5: [kPa] | EA5: [-] | EB5: [-] | EC5: [-] | ED5: [-] | EE5: [-] | EF5: [DD-MM-JJJJ] | EG5: [-] | EH5: [-] | EI5: [m NAP] | EJ5: [kPa] | EK5: [kN/m3] | EL5: [kN/m3] | EM5: [%] | EN5: [%] | EO5: [kPa] | EP5: [°C] | EQ5: [°C] | ER5: [mm] | ES5: [mm] | ET5: [mm] | EU5: [mm] | EV5: [%/uur] | EW5: [%/uur] | EX5: [uur] | EY5: [kPa] | EZ5: [kPa] | FA5: [kPa] | FB5: [kPa] | FC5: [kPa] | FD5: [-] | FE5: [kPa] | FF5: [%] | FG5: [kPa] | FH5: [-] | FI5: [-] | FJ5: [-] | FK5: [-] | FL5: [-] | FM5: [-] | FN5: [-] | FO5: [-] | FP5: [DD-MM-JJJJ] | FQ5: [-] | FR5: [-] | FS5: [m NAP] | FT5: [kPa] | FU5: [kN/m3] | FV5: [kN/m3] | FW5: [%] | FX5: [%] | FY5: [-] | FZ5: [°C] | GA5: [°C] | GB5: [-] | GC5: [-] | GD5: [kPa] | GE5: [%] | GF5: [-] | GG5: [-] | GH5: [-] | GI5: [-] | GJ5: [-] | GK5: [-] | GL5: [-] | GM5: [-] | GN5: [-] | GO5: [-] | GP5: [-] | GQ5: [-] | GR5: [-] | GS5: [-] | GT5: [-] | GU5: [-] | GV5: [-] | GW5: [-] | GX5: [-] | GY5: [-] | GZ5: [-] | HA5: [-] | HB5: [-] | HC5: [-] | HD5: [-] | HE5: [-] | HF5: [-] | HG5: [-] | HH5: [-] | HI5: [-] | HJ5: [-] | HK5: [-] | HL5: [kPa] | HM5: [%] | HN5: [-] | HO5: [-] | HP5: [-] | HQ5: [-] | HR5: [-] | HS5: [-] | HT5: [-] | HU5: [-] | HV5: [-] | HW5: [-] | HX5: [-] | HY5: [-] | HZ5: [-] | IA5: [-] | IB5: [-] | IC5: [-] | ID5: [-] | IE5: [-] | IF5: [-] | IG5: [-] | IH5: [-] | II5: [-] | IJ5: [-] | IK5: [-] | IL5: [-] | IM5: [-] | IN5: [-] | IO5: [-] | IP5: [-] | IQ5: [-] | IR5: [kPa] | IS5: [%] | IT5: [kPa] | IU5: [m2/s] | IV5: [m2/s] | IW5: [m2/s] | IX5: [m2/s] | IY5: [m2/s] | IZ5: [m2/s] | JA5: [m2/s] | JB5: [m2/s] | JC5: [m/s] | JD5: [m/s] | JE5: [m/s] | JF5: [m/s] | JG5: [m/s] | JH5: [m/s] | JI5: [m/s] | JJ5: [m/s] | JK5: [1/MPa] | JL5: [1/MPa] | JM5: [1/MPa] | JN5: [1/MPa] | JO5: [1/MPa] | JP5: [1/MPa] | JQ5: [1/MPa] | JR5: [1/MPa] | JS5: [kPa] | JT5: [kPa] | JU5: [kPa] | JV5: [kPa] | JW5: [kPa] | JX5: [kPa] | JY5: [kPa] | JZ5: [kPa] | KA5: [m2/s] | KB5: [m2/s] | KC5: [m2/s] | KD5: [m2/s] | KE5: [m2/s] | KF5: [m2/s] | KG5: [m2/s] | KH5: [m2/s] | KI5: [m/s] | KJ5: [m/s] | KK5: [m/s] | KL5: [m/s] | KM5: [m/s] | KN5: [m/s] | KO5: [m/s] | KP5: [m/s] | KQ5: [1/MPa] | KR5: [1/MPa] | KS5: [1/MPa] | KT5: [1/MPa] | KU5: [1/MPa] | KV5: [1/MPa] | KW5: [1/MPa] | KX5: [1/MPa] | KY5: [kPa] | KZ5: [kPa] | LA5: [kPa] | LB5: [kPa] | LC5: [kPa] | LD5: [kPa] | LE5: [kPa] | LF5: [kPa] | LG5: [-] | LH5: [-] | LI5: [-] | LJ5: [-] | LK5: [-] | LL5: [DD-MM-JJJJ] | LM5: [-] | LN5: [-] | LO5: [m NAP] | LP5: [kPa] | LQ5: [kN/m3] | LR5: [kN/m3] | LS5: [%] | LT5: [%] | LU5: [%] | LV5: [-] | LW5: [-] | LX5: [kg/m3] | LY5: [°C] | LZ5: [°C] | MA5: [mm] | MB5: [mm] | MC5: [mm] | MD5: [-] | ME5: [-] | MF5: [kPa] | MG5: [kPa] | MH5: [-] | MI5: [%] | MJ5: [-] | MK5: [uur] | ML5: [%/uur] | MM5: [mm/uur] | MN5: [kPa] | MO5: [kPa] | MP5: [kPa] | MQ5: [kPa] | MR5: [kPa] | MS5: [kPa] | MT5: [kPa] | MU5: [kPa] | MV5: [kPa] | MW5: [kPa] | MX5: [kPa] | MY5: [kPa] | MZ5: [%] | NA5: [kPa] | NB5: [kPa] | NC5: [%] | ND5: [NVT] | NE5: [NVT] | NF5: [NVT] | NG5: [kPa] | NH5: [-] | NI5: [-] | NJ5: [-] | NK5: [-] | NL5: [-] | NM5: [DD-MM-JJJJ] | NN5: [-] | NO5: [-] | NP5: [m NAP] | NQ5: [kPa] | NR5: [kN/m3] | NS5: [kN/m3] | NT5: [%] | NU5: [%] | NV5: [%] | NW5: [-] | NX5: [kg/m3] | NY5: [°C] | NZ5: [°C] | OA5: [mm] | OB5: [mm] | OC5: [-] | OD5: [-] | OE5: [-] | OF5: [kPa] | OG5: [-] | OH5: [-] | OI5: [-] | OJ5: [kPa] | OK5: [kPa] | OL5: [kPa] | OM5: [kPa] | ON5: [kPa] | OO5: [kPa] | OP5: [-] | OQ5: [%] | OR5: [%] | OS5: [%] | OT5: [%/uur] | OU5: [kPa] | OV5: [kPa] | OW5: [kPa] | OX5: [kPa] | OY5: [kPa] | OZ5: [kPa] | PA5: [kPa] | PB5: [kPa] | PC5: [%] | PD5: [kPa] | PE5: [kPa] | PF5: [%] | PG5: [MPa] | PH5: [%] | PI5: [-] | PJ5: [-] | PK5: [-] | PL5: [-] | PM5: [-] | PN5: [kPa] | PO5: [%] | PP5: [MPa] | PQ5: [kPa] | PR5: [kPa] | PS5: [kPa] | PT5: [kPa] | PU5: [kPa] | PV5: [kPa] | PW5: [kPa] | PX5: [°] | PY5: [kPa] | PZ5: [kPa] | QA5: [kPa] | QB5: [kPa] | QC5: [kPa] | QD5: [kPa] | QE5: [kPa] | QF5: [°] | QG5: [-] | QH5: [-] | QI5: [°] | QJ5: [kPa] | QK5: [°] | QL5: [kPa] | QM5: [°] | QN5: [kPa] | QO5: [°] | QP5: [kPa] | QQ5: [°] | QR5: [kPa] | QS5: [kPa] | QT5: [-] | QU5: [-] | QV5: [kPa] | QW5: [kPa] | QX5: [kPa] | QY5: [-] | QZ5: [-] | RA5: [-] | RB5: [-] | RC5: [-] | RD5: [-] | RE5: [kPa] | RF5: [-] | RG5: [-] | RH5: [kPa] | RI5: [kPa] | RJ5: [kPa] | RK5: [-] | RL5: [-]
A7: ALG__BORING_MONSTERNR_ID | B7: ALG__REGEL | C7: ALG__CLASSIFICATIE | D7: ALG__VEENCLASSIFICATIE | E7: ALG__KORRELVERDELING | F7: ALG__SONDEERWAARDE | G7: ALG__CRS | H7: ALG__SAMENDRUKKING | I7: ALG__DSS | J7: ALG__TRIAXIAAL | K7: ALG_OPDRACHTGEVER | L7: ALG_PROJECTNAAM | M7: ALG_PROJECTNUMMER | N7: ALG_NAAM_POLDER_DIJK | O7: ALG_REFERENTIE | P7: ALG_REGIO | Q7: ALG_TYPE_WATERKERING | R7: ALG_AANLEGJAAR | S7: ALG_BODEMKAART | T7: ALG_GEOLOGIE | U7: ALG_FILENAAM_GEOT_PROFIEL | V7: BORING_XID | W7: BORING_YID | X7: BORING_MAAIVELDPEIL | Y7: BORING_NUMMER | Z7: BORING_POSITIE | AA7: BORING_DATUM | AB7: BORING_FILENAAM_PDF | AC7: BORING_FILENAAM_GEF | AD7: BORING_BEDRIJF | AE7: BORING_BOORMEESTER | AF7: BORING_METHODE | AG7: BORING_OPNAME_GWS | AH7: BORING_GLG | AI7: MONSTER_ID | AJ7: MONSTER_STEEKMETHODE | AK7: MONSTER_OPSLAGWIJZE | AL7: MONSTER_NIVEAU_NAP_VANAF | AM7: MONSTER_NIVEAU_NAP_TOT | AN7: MONSTER_NIVEAU_MV_VANAF | AO7: MONSTER_NIVEAU_MV_TOT | AP7: MONSTER_TOTAAL_VOLUMEGEWICHT | AQ7: CLAS_FILENAAM_PDF | AR7: CLAS_FILENAAM_DIGITAAL | AS7: CLAS_MONSTERID | AT7: CLAS_LABORATORIUM | AU7: CLAS_NORMEN | AV7: CLAS_DATUM | AW7: CLAS_GRONDSOORT | AX7: CLAS_OVERIGE_BESTANDDELEN | AY7: CLAS_MONSTERNIVEAU | AZ7: CLAS_VOLUMEGEWICHT_NAT | BA7: CLAS_VOLUMEGEWICHT_DRG | BB7: CLAS_WATERGEHALTE | BC7: CLAS_POROSITEIT | BD7: CLAS_PORIENGETAL | BE7: CLAS_VERZADIGINGSGRAAD | BF7: CLAS_VOLUMEGEWICHT_VERZADIGD | BG7: CLAS_SPECIFIEKE_MASSA_INSCHATTING | BH7: CLAS_SPECIFIEKE_MASSA | BI7: CLAS_GLOEIVERLIES | BJ7: CLAS_KALKGEHALTE | BK7: CLAS_POCKETPENETRO | BL7: CLAS_TORVANE | BM7: CLAS_FALLINGHEAD_K10 | BN7: CLAS_CONSTANTHEAD_K10 | BO7: CLAS_OPMERKING | BP7: CLAS_AT_VLOEIGRENS_CAS | BQ7: CLAS_AT_UITROLGRENS | BR7: CLAS_AT_PI | BS7: CLAS_AT_IC | BT7: CLAS_VN_FILENAAM_PDF | BU7: CLAS_VN_FILENAAM_DIGITAAL | BV7: CLAS_VN_HOOFDNAAM | BW7: CLAS_VN_BOTANISCH | BX7: CLAS_VN_VERWERINGSGRAAD | BY7: CLAS_VN_WATERGEHALTE | BZ7: CLAS_VN_FIJNEVEZELS | CA7: CLAS_VN_GROVEVEZELS | CB7: CLAS_VN_HOUT | CC7: CLAS_VN_GLOEIVERLIES | CD7: CLAS_VN_ASGEHALTE | CE7: KV_FILENAAM_PDF | CF7: KV_FILENAAM_GEF | CG7: KV_MONSTERID | CH7: KV_LABORATORIUM | CI7: KV_NORMEN | CJ7: KV_DATUM | CK7: KV_GRONDSOORT | CL7: KV_OVERIGE_BESTANDDELEN | CM7: KV_MEDIAAN_ZANDFRACTIE | CN7: KV_MEDIAAN_ALLEFRACTIES | CO7: KV_GRIND% | CP7: KV_ZAND% | CQ7: KV_SILT% | CR7: KV_DOOR_63MM | CS7: KV_DOOR_31.5MM | CT7: KV_DOOR_16MM | CU7: KV_DOOR_8MM | CV7: KV_DOOR_4MM | CW7: KV_DOOR_2MM | CX7: KV_DOOR_1MM | CY7: KV_DOOR_500MU | CZ7: KV_DOOR_250MU | DA7: KV_DOOR_180MU | DB7: KV_DOOR_125MU | DC7: KV_DOOR_63MU | DD7: KV_DOOR_32MU | DE7: KV_DOOR_20MU | DF7: KV_DOOR_16MU | DG7: KV_DOOR_2MU | DH7: KV_D70 | DI7: KV_D60 | DJ7: KV_D50 | DK7: KV_D10 | DL7: KV_CU_ZAND | DM7: CPT_FILENAAM_PDF | DN7: CPT_FILENAAM_GEF | DO7: CPT_NIVEAU | DP7: CPT_TRAJECTLENGTE_GEM | DQ7: CPT_CONUSWEERSTAND_GEM | DR7: CPT_WRIJVINGSWEERSTAND_GEM | DS7: CPT_WRIJVINGSGETAL_GEM | DT7: CPT_WATERSPANNING_GEM | DU7: CPT_QNET | DV7: CPT_QT | DW7: CPT_VO | DX7: CPT_KLASSE | DY7: CPT_A_FACTOR | DZ7: CPT_QBALL | EA7: CRS_FILENAAM_PDF | EB7: CRS_FILENAAM_SPANNINGSPAD | EC7: CRS_MONSTERID | ED7: CRS_LABORATORIUM | EE7: CRS_NORM | EF7: CRS_DATUM | EG7: CRS_GRONDSOORT | EH7: CRS_OVERIGE_BESTANDDELEN | EI7: CRS_MONSTERNIVEAU | EJ7: CRS_TERREINSPANNING | EK7: CRS_VOLUMEGEWICHT_NAT | EL7: CRS_VOLUMEGEWICHT_DRG | EM7: CRS_WATERGEHALTE_VOOR | EN7: CRS_WATERGEHALTE_NA_PROEF | EO7: CRS_VERZADIGING | EP7: CRS_TEMPERATUUR_PROEF_MAX | EQ7: CRS_TEMPERATUUR_PROEF_MIN | ER7: CRS_PROEFSTUKDIAMETER_VOOR | ES7: CRS_PROEFSTUKHOOGTE_VOOR | ET7: CRS_PROEFSTUKHOOGTE_NA_VERZADIGING | EU7: CRS_PROEFSTUKHOOGTE_NA_PROEF | EV7: CRS_REKSNELHEID_BELASTEN | EW7: CRS_REKSNELHEID_ONTLASTEN | EX7: CRS_RELAXATIEDUUR | EY7: CRS_EFF_SPANNING_START_RELAXATIE | EZ7: CRS_EFF_SPANNING_EIND_RELAXATIE | FA7: CRS_EFF_VERT_SPANNING_START_ONTLASTEN | FB7: CRS_EFF_VERT_SPANNING_EIND_ONTLASTEN | FC7: CRS_EFF_VERT_SPANNING_EIND_PROEF | FD7: CRS_MAX_REL_WATEROVERSPANNING_PROEF | FE7: CRS_GRENSSPANNING_A | FF7: CRS_REK_BIJ_GRENSSPANNING_A | FG7: CRS_BOVENGRENS_GRENSSPANNING_B | FH7: CRS_ISOTACHE_A | FI7: CRS_ISOTACHE_B | FJ7: CRS_ISOTACHE_C | FK7: SD_FILENAAM_PDF | FL7: SD_FILENAAM_SPANNINGSPAD | FM7: SD_MONSTERID | FN7: SD_LABORATORIUM | FO7: SD_NORM | FP7: SD_DATUM | FQ7: SD_GRONDSOORT | FR7: SD_OVERIGE_BESTANDDELEN | FS7: SD_MONSTERNIVEAU | FT7: SD_TERREINSPANNING | FU7: SD_VOLUMEGEWICHT_NAT | FV7: SD_VOLUMEGEWICHT_DR | FW7: SD_WATERGEHALTE_INI | FX7: SD_WATERGEHALTE_NA_PROEF | FY7: SD_PORIENGETAL | FZ7: SD_MAX_TEMPERATUUR_PROEF | GA7: SD_MIN_TEMPERATUUR_PROEF | GB7: SD_BELAST_ONTLASTSTAPPEN | GC7: SD_TYPEPROEF | GD7: SD_BJERRUM_GRENSSPANNING | GE7: SD_BJERRUM_REK_BIJ_GRENSSPANNING | GF7: SD_BJERRUM_CC | GG7: SD_BJERRUM_CC_TRAP1_2 | GH7: SD_BJERRUM_CC_TRAP2_3 | GI7: SD_BJERRUM_CC_TRAP3_4 | GJ7: SD_BJERRUM_CC_TRAP4_5 | GK7: SD_BJERRUM_CC_TRAP5_6 | GL7: SD_BJERRUM_CC_TRAP6_7 | GM7: SD_BJERRUM_CC_TRAP7_8 | GN7: SD_BJERRUM_CC_TRAP8_9 | GO7: SD_BJERRUM_CC_TRAP9_10 | GP7: SD_BJERRUM_CR | GQ7: SD_BJERRUM_CR_TRAP1_2 | GR7: SD_BJERRUM_CR_TRAP2_3 | GS7: SD_BJERRUM_CR_TRAP3_4 | GT7: SD_BJERRUM_CR_TRAP4_5 | GU7: SD_BJERRUM_CR_TRAP5_6 | GV7: SD_BJERRUM_CR_TRAP6_7 | GW7: SD_BJERRUM_CR_TRAP7_8 | GX7: SD_BJERRUM_SR_TRAP8_9 | GY7: SD_BJERRUM_RR_TRAP9_10 | GZ7: SD_BJERRUM_CALPHA | HA7: SD_BJERRUM_CALPHA_TRAP1 | HB7: SD_BJERRUM_CALPHA_TRAP2 | HC7: SD_BJERRUM_CALPHA_TRAP3 | HD7: SD_BJERRUM_CALPHA_TRAP4 | HE7: SD_BJERRUM_CALPHA_TRAP5 | HF7: SD_BJERRUM_CALPHA_TRAP6 | HG7: SD_BJERRUM_CALPHA_TRAP7 | HH7: SD_BJERRUM_CALPHA_TRAP8 | HI7: SD_BJERRUM_CALPHA_TRAP9 | HJ7: SD_BJERRUM_CALPHA_TRAP10 | HK7: SD_BJERRUM_V0 | HL7: SD_KOPPEJAN_GRENSSPANNING | HM7: SD_KOPPEJAN_REK_BIJ_GRENSSPANNING | HN7: SD_KOPPEJAN_C | HO7: SD_KOPPEJAN_C' | HP7: SD_KOPPEJAN_C_TRAP2_3 | HQ7: SD_KOPPEJAN_C_TRAP3_4 | HR7: SD_KOPPEJAN_C_TRAP4_5 | HS7: SD_KOPPEJAN_C_TRAP5_6 | HT7: SD_KOPPEJAN_C_TRAP6_7 | HU7: SD_KOPPEJAN_C_TRAP7_8 | HV7: SD_KOPPEJAN_C_TRAP8_9 | HW7: SD_KOPPEJAN_CP | HX7: SD_KOPPEJAN_C'P | HY7: SD_KOPPEJAN_CP_TRAP2_3 | HZ7: SD_KOPPEJAN_CP_TRAP3_4 | IA7: SD_KOPPEJAN_CP_TRAP4_5 | IB7: SD_KOPPEJAN_CP_TRAP5_6 | IC7: SD_KOPPEJAN_CP_TRAP6_7 | ID7: SD_KOPPEJAN_CP_TRAP7_8 | IE7: SD_KOPPEJAN_CP_TRAP8_9 | IF7: SD_KOPPEJAN_CS | IG7: SD_KOPPEJAN_C'S | IH7: SD_KOPPEJAN_CS_TRAP2_3 | II7: SD_KOPPEJAN_CS_TRAP3_4 | IJ7: SD_KOPPEJAN_CS_TRAP4_5 | IK7: SD_KOPPEJAN_CS_TRAP5_6 | IL7: SD_KOPPEJAN_CS_TRAP6_7 | IM7: SD_KOPPEJAN_CS_TRAP7_8 | IN7: SD_KOPPEJAN_CS_TRAP8_9 | IO7: SD_ISOTACHE_A | IP7: SD_ISOTACHE_B | IQ7: SD_ISOTACHE_C | IR7: SD_ISOTACHE_GRENSSPANNING_A | IS7: SD_ISOTACHE_REK_BIJ_GRENSSPANNING_A | IT7: SD_ISOTACHE_BOVENGRENS_GRENSSPANNING_B | IU7: SD_CASAGRANDE_CV10_TRAP2 | IV7: SD_CASAGRANDE_CV10_TRAP3 | IW7: SD_CASAGRANDE_CV10_TRAP4 | IX7: SD_CASAGRANDE_CV10_TRAP5 | IY7: SD_CASAGRANDE_CV10_TRAP6 | IZ7: SD_CASAGRANDE_CV10_TRAP7 | JA7: SD_CASAGRANDE_CV10_TRAP8 | JB7: SD_CASAGRANDE_CV10_TRAP9 | JC7: SD_CASAGRANDE_K10_TRAP2 | JD7: SD_CASAGRANDE_K10_TRAP3 | JE7: SD_CASAGRANDE_K10_TRAP4 | JF7: SD_CASAGRANDE_K10_TRAP5 | JG7: SD_CASAGRANDE_K10_TRAP6 | JH7: SD_CASAGRANDE_K10_TRAP7 | JI7: SD_CASAGRANDE_K10_TRAP8 | JJ7: SD_CASAGRANDE_K10_TRAP9 | JK7: SD_CASAGRANDE_MV_TRAP2 | JL7: SD_CASAGRANDE_MV_TRAP3 | JM7: SD_CASAGRANDE_MV_TRAP4 | JN7: SD_CASAGRANDE_MV_TRAP5 | JO7: SD_CASAGRANDE_MV_TRAP6 | JP7: SD_CASAGRANDE_MV_TRAP7 | JQ7: SD_CASAGRANDE_MV_TRAP8 | JR7: SD_CASAGRANDE_MV_TRAP9 | JS7: SD_CASAGRANDE_SPANNING_CV10_TRAP2 | JT7: SD_CASAGRANDE_SPANNING_CV10_TRAP3 | JU7: SD_CASAGRANDE_SPANNING_CV10_TRAP4 | JV7: SD_CASAGRANDE_SPANNING_CV10_TRAP5 | JW7: SD_CASAGRANDE_SPANNING_CV10_TRAP6 | JX7: SD_CASAGRANDE_SPANNING_CV10_TRAP7 | JY7: SD_CASAGRANDE_SPANNING_CV10_TRAP8 | JZ7: SD_CASAGRANDE_SPANNING_CV10_TRAP9 | KA7: SD_TAYLOR_CV10_TRAP2 | KB7: SD_TAYLOR_CV10_TRAP3 | KC7: SD_TAYLOR_CV10_TRAP4 | KD7: SD_TAYLOR_CV10_TRAP5 | KE7: SD_TAYLOR_CV10_TRAP6 | KF7: SD_TAYLOR_CV10_TRAP7 | KG7: SD_TAYLOR_CV10_TRAP8 | KH7: SD_TAYLOR_CV10_TRAP9 | KI7: SD_TAYLOR_K10_TRAP2 | KJ7: SD_TAYLOR_K10_TRAP3 | KK7: SD_TAYLOR_K10_TRAP4 | KL7: SD_TAYLOR_K10_TRAP5 | KM7: SD_TAYLOR_K10_TRAP6 | KN7: SD_TAYLOR_K10_TRAP7 | KO7: SD_TAYLOR_K10_TRAP8 | KP7: SD_TAYLOR_K10_TRAP9 | KQ7: SD_TAYLOR_MV_TRAP2 | KR7: SD_TAYLOR_MV_TRAP3 | KS7: SD_TAYLOR_MV_TRAP4 | KT7: SD_TAYLOR_MV_TRAP5 | KU7: SD_TAYLOR_MV_TRAP6 | KV7: SD_TAYLOR_MV_TRAP7 | KW7: SD_TAYLOR_MV_TRAP8 | KX7: SD_TAYLOR_MV_TRAP9 | KY7: SD_TAYLOR_SPANNING_CV10_TRAP2 | KZ7: SD_TAYLOR_SPANNING_CV10_TRAP3 | LA7: SD_TAYLOR_SPANNING_CV10_TRAP4 | LB7: SD_TAYLOR_SPANNING_CV10_TRAP5 | LC7: SD_TAYLOR_SPANNING_CV10_TRAP6 | LD7: SD_TAYLOR_SPANNING_CV10_TRAP7 | LE7: SD_TAYLOR_SPANNING_CV10_TRAP8 | LF7: SD_TAYLOR_SPANNING_CV10_TRAP9 | LG7: DSS_FILENAAM_PDF | LH7: DSS_FILENAAM_SPANNINGSPAD | LI7: DSS_MONSTERID | LJ7: DSS_LABORATORIUM | LK7: DSS_NORM | LL7: DSS_DATUM | LM7: DSS_GRONDSOORT | LN7: DSS_OVERIGE_BESTANDDELEN | LO7: DSS_MONSTERNIVEAU | LP7: DSS_TERREINSPANNING | LQ7: DSS_VOLUMEGEWICHT_NAT | LR7: DSS_VOLUMEGEWICHT_DRG | LS7: DSS_WATERGEHALTE_VOOR | LT7: DSS_WATERGEHALTE_NA_PROEF | LU7: DSS_VERZADIGINGGRAAD_VOOR | LV7: DSS_PORIENGETAL_VOOR | LW7: DSS_PORIENGETAL_EINDE_CONSOLIDATIE | LX7: DSS_SPECIFIEKE_MASSA | LY7: DSS_TEMPERATUUR_PROEF_MAX | LZ7: DSS_TEMPERATUUR_PROEF_MIN | MA7: DSS_PROEFSTUKDIAMETER_VOOR | MB7: DSS_PROEFSTUKHOOGTE_VOOR | MC7: DSS_PROEFSTUKHOOGTE_NA_CONSOLIDATIE | MD7: DSS_UITGEVOERDE_CORRECTIES | ME7: DSS_UITVOERINGSWIJZE | MF7: DSS_MAX_EFF_VERT_SPANNING_CONSOLIDATIE | MG7: DSS_EFF_VERT_SPANNING_EINDE_CONSOLIDATIE | MH7: DSS_OCR | MI7: DSS_AXIALEREK_EINDE_CONSOLIDATIE | MJ7: DSS_BELASTINGSSTAPPEN_CONSOLIDATIE | MK7: DSS_DUUR_CONSOLIDATIE | ML7: DSS_AFSCHUIFSNELHEID_%UUR | MM7: DSS_AFSCHUIFSNELHEID_MMUUR | MN7: DSS_S_2% | MO7: DSS_T_2% | MP7: DSS_S_5% | MQ7: DSS_T_5% | MR7: DSS_S_10% | MS7: DSS_T_10% | MT7: DSS_S_15% | MU7: DSS_T_15% | MV7: DSS_S_20% | MW7: DSS_T_20% | MX7: DSS_S_BIJ_T_MAX | MY7: DSS_T_MAX | MZ7: DSS_REK_BIJ_T_MAX | NA7: DSS_S_BIJ_T_EIND | NB7: DSS_T_EIND | NC7: DSS_REK_BIJ_T_EIND | ND7: DSS_S_BIJ_MAX_S1S3 | NE7: DSS_T_BIJ_MAX_S1S3 | NF7: DSS_REK_BIJ_MAX_S1S3 | NG7: DSS_SCHUIFMODULUS_G50 | NH7: TXT_SS_FILENAAM_PDF | NI7: TXT_SS_FILENAAM_SPANNINGSPAD | NJ7: TXT_SS_MONSTERID | NK7: TXT_SS_LABORATORIUM | NL7: TXT_SS_NORM | NM7: TXT_SS_DATUM | NN7: TXT_SS_GRONDSOORT | NO7: TXT_SS_OVERIGE_BESTANDDELEN | NP7: TXT_SS_MONSTERNIVEAU | NQ7: TXT_SS_TERREINSPANNING | NR7: TXT_SS_VOLUMEGEWICHT_NAT | NS7: TXT_SS_VOLUMEGEWICHT_DRG | NT7: TXT_SS_WATERGEHALTE_NA_PROEF | NU7: TXT_SS_WATERGEHALTE_VOOR | NV7: TXT_SS_VERZADIGINGSGRAAD_VOOR | NW7: TXT_SS_PORIENGETAL_VOOR | NX7: TXT_SS_SPECIFIEKE_MASSA | NY7: TXT_SS_TEMPERATUUR_PROEF_MAX | NZ7: TXT_SS_TEMPERATUUR_PROEF_MIN | OA7: TXT_SS_PROEFSTUKDIAMETER_VOOR | OB7: TXT_SS_PROEFSTUKHOOGTE_VOOR | OC7: TXT_SS_TYPE_PROEF | OD7: TXT_SS_MEMBRAANCORRECTIE | OE7: TXT_SS_OVERIGECORRECTIES | OF7: TXT_SS_BACKPRESSURE | OG7: TXT_SS_CONSOLIDATIEWIJZE | OH7: TXT_SS_SPANNINGSVERHOUDING_STOPCR_K | OI7: TXT_SS_STOPCRITERIUM_CONSOLIDATIE | OJ7: TXT_SS_S'_ISOTROOP_CONSOLIDATIE | OK7: TXT_SS_T_ISOTROOP_CONSOLIDATIE | OL7: TXT_SS_S'_MAX_CONSOLIDATIE | OM7: TXT_SS_T_MAX_CONSOLIDATIE | ON7: TXT_SS_S'_EIND_CONSOLIDATIE | OO7: TXT_SS_T_EIND_CONSOLIDATIE | OP7: TXT_SS_OCR | OQ7: TXT_SS_AXIALEREK_CONSOLIDATIE | OR7: TXT_SS_VOLUMEREK_CONSOLIDATIE | OS7: TXT_SS_STOPCRITERIUM_AFSCHUIVEN | OT7: TXT_SS_AXIALEREKSNELHEID_AFSCHUIVEN | OU7: TXT_SS_S'_2% | OV7: TXT_SS_T_2% | OW7: TXT_SS_S'_5% | OX7: TXT_SS_T_5% | OY7: TXT_SS_S'_15% | OZ7: TXT_SS_T_15% | PA7: TXT_SS_S'_BIJ_T_PIEK | PB7: TXT_SS_T_PIEK | PC7: TXT_SS_REK_BIJ_T_PIEK | PD7: TXT_SS_S'_BIJ_T_EIND | PE7: TXT_SS_T_EIND | PF7: TXT_SS_REK_BIJ_T_EIND | PG7: TXT_SS_E_UNDR50 | PH7: TXT_SS_REK_BIJ_E_UNDR50 | PI7: TXT_SS_SKEMPTON_A | PJ7: TXT_MS_FILENAAM_PDF | PK7: TXT_MS_FILENAAM_SPANNINGSPAD | PL7: TXT_MS_MONSTERID | PM7: TXT_MS_LABORATORIUM | PN7: TXT_MS_CONSOLIDATIESPANNING | PO7: TXT_MS_REK_BIJ_E_UNDR50 | PP7: TXT_MS_E_UNDR50 | PQ7: TXT_MS_S1'_2% | PR7: TXT_MS_S2'_2% | PS7: TXT_MS_S3'_2% | PT7: TXT_MS_T1_2% | PU7: TXT_MS_T2_2% | PV7: TXT_MS_T3_2% | PW7: TXT_MS_C_2% | PX7: TXT_MS_PHI_2% | PY7: TXT_MS_S1'_5% | PZ7: TXT_MS_S2'_5% | QA7: TXT_MS_S3'_5% | QB7: TXT_MS_T1_5% | QC7: TXT_MS_T2_5% | QD7: TXT_MS_T3_5% | QE7: TXT_MS_C_5% | QF7: TXT_MS_PHI_5% | QG7: CEL_FILENAAM_PDF | QH7: CEL_FILENAAM_SPANNINGSPAD | QI7: CEL_PHI1 | QJ7: CEL_C1 | QK7: CEL_PHI2 | QL7: CEL_C2 | QM7: CEL_PHI3 | QN7: CEL_C3 | QO7: CEL_PHI4 | QP7: CEL_C4 | QQ7: CEL_PHI5 | QR7: CEL_C5 | QS7: CEL_EINDSPANNING | QT7: PV_NAAM | QU7: PV_OPMERKING | QV7: ANA_TERREINSPANNING | QW7: ANA_TXT_MAX_VERTICALE_CONSOLIDATIE_SPANNING | QX7: ANA_DSS_MAX_CONSOLIDATIE_SPANNING | QY7: ANA_TXT_CONSOLIDATIE_TYPE_VOORSTEL | QZ7: ANA_TXT_CONSOLIDATIE_TYPE_HANDMATIG | RA7: ANA_TXT_CONSOLIDATIE_TYPE_REKEN | RB7: ANA_DSS_CONSOLIDATIE_TYPE_VOORSTEL | RC7: ANA_DSS_CONSOLIDATIE_TYPE_HANDMATIG | RD7: ANA_DSS_CONSOLIDATIE_TYPE_REKEN | RE7: ANA_GRENSSPANNING_PROEF | RF7: ANA_POP_VELD | RG7: ANA_POP_VELD_GEMIDDELD | RH7: ANA_GRENSSPANNING_VOORSTEL | RI7: ANA_GRENSSPANNING_HANDMATIG | RJ7: ANA_GRENSSPANNING_REKEN | RK7: OCR_TXT | RL7: OCR_DSS
A8: =Table1[[#This Row],[ALG__REGEL]]&"_"&Table1[[#This Row],[BORING_NUMMER]]&"_"&Table1[[#This Row],[MONSTER_ID]] -> 1_B01-K01_8-K405 | B8: 1 | C8: FALSE | G8: TRUE | H8: FALSE | I8: TRUE | J8: FALSE | K8: Waterschap | L8: Voorbeeld | N8: Polderdijk | O8: B01-K | Q8: Regionaal | V8: 78935.54 | W8: 446497.69 | X8: 0.055 | Y8: B01-K01 | Z8: KR | AA8: 45754 | AB8: Voorbeeld.pdf | AD8: Voorbeeld | AF8: Pulsboor | AG8: -1.995 | AI8: 8-K405 | AK8: Koelruimte 10°C en 85% luchtvochtigheid | AL8: -3.545 | AM8: -3.945 | AN8: 3.6 | AO8: 4 | AT8: Voorbeeld | AW8: Veen, kleiïg, bruin, donker, Pulsinstallatie machinaal | AX8: kleiïg | EA8: OED_CRS30)GA250495_B01-K01_8-K405.pdf | EC8: B01-K01_8-K405 | ED8: Voorbeeld | EE8: ASTM 4168 M | EF8: 45917 | EG8: Veen, kleiïg, bruin, donker, Pulsinstallatie machinaal | EH8: kleiïg | EI8: -3.87 | EJ8: 49.2 | EK8: 9.9 | EL8: 1.7 | EM8: 490.4 | EN8: 301.9 | ER8: 63.5 | ES8: 22 | ET8: 21.95 | EU8: 11.93 | EV8: 0.5 | EW8: -0.5 | EX8: 16 | EY8: 176.1 | EZ8: 129.1 | FA8: 117.5 | FB8: 29.9 | FC8: 292.7 | FD8: 0.1 | FE8: 57.3 | FF8: 13.15 | FG8: 105 | FH8: 0.0389 | FI8: 0.295 | FJ8: 0.0194 | LG8: DSS7)GA250495_B01-K01_8-K405.pdf | LH8: DSS7)GA250495_B01-K01_8-K405_ASCII.txt | LI8: 8-K405 | LJ8: Voorbeeld | LK8: ASTM D6528 | LL8: 45883 | LM8: Veen, kleiïg, bruin, donker, Pulsinstallatie machinaal | LN8: kleiïg | LO8: -3.75 | LP8: 49.3 | LQ8: 9.6449541 | LR8: 1.6322582 | LS8: 490.89636 | LT8: 494.39252 | LV8: 12.380839 | LW8: 10.627698 | LX8: 2226.4 | LY8: 20 | LZ8: 20 | MA8: 63 | MB8: 25 | MC8: 21.7 | MD8: Conform 1207808-007-GEO-0002-v3-r-Dijken op Veen II en 1230090-019-GEO-0002-v03-r-Protocol laboratoriumproeven voor grondonderzoek aan waterkeringen | ME8: Constante hoogte | MF8: 50.3 | MG8: 50.3 | MI8: 13.09955 | MJ8: 1 | MK8: 20.048379 | ML8: 5 | MM8: 1.0862265 | MN8: 46.877508 | MO8: 7.0255506 | MP8: 43.448697 | MQ8: 12.029342 | MR8: 41.944437 | MS8: 16.009889 | MT8: 41.284872 | MU8: 18.065117 | MV8: 41.151829 | MW8: 19.16591 | MX8: 41.168395 | MY8: 19.779527 | MZ8: 27.998826 | NA8: 40.241155 | NB8: 19.432292 | NC8: 40 | NG8: 289.86352 | QT8: DSS_voorbeeld | QV8: 49.3 | QX8: 50.3 | RB8: OC | RD8: OC | RE8: 57.3 | RF8: 8 | RG8: 10.15 | RJ8: 57.3 | RL8: 1.1622718
A9: =Table1[[#This Row],[ALG__REGEL]]&"_"&Table1[[#This Row],[BORING_NUMMER]]&"_"&Table1[[#This Row],[MONSTER_ID]] -> 2_B01-K02_8-505 | B9: 2 | C9: FALSE | G9: FALSE | H9: FALSE | I9: TRUE | J9: FALSE | K9: Waterschap | L9: Voorbeeld | N9: Polderdijk | O9: B01-K | Q9: Regionaal | V9: 78940.35 | W9: 446498.06 | X9: 0.044 | Y9: B01-K02 | Z9: KR | AA9: 45754 | AB9: Voorbeeld.pdf | AD9: Voorbeeld | AF9: Pulsboor | AG9: -1.996 | AI9: 8-505 | AK9: Koelruimte 10°C en 85% luchtvochtigheid | AL9: -3.556 | AM9: -3.956 | AN9: 3.6 | AO9: 4 | AT9: Voorbeeld | AW9: Veen, kleiïg, bruin, donker, Pulsinstallatie machinaal, Laag | AX9: kleiïg | LG9: DSS9)GA250495_B01-K02_8-505.pdf | LH9: DSS9)GA250495_B01-K02_8-505_ASCII.txt | LI9: 8-505 | LJ9: Voorbeeld | LK9: ASTM D6528 | LL9: 45887 | LM9: Veen, kleiïg, bruin, donker, Pulsinstallatie machinaal, Laag | LN9: kleiïg | LO9: -3.85 | LP9: 46.3 | LQ9: 9.3944522 | LR9: 1.4242997 | LS9: 559.58395 | LT9: 530 | LV9: 9.1612695 | LW9: 7.9062003 | LX9: 1475.3 | LY9: 20 | LZ9: 20 | MA9: 63 | MB9: 25 | MC9: 21.9 | MD9: Conform 1207808-007-GEO-0002-v3-r-Dijken op Veen II en 1230090-019-GEO-0002-v03-r-Protocol laboratoriumproeven voor grondonderzoek aan waterkeringen | ME9: Constante hoogte | MF9: 46.3 | MG9: 46.3 | MI9: 12.349358 | MJ9: 1 | MK9: 20.045586 | ML9: 5 | MM9: 1.0956062 | MN9: 42.822251 | MO9: 7.211976 | MP9: 40.919683 | MQ9: 12.544427 | MR9: 39.768661 | MS9: 16.908245 | MT9: 38.939729 | MU9: 19.261539 | MV9: 38.344812 | MW9: 20.392407 | MX9: 35.623089 | MY9: 20.891441 | MZ9: 30.992232 | NA9: 33.452208 | NB9: 20.634183 | NC9: 40 | NG9: 294.35723 | QT9: DSS_voorbeeld | QV9: 46.3 | QX9: 46.3 | RB9: OC | RD9: OC | RI9: 70 | RJ9: 70 | RL9: 1.511879
A10: =Table1[[#This Row],[ALG__REGEL]]&"_"&Table1[[#This Row],[BORING_NUMMER]]&"_"&Table1[[#This Row],[MONSTER_ID]] -> 3_B02-AL01_14-1088 | B10: 3 | C10: FALSE | G10: TRUE | H10: FALSE | I10: TRUE | J10: FALSE | K10: Waterschap | L10: Voorbeeld | N10: Polderdijk | O10: B02-AL | Q10: Regionaal | V10: 87074.07 | W10: 441147.4 | X10: -1.768 | Y10: B02-AL01 | Z10: AL | AA10: 45754 | AB10: Voorbeeld.pdf | AD10: Voorbeeld | AF10: Pulsboor | AG10: -3.298 | AI10: 14-1088 | AK10: Koelruimte 10°C en 85% luchtvochtigheid | AL10: -7.768 | AM10: -8.168 | AN10: 6 | AO10: 6.4 | AT10: Voorbeeld | AW10: Veen, kleiïg, bruin, donker, Pulsinstallatie machinaal, Geen sterkte | AX10: kleiïg | EA10: OED_CRS9)GA250495_B02-AL01_14-1088.pdf | EC10: B02-AL01_14-1088 | ED10: Voorbeeld | EE10: ASTM 4168 M | EF10: 45874 | EG10: Veen, kleiïg, bruin, donker, Pulsinstallatie machinaal, Geen sterkte | EH10: kleiïg | EI10: -8.04 | EJ10: 49.3 | EK10: 10.1 | EL10: 1.7 | EM10: 486.5 | EN10: 334.1 | ER10: 63.5 | ES10: 22 | ET10: 21.95 | EU10: 12.84 | EV10: 0.5 | EW10: -0.5 | EX10: 16 | EY10: 172.9 | EZ10: 140.6 | FA10: 115.6 | FB10: 30.4 | FC10: 292.6 | FD10: 0.5 | FE10: 67.9 | FF10: 6.53 | FG10: 125 | FH10: 0.0507 | FI10: 0.323 | FJ10: 0.0139 | LG10: DSS3)GA250495_B02-AL01_14-1088.pdf | LH10: DSS3)GA250495_B02-AL01_14-1088_ASCII.txt | LI10: 14-1088 | LJ10: Voorbeeld | LK10: ASTM D6528 | LL10: 45876 | LM10: Veen, kleiïg, bruin, donker, Pulsinstallatie machinaal, Geen sterkte | LN10: kleiïg | LO10: -9.79 | LP10: 49.3 | LQ10: 9.9747607 | LR10: 1.7704541 | LS10: 463.40125 | LT10: 494.89872 | LV10: 7.113615 | LW10: 6.4182765 | LX10: 1464.3 | LY10: 20 | LZ10: 20 | MA10: 63 | MB10: 25 | MC10: 22.86 | MD10: Conform 1207808-007-GEO-0002-v3-r-Dijken op Veen II en 1230090-019-GEO-0002-v03-r-Protocol laboratoriumproeven voor grondonderzoek aan waterkeringen | ME10: Constante hoogte | MF10: 49.3 | MG10: 49.3 | MI10: 8.5660539 | MJ10: 1 | MK10: 20.043012 | ML10: 5 | MM10: 1.1428748 | MN10: 44.236297 | MO10: 10.595282 | MP10: 42.213659 | MQ10: 18.627326 | MR10: 40.074137 | MS10: 24.699932 | MT10: 39.35481 | MU10: 26.821697 | MV10: 40.142424 | MW10: 27.184765 | MX10: 39.955955 | MY10: 27.224398 | MZ10: 18.98719 | NA10: 44.668245 | NB10: 26.498493 | NC10: 40 | NG10: 469.46461 | QT10: DSS_voorbeeld | QV10: 49.3 | QX10: 49.3 | RB10: OC | RD10: OC | RE10: 67.9 | RF10: 18.6 | RG10: 20.066667 | RJ10: 67.9 | RL10: 1.3772819
A11: =Table1[[#This Row],[ALG__REGEL]]&"_"&Table1[[#This Row],[BORING_NUMMER]]&"_"&Table1[[#This Row],[MONSTER_ID]] -> 4_B02-AL01_15-1321 | B11: 4 | C11: FALSE | G11: FALSE | H11: FALSE | I11: TRUE | J11: FALSE | K11: Waterschap | L11: Voorbeeld | N11: Polderdijk | O11: B02-AL | Q11: Regionaal | V11: 87074.07 | W11: 441147.4 | X11: -1.768 | Y11: B02-AL01 | Z11: AL | AA11: 45754 | AB11: Voorbeeld.pdf | AD11: Voorbeeld | AF11: Pulsboor | AG11: -3.298 | AI11: 15-1321 | AK11: Koelruimte 10°C en 85% luchtvochtigheid | AL11: -8.168 | AM11: -8.568 | AN11: 6.4 | AO11: 6.8 | AT11: Voorbeeld | AW11: Veen, kleiïg, bruin, donker, Pulsinstallatie machinaal, Geen sterkte | AX11: kleiïg | LG11: DSS4)GA250495_B02-AL01_15-1321.pdf | LH11: DSS4)GA250495_B02-AL01_15-1321_ASCII.txt | LI11: 15-1321 | LJ11: Voorbeeld | LK11: ASTM D6528 | LL11: 45877 | LM11: Veen, kleiïg, bruin, donker, Pulsinstallatie machinaal, Geen sterkte | LN11: kleiïg | LO11: -10.17 | LP11: 49.3 | LQ11: 10.052807 | LR11: 1.9202718 | LS11: 423.50956 | LT11: 457.23997 | LV11: 6.5679567 | LW11: 6.1799963 | LX11: 1481.4 | LY11: 20 | LZ11: 20 | MA11: 63 | MB11: 25 | MC11: 23.63 | MD11: Conform 1207808-007-GEO-0002-v3-r-Dijken op Veen II en 1230090-019-GEO-0002-v03-r-Protocol laboratoriumproeven voor grondonderzoek aan waterkeringen | ME11: Constante hoogte | MF11: 49.3 | MG11: 49.3 | MI11: 5.1240728 | MJ11: 1 | MK11: 20.034977 | ML11: 5 | MM11: 1.1859206 | MN11: 46.348482 | MO11: 12.500709 | MP11: 44.10357 | MQ11: 22.579929 | MR11: 40.987905 | MS11: 29.690244 | MT11: 38.614433 | MU11: 30.95396 | MV11: 36.422961 | MW11: 30.986551 | MX11: 37.259092 | MY11: 31.103657 | MZ11: 18.169145 | NA11: 29.129659 | NB11: 28.061556 | NC11: 40 | NG11: 572.88001 | QT11: DSS_voorbeeld | QV11: 49.3 | QX11: 49.3 | RB11: OC | RD11: OC | RG11: 20.066667 | RH11: 69.366667 | RJ11: 69.366667 | RL11: 1.4070318
A12: =Table1[[#This Row],[ALG__REGEL]]&"_"&Table1[[#This Row],[BORING_NUMMER]]&"_"&Table1[[#This Row],[MONSTER_ID]] -> 5_B02-K01_16-667 | B12: 5 | C12: FALSE | G12: TRUE | H12: FALSE | I12: TRUE | J12: FALSE | K12: Waterschap | L12: Voorbeeld | N12: Polderdijk | O12: B02-K | Q12: Regionaal | V12: 87081.94 | W12: 441144.12 | X12: -0.167 | Y12: B02-K01 | Z12: KR | AA12: 45754 | AB12: Voorbeeld.pdf | AD12: Voorbeeld | AF12: Pulsboor | AG12: -3.147 | AI12: 16-667 | AK12: Koelruimte 10°C en 85% luchtvochtigheid | AL12: -6.967 | AM12: -7.367 | AN12: 6.8 | AO12: 7.2 | AT12: Voorbeeld | AW12: Veen, bruin, donker, Pulsinstallatie machinaal, Laag | EA12: OED_CRS15)GA250495_B02-K01_16-667.pdf | EC12: B02-K01_16-667 | ED12: Voorbeeld | EE12: ASTM 4168 M | EF12: 45880 | EG12: Veen, bruin, donker, Pulsinstallatie machinaal, Laag | EI12: -7.29 | EJ12: 60.7 | EK12: 9.8 | EL12: 1.6 | EM12: 522 | EN12: 316.3 | ER12: 63.5 | ES12: 22 | ET12: 21.95 | EU12: 11.62 | EV12: 0.5 | EW12: -0.5 | EX12: 16 | EY12: 372.5 | EZ12: 278.2 | FA12: 247.4 | FB12: 65.1 | FC12: 621.6 | FD12: 0.3 | FE12: 67.8 | FF12: 9.68 | FG12: 90 | FH12: 0.029 | FI12: 0.247 | FJ12: 0.0164 | LG12: DSS5)GA250495_B02-K01_16-667.pdf | LH12: DSS5)GA250495_B02-K01_16-667_ASCII.txt | LI12: 16-667 | LJ12: Voorbeeld | LK12: ASTM D6528 | LL12: 45881 | LM12: Veen, bruin, donker, Pulsinstallatie machinaal, Laag | LO12: -7.12 | LP12: 60.7 | LQ12: 10.035183 | LR12: 1.6749329 | LS12: 499.13941 | LT12: 485.09834 | LV12: 7.6313887 | LW12: 6.6771617 | LX12: 1473.7 | LY12: 20 | LZ12: 20 | MA12: 63 | MB12: 25 | MC12: 22.22 | MD12: Conform 1207808-007-GEO-0002-v3-r-Dijken op Veen II en 1230090-019-GEO-0002-v03-r-Protocol laboratoriumproeven voor grondonderzoek aan waterkeringen | ME12: Constante hoogte | MF12: 60.7 | MG12: 60.7 | MI12: 11.052488 | MJ12: 1 | MK12: 20.054582 | ML12: 5 | MM12: 1.1118086 | MN12: 56.835746 | MO12: 8.8377707 | MP12: 53.911947 | MQ12: 15.986324 | MR12: 50.225382 | MS12: 22.232453 | MT12: 47.77594 | MU12: 25.161584 | MV12: 46.151514 | MW12: 26.048086 | MX12: 46.093797 | MY12: 26.066964 | MZ12: 20.823459 | NA12: 39.711172 | NB12: 25.076201 | NC12: 40 | NG12: 364.93453 | QT12: DSS_voorbeeld | QV12: 60.7 | QX12: 60.7 | RB12: OC | RD12: OC | RE12: 67.8 | RF12: 7.1 | RG12: 7.1 | RJ12: 67.8 | RL12: 1.1169687
A13: =Table1[[#This Row],[ALG__REGEL]]&"_"&Table1[[#This Row],[BORING_NUMMER]]&"_"&Table1[[#This Row],[MONSTER_ID]] -> 6_B02-K02_17-22905 | B13: 6 | C13: FALSE | G13: TRUE | H13: FALSE | I13: TRUE | J13: FALSE | K13: Waterschap | L13: Voorbeeld | N13: Polderdijk | O13: B02-K | Q13: Regionaal | V13: 87083.63 | W13: 441148.12 | X13: -0.205 | Y13: B02-K02 | Z13: KR | AA13: 45754 | AB13: Voorbeeld.pdf | AD13: Voorbeeld | AF13: Pulsboor | AG13: -3.155 | AI13: 17-22905 | AK13: Koelruimte 10°C en 85% luchtvochtigheid | AL13: -7.405 | AM13: -7.805 | AN13: 7.2 | AO13: 7.6 | AT13: Voorbeeld | AW13: Veen, bruin, donker, Pulsinstallatie machinaal, Matig | EA13: OED_CRS18)GA250495_B02-K02_17-22905.pdf | EC13: B02-K02_17-22905 | ED13: Voorbeeld | EE13: ASTM 4168 M | EF13: 45895 | EG13: Veen, bruin, donker, Pulsinstallatie machinaal, Matig | EI13: -7.55 | EJ13: 55.8 | EK13: 9.1 | EL13: 1.6 | EM13: 474.4 | EN13: 312.6 | ER13: 63.5 | ES13: 22 | ET13: 21.96 | EU13: 11.5 | EV13: 0.5 | EW13: -0.5 | EX13: 16 | EY13: 189.7 | EZ13: 134.2 | FA13: 131.7 | FB13: 34.1 | FC13: 257.9 | FD13: 0.2 | FE13: 62.2 | FF13: 28.76 | FG13: 90 | FH13: 0.0469 | FI13: 0.32 | FJ13: 0.0241 | LG13: DSS8)GA250495_B02-K02_17-22905.pdf | LH13: DSS8)GA250495_B02-K02_17-22905_ASCII.txt | LI13: 17-22905 | LJ13: Voorbeeld | LK13: ASTM D6528 | LL13: 45883 | LM13: Veen, bruin, donker, Pulsinstallatie machinaal, Matig | LO13: -7.6 | LP13: 55.7 | LQ13: 9.5870491 | LR13: 1.5239805 | LS13: 529.0795 | LT13: 467.29282 | LV13: 8.5423423 | LW13: 6.2038016 | LX13: 1482.4 | LY13: 20 | LZ13: 20 | MA13: 63 | MB13: 25 | MC13: 18.85 | MD13: Conform 1207808-007-GEO-0002-v3-r-Dijken op Veen II en 1230090-019-GEO-0002-v03-r-Protocol laboratoriumproeven voor grondonderzoek aan waterkeringen | ME13: Constante hoogte | MF13: 56.7 | MG13: 56.7 | MI13: 24.502412 | MJ13: 1 | MK13: 20.060495 | ML13: 5 | MM13: 0.94366265 | MN13: 52.487227 | MO13: 10.769306 | MP13: 49.843347 | MQ13: 16.748992 | MR13: 47.007347 | MS13: 21.340435 | MT13: 46.214118 | MU13: 23.600171 | MV13: 44.961735 | MW13: 24.636906 | MX13: 40.926885 | MY13: 25.712796 | MZ13: 35.937253 | NA13: 40.747475 | NB13: 25.671808 | NC13: 40 | NG13: 461.21311 | QT13: DSS_voorbeeld | QV13: 55.8 | QX13: 56.7 | RB13: OC | RD13: OC | RE13: 62.2 | RF13: 6.4 | RG13: 8.9 | RJ13: 62.2 | RL13: 1.1146953
A14: =Table1[[#This Row],[ALG__REGEL]]&"_"&Table1[[#This Row],[BORING_NUMMER]]&"_"&Table1[[#This Row],[MONSTER_ID]] -> 7_B03-K01_2-K44 | B14: 7 | C14: FALSE | G14: TRUE | H14: FALSE | I14: TRUE | J14: FALSE | K14: Waterschap | L14: Voorbeeld | N14: Polderdijk | O14: B03-K | Q14: Regionaal | V14: 87513.65 | W14: 449526.42 | X14: -1.868 | Y14: B03-K01 | Z14: KR | AA14: 45754 | AB14: Voorbeeld.pdf | AD14: Voorbeeld | AF14: Pulsboor | AG14: -2.498 | AI14: 2-K44 | AK14: Koelruimte 10°C en 85% luchtvochtigheid | AL14: -3.068 | AM14: -3.468 | AN14: 1.2 | AO14: 1.6 | AT14: Voorbeeld | AW14: Veen, bruin, donker, Machinale Boring, Laag | EA14: OED_CRS50)GA250495_B03-K01_2-K 44.pdf | EC14: B03-K01_2-K 44 | ED14: Voorbeeld | EE14: ASTM 4168 M | EF14: 45936 | EG14: Veen, bruin, donker, Machinale Boring, Laag | EI14: -3.39 | EJ14: 12.3 | EK14: 9.7 | EL14: 1.7 | EM14: 479.7 | EN14: 389 | ER14: 63.5 | ES14: 25 | ET14: 25 | EU14: 18.54 | EV14: 0.5 | EW14: -0.5 | EX14: 16 | EY14: 42.1 | EZ14: 32.7 | FA14: 28.1 | FB14: 6.1 | FC14: 72.1 | FD14: 0.7 | FE14: 19.3 | FF14: 7.73 | FG14: 50 | FH14: 0.0242 | FI14: 0.168 | FJ14: 0.0091 | LG14: DSS15)GA250495_B03-K01_2-K44.pdf | LH14: DSS15)GA250495_B03-K01_2-K44_ASCII.txt | LI14: 2-K44 | LJ14: Voorbeeld | LK14: ASTM D6528 | LL14: 45925 | LM14: Veen, bruin, donker, Machinale Boring, Laag | LO14: -3.36 | LP14: 12.3 | LQ14: 9.5417322 | LR14: 1.2220113 | LS14: 680.82192 | LT14: 641.80851 | LV14: 11.748868 | LW14: 10.920548 | LX14: 1588.1 | LY14: 20 | LZ14: 20 | MA14: 63 | MB14: 25 | MC14: 23.36 | MD14: Conform 1207808-007-GEO-0002-v3-r-Dijken op Veen II en 1230090-019-GEO-0002-v03-r-Protocol laboratoriumproeven voor grondonderzoek aan waterkeringen | ME14: Constante hoogte | MF14: 12.3 | MG14: 12.3 | MI14: 6.4966724 | MJ14: 1 | MK14: 20.018632 | ML14: 5 | MM14: 1.168785 | MN14: 10.436513 | MO14: 3.5108151 | MP14: 9.8787772 | MQ14: 6.1523798 | MR14: 9.2559345 | MS14: 8.3091108 | MT14: 9.1185652 | MU14: 9.3801711 | MV14: 9.0521839 | MW14: 9.9584307 | MX14: 9.2295784 | MY14: 10.364935 | MZ14: 33.839442 | NA14: 9.4412967 | NB14: 10.213639 | NC14: 40 | NG14: 141.07234 | QT14: DSS_voorbeeld | QV14: 12.3 | QX14: 12.3 | RB14: OC | RD14: OC | RE14: 19.3 | RF14: 7 | RG14: 9.75 | RJ14: 19.3 | RL14: 1.5691057
A15: =Table1[[#This Row],[ALG__REGEL]]&"_"&Table1[[#This Row],[BORING_NUMMER]]&"_"&Table1[[#This Row],[MONSTER_ID]] -> 8_B03-K01_3-197 | B15: 8 | C15: FALSE | G15: FALSE | H15: FALSE | I15: TRUE | J15: FALSE | K15: Waterschap | L15: Voorbeeld | N15: Polderdijk | O15: B03-K | Q15: Regionaal | V15: 87513.65 | W15: 449526.42 | X15: -1.868 | Y15: B03-K01 | Z15: KR | AA15: 45754 | AB15: Voorbeeld.pdf | AD15: Voorbeeld | AF15: Pulsboor | AG15: -2.498 | AI15: 3-197 | AK15: Koelruimte 10°C en 85% luchtvochtigheid | AL15: -3.468 | AM15: -3.868 | AN15: 1.6 | AO15: 2 | AT15: Voorbeeld | AW15: Veen, plantenresten, weinig, bruin, donker, Pulsinstallatie machinaal, Laag | AX15: weinig plantenresten | LG15: DSS16)GA250495_B03-K01_3-197.pdf | LH15: DSS16)GA250495_B03-K01_3-197_ASCII.txt | LI15: 3-197 | LJ15: Voorbeeld | LK15: ASTM D6528 | LL15: 45925 | LM15: Veen, plantenresten, weinig, bruin, donker, Pulsinstallatie machinaal, Laag | LN15: weinig plantenresten | LO15: -3.76 | LP15: 12.7 | LQ15: 9.6487305 | LR15: 2.0390625 | LS15: 373.19444 | LT15: 357.55886 | LV15: 6.0842482 | LW15: 5.4831855 | LX15: 1472.5 | LY15: 20 | LZ15: 20 | MA15: 63 | MB15: 25 | MC15: 22.86 | MD15: Conform 1207808-007-GEO-0002-v3-r-Dijken op Veen II en 1230090-019-GEO-0002-v03-r-Protocol laboratoriumproeven voor grondonderzoek aan waterkeringen | ME15: Constante hoogte | MF15: 12.7 | MG15: 12.7 | MI15: 8.4835358 | MJ15: 1 | MK15: 20.01914 | ML15: 5 | MM15: 1.1439438 | MN15: 10.668925 | MO15: 3.9327234 | MP15: 10.36493 | MQ15: 5.8255637 | MR15: 10.419069 | MS15: 7.351225 | MT15: 10.95568 | MU15: 8.299986 | MV15: 11.874929 | MW15: 9.1095565 | MX15: 17.881788 | MY15: 11.145861 | MZ15: 44.956565 | NA15: 16.876196 | NB15: 10.792155 | NC15: 40 | NG15: 126.5148 | QT15: DSS_voorbeeld | QV15: 12.7 | QX15: 12.7 | RB15: OC | RD15: OC | RG15: 9.75 | RH15: 22.45 | RJ15: 22.45 | RL15: 1.7677165
A16: =Table1[[#This Row],[ALG__REGEL]]&"_"&Table1[[#This Row],[BORING_NUMMER]]&"_"&Table1[[#This Row],[MONSTER_ID]] -> 9_B03-K01_4-954 | B16: 9 | C16: FALSE | G16: TRUE | H16: FALSE | I16: TRUE | J16: FALSE | K16: Waterschap | L16: Voorbeeld | N16: Polderdijk | O16: B03-K | Q16: Regionaal | V16: 87513.65 | W16: 449526.42 | X16: -1.868 | Y16: B03-K01 | Z16: KR | AA16: 45754 | AB16: Voorbeeld.pdf | AD16: Voorbeeld | AF16: Pulsboor | AG16: -2.498 | AI16: 4-954 | AK16: Koelruimte 10°C en 85% luchtvochtigheid | AL16: -3.868 | AM16: -4.268 | AN16: 2 | AO16: 2.4 | AT16: Voorbeeld | AW16: Veen, plantenresten, weinig, bruin, donker, Pulsinstallatie machinaal, Laag | AX16: weinig plantenresten | EA16: OED_CRS51)GA250495_B03-K01_4-954.pdf | EC16: B03-K01_4-954 | ED16: Voorbeeld | EE16: ASTM 4168 M | EF16: 45936 | EG16: Veen, plantenresten, weinig, bruin, donker, Pulsinstallatie machinaal, Laag | EH16: weinig plantenresten | EI16: -4.19 | EJ16: 13 | EK16: 9.8 | EL16: 1.2 | EM16: 713.5 | EN16: 557.7 | ER16: 63.5 | ES16: 25 | ET16: 25 | EU16: 17.17 | EV16: 0.5 | EW16: -0.5 | EX16: 16 | EY16: 49.4 | EZ16: 40 | FA16: 33.2 | FB16: 11.3 | FC16: 80.5 | FD16: -0.1 | FE16: 25.5 | FF16: 2.63 | FG16: 45 | FH16: 0.0402 | FI16: 0.304 | FJ16: 0.014 | LG16: DSS17)GA250495_B03-K01_4-954.pdf | LH16: DSS17)GA250495_B03-K01_4-954_ASCII.txt | LI16: 4-954 | LJ16: Voorbeeld | LK16: ASTM D6528 | LL16: 45929 | LM16: Veen, plantenresten, weinig, bruin, donker, Pulsinstallatie machinaal, Laag | LN16: weinig plantenresten | LO16: -4.16 | LP16: 13 | LQ16: 8.8959659 | LR16: 1.1127252 | LS16: 699.47552 | LT16: 717.68953 | LV16: 11.822271 | LW16: 10.291201 | LX16: 1454.4 | LY16: 20 | LZ16: 20 | MA16: 63 | MB16: 25 | MC16: 22 | MD16: Conform 1207808-007-GEO-0002-v3-r-Dijken op Veen II en 1230090-019-GEO-0002-v03-r-Protocol laboratoriumproeven voor grondonderzoek aan waterkeringen | ME16: Constante hoogte | MF16: 13 | MG16: 13 | MI16: 11.940136 | MJ16: 1 | MK16: 20.038752 | ML16: 5 | MM16: 1.1007412 | MN16: 11.518907 | MO16: 2.5756618 | MP16: 10.840877 | MQ16: 4.3218881 | MR16: 10.813499 | MS16: 5.7727629 | MT16: 10.604822 | MU16: 6.5232085 | MV16: 10.599748 | MW16: 6.995364 | MX16: 9.085012 | MY16: 7.6269284 | MZ16: 44.107813 | NA16: 9.3597299 | NB16: 7.4827825 | NC16: 40 | NG16: 99.603126 | QT16: DSS_voorbeeld | QV16: 13 | QX16: 13 | RB16: OC | RD16: OC | RE16: 25.5 | RF16: 12.5 | RG16: 9.75 | RJ16: 25.5 | RL16: 1.9615385
A17: =Table1[[#This Row],[ALG__REGEL]]&"_"&Table1[[#This Row],[BORING_NUMMER]]&"_"&Table1[[#This Row],[MONSTER_ID]] -> 10_B03-K01_5-1001 | B17: 10 | C17: FALSE | G17: FALSE | H17: FALSE | I17: TRUE | J17: FALSE | K17: Waterschap | L17: Voorbeeld | N17: Polderdijk | O17: B03-K | Q17: Regionaal | V17: 87513.65 | W17: 449526.42 | X17: -1.868 | Y17: B03-K01 | Z17: KR | AA17: 45754 | AB17: Voorbeeld.pdf | AD17: Voorbeeld | AF17: Pulsboor | AG17: -2.498 | AI17: 5-1001 | AK17: Koelruimte 10°C en 85% luchtvochtigheid | AL17: -4.268 | AM17: -4.668 | AN17: 2.4 | AO17: 2.8 | AT17: Voorbeeld | AW17: Veen, plantenresten, weinig, bruin, donker, Pulsinstallatie machinaal, Geen sterkte | AX17: weinig plantenresten | LG17: DSS18)GA250495_B03-K01_5-1001.pdf | LH17: DSS18)GA250495_B03-K01_5-1001_ASCII.txt | LI17: 5-1001 | LJ17: Voorbeeld | LK17: ASTM D6528 | LL17: 45929 | LM17: Veen, plantenresten, weinig, bruin, donker, Pulsinstallatie machinaal, Geen sterkte | LN17: weinig plantenresten | LO17: -4.56 | LP17: 13.5 | LQ17: 9.9445494 | LR17: 1.8155047 | LS17: 447.75673 | LT17: 461.29032 | LV17: 8.867251 | LW17: 7.623855 | LX17: 1826.1 | LY17: 20 | LZ17: 20 | MA17: 63 | MB17: 25 | MC17: 21.84 | MD17: Conform 1207808-007-GEO-0002-v3-r-Dijken op Veen II en 1230090-019-GEO-0002-v03-r-Protocol laboratoriumproeven voor grondonderzoek aan waterkeringen | ME17: Constante hoogte | MF17: 13.5 | MG17: 13.5 | MI17: 12.600215 | MJ17: 1 | MK17: 20.022036 | ML17: 5 | MM17: 1.0924845 | MN17: 11.477932 | MO17: 2.7976951 | MP17: 10.926156 | MQ17: 4.469961 | MR17: 10.705147 | MS17: 5.8516491 | MT17: 10.444194 | MU17: 6.65635 | MV17: 10.573136 | MW17: 7.1222891 | MX17: 11.349517 | MY17: 8.4258224 | MZ17: 44.970435 | NA17: 10.952088 | NB17: 8.2432131 | NC17: 40 | NG17: 97.024972 | QT17: DSS_voorbeeld | QV17: 13.5 | QX17: 13.5 | RB17: OC | RD17: OC | RG17: 9.75 | RH17: 23.25 | RJ17: 23.25 | RL17: 1.7222222
A18: =Table1[[#This Row],[ALG__REGEL]]&"_"&Table1[[#This Row],[BORING_NUMMER]]&"_"&Table1[[#This Row],[MONSTER_ID]] -> 11_B03-K02_1-E 201 | B18: 11 | C18: FALSE | G18: FALSE | H18: FALSE | I18: TRUE | J18: FALSE | K18: Waterschap | L18: Voorbeeld | N18: Polderdijk | O18: B03-K | Q18: Regionaal | V18: 87520.09 | W18: 449519.78 | X18: -1.904 | Y18: B03-K02 | Z18: KR | AA18: 45754 | AB18: Voorbeeld.pdf | AD18: Voorbeeld | AF18: Pulsboor | AG18: -2.504 | AI18: 1-E 201 | AK18: Koelruimte 10°C en 85% luchtvochtigheid | AL18: -2.704 | AM18: -3.104 | AN18: 0.8 | AO18: 1.2 | AT18: Voorbeeld | AW18: Veen, glas, weinig, bruin, donker, Pulsinstallatie machinaal, Geen sterkte | AX18: weinig glas | LG18: DSS20)GA250495_B03-K02_1-E 201.pdf | LH18: DSS20)GA250495_B03-K02_1-E 201_ASCII.txt | LI18: 1-E 201 | LJ18: Voorbeeld | LK18: ASTM D6528 | LL18: 45932 | LM18: Veen, glas, weinig, bruin, donker, Pulsinstallatie machinaal, Geen sterkte | LN18: weinig glas | LO18: -2.99 | LP18: 5.9 | LQ18: 10.273097 | LR18: 2.24724 | LS18: 357.14286 | LT18: 323.47526 | LV18: 6.5494446 | LW18: 6.0007634 | LX18: 1729.4 | LY18: 20 | LZ18: 20 | MA18: 63 | MB18: 25 | MC18: 23.18 | MD18: Conform 1207808-007-GEO-0002-v3-r-Dijken op Veen II en 1230090-019-GEO-0002-v03-r-Protocol laboratoriumproeven voor grondonderzoek aan waterkeringen | ME18: Constante hoogte | MF18: 5.9 | MG18: 5.9 | MI18: 7.2674344 | MJ18: 1 | MK18: 20.017657 | ML18: 5 | MM18: 1.1591521 | MN18: 4.7748506 | MO18: 2.5525164 | MP18: 4.7869673 | MQ18: 3.8360326 | MR18: 5.4027841 | MS18: 5.2085534 | MT18: 6.4156126 | MU18: 6.200133 | MV18: 7.3924466 | MW18: 6.9529697 | MX18: 11.481667 | MY18: 8.3141617 | MZ18: 44.086142 | NA18: 10.814179 | NB18: 8.2553174 | NC18: 40 | NG18: 71.263307 | QT18: DSS_voorbeeld | QV18: 5.9 | QX18: 5.9 | RB18: OC | RD18: OC | RG18: 12.2 | RH18: 18.1 | RI18: 30 | RJ18: 30 | RL18: 5.0847458
A19: =Table1[[#This Row],[ALG__REGEL]]&"_"&Table1[[#This Row],[BORING_NUMMER]]&"_"&Table1[[#This Row],[MONSTER_ID]] -> 12_B03-K02_2-507 | B19: 12 | C19: FALSE | G19: FALSE | H19: FALSE | I19: TRUE | J19: FALSE | K19: Waterschap | L19: Voorbeeld | N19: Polderdijk | O19: B03-K | Q19: Regionaal | V19: 87520.09 | W19: 449519.78 | X19: -1.904 | Y19: B03-K02 | Z19: KR | AA19: 45754 | AB19: Voorbeeld.pdf | AD19: Voorbeeld | AF19: Pulsboor | AG19: -2.504 | AI19: 2-507 | AK19: Koelruimte 10°C en 85% luchtvochtigheid | AL19: -3.104 | AM19: -3.504 | AN19: 1.2 | AO19: 1.6 | AT19: Voorbeeld | AW19: Veen, bruin, donker, Pulsinstallatie machinaal, Laag | LG19: DSS21)GA250495_B03-K02_2-507.pdf | LH19: DSS21)GA250495_B03-K02_2-507_ASCII.txt | LI19: 2-507 | LJ19: Voorbeeld | LK19: ASTM D6528 | LL19: 45938 | LM19: Veen, bruin, donker, Pulsinstallatie machinaal, Laag | LO19: -3.39 | LP19: 6.1 | LQ19: 9.1087037 | LR19: 1.2926999 | LS19: 604.62633 | LT19: 582.14616 | LV19: 9.955905 | LW19: 9.6488986 | LX19: 1443.7 | LY19: 20 | LZ19: 20 | MA19: 63 | MB19: 25 | MC19: 24.25 | MD19: Conform 1207808-007-GEO-0002-v3-r-Dijken op Veen II en 1230090-019-GEO-0002-v03-r-Protocol laboratoriumproeven voor grondonderzoek aan waterkeringen | ME19: Constante hoogte | MF19: 6.1 | MG19: 6.1 | MI19: 2.8019587 | MJ19: 1 | MK19: 20.021049 | ML19: 5 | MM19: 1.2149725 | MN19: 3.9085505 | MO19: 2.927288 | MP19: 3.3134602 | MQ19: 4.5465876 | MR19: 4.0216322 | MS19: 6.1071566 | MT19: 5.5988683 | MU19: 7.4836415 | MV19: 7.1670234 | MW19: 8.4557009 | MX19: 11.594995 | MY19: 9.9095029 | MZ19: 36.882392 | NA19: 12.219629 | NB19: 9.8626195 | NC19: 40 | NG19: 80.758755 | QT19: DSS_voorbeeld | QV19: 6.1 | QX19: 6.1 | RB19: OC | RD19: OC | RG19: 12.2 | RH19: 18.3 | RI19: 30 | RJ19: 30 | RL19: 4.9180328
A20: =Table1[[#This Row],[ALG__REGEL]]&"_"&Table1[[#This Row],[BORING_NUMMER]]&"_"&Table1[[#This Row],[MONSTER_ID]] -> 13_B03-K02_3-581 | B20: 13 | C20: FALSE | G20: FALSE | H20: FALSE | I20: TRUE | J20: FALSE | K20: Waterschap | L20: Voorbeeld | N20: Polderdijk | O20: B03-K | Q20: Regionaal | V20: 87520.09 | W20: 449519.78 | X20: -1.904 | Y20: B03-K02 | Z20: KR | AA20: 45754 | AB20: Voorbeeld.pdf | AD20: Voorbeeld | AF20: Pulsboor | AG20: -2.504 | AI20: 3-581 | AK20: Koelruimte 10°C en 85% luchtvochtigheid | AL20: -3.504 | AM20: -3.904 | AN20: 1.6 | AO20: 2 | AT20: Voorbeeld | AW20: Veen, bruin, donker, Pulsinstallatie machinaal, Laag | LG20: DSS22)GA250495_B03-K02_3-581.pdf | LH20: DSS22)GA250495_B03-K02_3-581_ASCII.txt | LI20: 3-581 | LJ20: Voorbeeld | LK20: ASTM D6528 | LL20: 45939 | LM20: Veen, bruin, donker, Pulsinstallatie machinaal, Laag | LO20: -3.79 | LP20: 6.4 | LQ20: 9.5392146 | LR20: 1.2424742 | LS20: 667.75956 | LT20: 652.62626 | LV20: 14.119952 | LW20: 13.238894 | LX20: 1915 | LY20: 20 | LZ20: 20 | MA20: 63 | MB20: 25 | MC20: 23.54 | MD20: Conform 1207808-007-GEO-0002-v3-r-Dijken op Veen II en 1230090-019-GEO-0002-v03-r-Protocol laboratoriumproeven voor grondonderzoek aan waterkeringen | ME20: Constante hoogte | MF20: 6.4 | MG20: 6.4 | MI20: 5.8266734 | MJ20: 1 | MK20: 20.01489 | ML20: 5 | MM20: 1.1771611 | MN20: 4.9228021 | MO20: 2.2358589 | MP20: 4.658286 | MQ20: 3.7189211 | MR20: 4.8883741 | MS20: 5.0952429 | MT20: 5.272744 | MU20: 5.8705856 | MV20: 5.8012182 | MW20: 6.4339105 | MX20: 8.0122474 | MY20: 7.1678116 | MZ20: 44.74236 | NA20: 7.7491099 | NB20: 7.0368875 | NC20: 40 | NG20: 77.275524 | QT20: DSS_voorbeeld | QV20: 6.4 | QX20: 6.4 | RB20: OC | RD20: OC | RG20: 12.2 | RH20: 18.6 | RI20: 30 | RJ20: 30 | RL20: 4.6875
A21: =Table1[[#This Row],[ALG__REGEL]]&"_"&Table1[[#This Row],[BORING_NUMMER]]&"_"&Table1[[#This Row],[MONSTER_ID]] -> 14_B03-K02_4-928 | B21: 14 | C21: FALSE | G21: TRUE | H21: FALSE | I21: TRUE | J21: FALSE | K21: Waterschap | L21: Voorbeeld | N21: Polderdijk | O21: B03-K | Q21: Regionaal | V21: 87520.09 | W21: 449519.78 | X21: -1.904 | Y21: B03-K02 | Z21: KR | AA21: 45754 | AB21: Voorbeeld.pdf | AD21: Voorbeeld | AF21: Pulsboor | AG21: -2.504 | AI21: 4-928 | AK21: Koelruimte 10°C en 85% luchtvochtigheid | AL21: -3.904 | AM21: -4.304 | AN21: 2 | AO21: 2.4 | AT21: Voorbeeld | AW21: Veen, kleiïg, plantenresten, veel, bruin, donker, Pulsinstallatie machinaal, Laag | AX21: kleiïg, veel plantenresten | EA21: OED_CRS54)GA250495_B03-K02_4-928.pdf | EC21: B03-K02_4-928 | ED21: Voorbeeld | EE21: ASTM 4168 M | EF21: 45945 | EG21: Veen, kleiïg, plantenresten, veel, bruin, donker, Pulsinstallatie machinaal, Laag | EH21: kleiïg, veel plantenresten | EI21: -4.19 | EJ21: 6.7 | EK21: 10 | EL21: 1.6 | EM21: 541.4 | EN21: 425.9 | ER21: 63.5 | ES21: 25 | ET21: 25 | EU21: 23.01 | EV21: 0.5 | EW21: -0.5 | EX21: 16 | EY21: 23.4 | EZ21: 19.6 | FA21: 15.3 | FB21: 4.4 | FC21: 39.6 | FD21: 0.1 | FE21: 18.9 | FF21: 0.56 | FG21: 33 | FH21: 0.0102 | FI21: 0.104 | FJ21: 0.0047 | LG21: DSS23)GA250495_B03-K02_4-928.pdf | LH21: DSS23)GA250495_B03-K02_4-928_ASCII.txt | LI21: 4-928 | LJ21: Voorbeeld | LK21: ASTM D6528 | LL21: 45940 | LM21: Veen, kleiïg, plantenresten, veel, bruin, donker, Pulsinstallatie machinaal, Laag | LN21: kleiïg, veel plantenresten | LO21: -4.19 | LP21: 6.7 | LQ21: 9.7607641 | LR21: 1.3544673 | LS21: 620.63492 | LT21: 703.4 | LV21: 9.3592338 | LW21: 9.2463471 | LX21: 1430.3 | LY21: 20 | LZ21: 20 | MA21: 63 | MB21: 25 | MC21: 24.68 | MD21: Conform 1207808-007-GEO-0002-v3-r-Dijken op Veen II en 1230090-019-GEO-0002-v03-r-Protocol laboratoriumproeven voor grondonderzoek aan waterkeringen | ME21: Constante hoogte | MF21: 6.7 | MG21: 6.7 | MI21: 1.0894513 | MJ21: 1 | MK21: 20.010135 | ML21: 5 | MM21: 1.2363785 | MN21: 5.4585671 | MO21: 3.6477441 | MP21: 5.1847811 | MQ21: 6.1966322 | MR21: 5.2022272 | MS21: 8.0733905 | MT21: 5.8556289 | MU21: 9.386891 | MV21: 6.7577492 | MW21: 10.274845 | MX21: 8.2603682 | MY21: 10.895805 | MZ21: 26.529911 | NA21: 9.7220835 | NB21: 10.556721 | NC21: 40 | NG21: 143.58392 | QT21: DSS_voorbeeld | QV21: 6.7 | QX21: 6.7 | RB21: OC | RD21: OC | RE21: 18.9 | RF21: 12.2 | RG21: 12.2 | RI21: 30 | RJ21: 30 | RL21: 4.4776119
A22: =Table1[[#This Row],[ALG__REGEL]]&"_"&Table1[[#This Row],[BORING_NUMMER]]&"_"&Table1[[#This Row],[MONSTER_ID]] -> 15_B03-K03_2-032 | B22: 15 | C22: FALSE | G22: FALSE | H22: FALSE | I22: TRUE | J22: FALSE | K22: Waterschap | L22: Voorbeeld | N22: Polderdijk | O22: B03-K | Q22: Regionaal | V22: 87528.1 | W22: 449512.12 | X22: -2.008 | Y22: B03-K03 | Z22: KR | AA22: 45754 | AB22: Voorbeeld.pdf | AD22: Voorbeeld | AF22: Pulsboor | AG22: -2.648 | AI22: 2-032 | AK22: Koelruimte 10°C en 85% luchtvochtigheid | AL22: -3.208 | AM22: -3.608 | AN22: 1.2 | AO22: 1.6 | AT22: Voorbeeld | AW22: Veen, bruin, donker, Pulsinstallatie machinaal, Laag | LG22: DSS25)GA250495_B03-K03_2-032.pdf | LH22: DSS25)GA250495_B03-K03_2-032_ASCII.txt | LI22: 2-032 | LJ22: Voorbeeld | LK22: ASTM D6528 | LL22: 45944 | LM22: Veen, bruin, donker, Pulsinstallatie machinaal, Laag | LO22: -3.41 | LP22: 10.3 | LQ22: 10.651997 | LR22: 2.9076976 | LS22: 266.33785 | LT22: 269.01596 | LV22: 7.0347127 | LW22: 6.6619146 | LX22: 2381.5 | LY22: 20 | LZ22: 20 | MA22: 63 | MB22: 25 | MC22: 23.84 | MD22: Conform 1207808-007-GEO-0002-v3-r-Dijken op Veen II en 1230090-019-GEO-0002-v03-r-Protocol laboratoriumproeven voor grondonderzoek aan waterkeringen | ME22: Constante hoogte | MF22: 10.3 | MG22: 10.3 | MI22: 4.639082 | MJ22: 1 | MK22: 20.015867 | ML22: 5 | MM22: 1.192002 | MN22: 9.1073336 | MO22: 4.2579831 | MP22: 9.155059 | MQ22: 6.8727963 | MR22: 9.9010292 | MS22: 9.0855969 | MT22: 11.022471 | MU22: 10.263412 | MV22: 11.545127 | MW22: 10.812375 | MX22: 8.2890786 | MY22: 11.310832 | MZ22: 44.912061 | NA22: 8.9438255 | NB22: 11.112786 | NC22: 40 | NG22: 172.12022 | QT22: DSS_voorbeeld | QV22: 10.3 | QX22: 10.3 | RB22: OC | RD22: OC
A23: =Table1[[#This Row],[ALG__REGEL]]&"_"&Table1[[#This Row],[BORING_NUMMER]]&"_"&Table1[[#This Row],[MONSTER_ID]] -> 16_B03-K03_4-092 | B23: 16 | C23: FALSE | G23: FALSE | H23: FALSE | I23: TRUE | J23: FALSE | K23: Waterschap | L23: Voorbeeld | N23: Polderdijk | O23: B03-K | Q23: Regionaal | V23: 87528.1 | W23: 449512.12 | X23: -2.008 | Y23: B03-K03 | Z23: KR | AA23: 45754 | AB23: Voorbeeld.pdf | AD23: Voorbeeld | AF23: Pulsboor | AG23: -2.648 | AI23: 4-092 | AK23: Koelruimte 10°C en 85% luchtvochtigheid | AL23: -4.008 | AM23: -4.408 | AN23: 2 | AO23: 2.4 | AT23: Voorbeeld | AW23: Veen, plantenresten, weinig, bruin, donker, Pulsinstallatie machinaal, Laag | AX23: weinig plantenresten | LG23: DSS27)GA250495_B03-K03_4-092.pdf | LH23: DSS27)GA250495_B03-K03_4-092_ASCII.txt | LI23: 4-092 | LJ23: Voorbeeld | LK23: ASTM D6528 | LL23: 45946 | LM23: Veen, plantenresten, weinig, bruin, donker, Pulsinstallatie machinaal, Laag | LN23: weinig plantenresten | LO23: -4.3 | LP23: 11.2 | LQ23: 9.414593 | LR23: 4.4432184 | LS23: 111.88679 | LT23: 634.15842 | LV23: 2.2985414 | LW23: 2.009372 | LX23: 1494 | LY23: 20 | LZ23: 20 | MA23: 63 | MB23: 25 | MC23: 22.81 | MD23: Conform 1207808-007-GEO-0002-v3-r-Dijken op Veen II en 1230090-019-GEO-0002-v03-r-Protocol laboratoriumproeven voor grondonderzoek aan waterkeringen | ME23: Constante hoogte | MF23: 11.2 | MG23: 11.2 | MI23: 8.765748 | MJ23: 1 | MK23: 20.018104 | ML23: 5 | MM23: 1.1404177 | MN23: 9.6758163 | MO23: 3.2594876 | MP23: 9.2750247 | MQ23: 5.5085559 | MR23: 9.1735259 | MS23: 7.5458608 | MT23: 9.4494043 | MU23: 8.6462009 | MV23: 10.009988 | MW23: 9.3655453 | MX23: 11.116689 | MY23: 10.147021 | MZ23: 30.550092 | NA23: 11.060413 | NB23: 9.9845757 | NC23: 40 | NG23: 118.19535 | QT23: DSS_voorbeeld | QV23: 11.2 | QX23: 11.2 | RB23: OC | RD23: OC
A24: =Table1[[#This Row],[ALG__REGEL]]&"_"&Table1[[#This Row],[BORING_NUMMER]]&"_"&Table1[[#This Row],[MONSTER_ID]] -> 17_B03-K03_5A-G94 | B24: 17 | C24: FALSE | G24: FALSE | H24: FALSE | I24: TRUE | J24: FALSE | K24: Waterschap | L24: Voorbeeld | N24: Polderdijk | O24: B03-K | Q24: Regionaal | V24: 87528.1 | W24: 449512.12 | X24: -2.008 | Y24: B03-K03 | Z24: KR | AA24: 45754 | AB24: Voorbeeld.pdf | AD24: Voorbeeld | AF24: Pulsboor | AG24: -2.648 | AI24: 5A-G94 | AK24: Koelruimte 10°C en 85% luchtvochtigheid | AL24: -4.408 | AM24: -4.608 | AN24: 2.4 | AO24: 2.6 | AT24: Voorbeeld | AW24: Veen, plantenresten, weinig, bruin, donker, Machinale Boring, Geen sterkte | AX24: weinig plantenresten | LG24: DSS28)GA250495_B03-K03_5-G94.pdf | LH24: DSS28)GA250495_B03-K03_5-G94_ASCII.txt | LI24: 5-G94 | LJ24: Voorbeeld | LK24: ASTM D6528 | LL24: 45952 | LM24: Veen, plantenresten, weinig, bruin, donker, Machinale Boring, Geen sterkte | LN24: weinig plantenresten | LO24: -4.51 | LP24: 11.7 | LQ24: 9.466204 | LR24: 1.2327767 | LS24: 667.87659 | LT24: 693.11065 | LV24: 10.423996 | LW24: 9.9876103 | LX24: 1435.6 | LY24: 20 | LZ24: 20 | MA24: 63 | MB24: 25 | MC24: 24.07 | MD24: Conform 1207808-007-GEO-0002-v3-r-Dijken op Veen II en 1230090-019-GEO-0002-v03-r-Protocol laboratoriumproeven voor grondonderzoek aan waterkeringen | ME24: Constante hoogte | MF24: 11.7 | MG24: 11.7 | MI24: 3.8193938 | MJ24: 1 | MK24: 20.016015 | ML24: 5 | MM24: 1.2022512 | MN24: 10.369563 | MO24: 4.8295184 | MP24: 9.884249 | MQ24: 8.079533 | MR24: 9.7115745 | MS24: 10.18982 | MT24: 9.6809052 | MU24: 11.281706 | MV24: 9.7940853 | MW24: 11.904653 | MX24: 10.992222 | MY24: 13.071235 | MZ24: 43.841781 | NA24: 10.863757 | NB24: 12.958987 | NC24: 40 | NG24: 202.09942 | QT24: DSS_voorbeeld | QV24: 11.7 | QX24: 11.7 | RB24: OC | RD24: OC
A25: =Table1[[#This Row],[ALG__REGEL]]&"_"&Table1[[#This Row],[BORING_NUMMER]]&"_"&Table1[[#This Row],[MONSTER_ID]] -> 18_B01-AL01_3-162 | B25: 18 | C25: FALSE | G25: TRUE | H25: FALSE | I25: FALSE | J25: TRUE | K25: Waterschap | L25: Voorbeeld | N25: Polderdijk | O25: B01-AL | Q25: Regionaal | V25: 78949.47 | W25: 446455.69 | X25: -2.83 | Y25: B01-AL01 | Z25: AL | AA25: 45845 | AD25: Voorbeeld | AF25: Pulsboor | AG25: -3.4 | AI25: 3-162 | AK25: Koelruimte 10°C en 85% luchtvochtigheid | AL25: -4.43 | AM25: -4.83 | AN25: 1.6 | AO25: 2 | AT25: Voorbeeld | AW25: Klei, zandig, zwak, organisch, zwak, grijs, neutraal, Pulsinstallatie machinaal | AX25: zwak zandig, zwak organisch | EA25: OED_CRS19)G250495_B01-AL01_3-162.pdf | EC25: B01-AL01_3-162 | ED25: Voorbeeld | EE25: ASTM 4168 M | EF25: 45895 | EG25: Klei, zandig, zwak, organisch, zwak, grijs, neutraal, Pulsinstallatie machinaal | EH25: zwak zandig, zwak organisch | EI25: -4.7 | EJ25: 12.9 | EK25: 14.5 | EL25: 8 | EM25: 81.3 | EN25: 62.4 | ER25: 63.5 | ES25: 22 | ET25: 21.95 | EU25: 17.41 | EV25: 0.5 | EW25: -0.5 | EX25: 16 | EY25: 74.6 | EZ25: 52.3 | FA25: 49.9 | FB25: 13.4 | FC25: 126.6 | FD25: 0.5 | FE25: 23.9 | FF25: 2.77 | FG25: 39 | FH25: 0.0074 | FI25: 0.124 | FJ25: 0.0109 | NH25: TX17)GA250495_B01-AL01-3-162_Greeuw_V01.pdf | NI25: TX17)_GA250495_B01-AL01-3-162 GDSTAS_N2_ASCII.txt | NJ25: 3-162 | NK25: Voorbeeld | NL25: NEN-EN-ISO 17892-9 | NM25: 45756 | NN25: Klei, zandig, zwak, organisch, zwak, grijs, neutraal, Pulsinstallatie machinaal | NO25: zwak zandig, zwak organisch | NP25: -4.55 | NQ25: 12.9 | NR25: 15 | NS25: 8 | NT25: 82.8 | NU25: 86.1 | NV25: 292.5 | NY25: 20 | NZ25: 20 | OA25: 66 | OB25: 135 | OC25: CU | OD25: Greeuw, Deltares | OE25: Greeuw, Deltares | OF25: 300 | OG25: eerst isotroop en vervolgens anisotroop | OH25: 0.63 | OI25: obv eind consolidatie / obv maximale consolidatietijd | OJ25: 8 | OK25: 0 | ON25: 10.6 | OO25: 2.4 | OP25: 1 | OQ25: 1.8 | OR25: 5.4 | OS25: 25 | OT25: 1 | OU25: 10.6 | OV25: 7.4 | OW25: 11.3 | OX25: 8.2 | OY25: 10.8 | OZ25: 8.4 | PA25: 11.3 | PB25: 8.4 | PC25: 11 | PD25: 10.2 | PE25: 8.1 | PF25: 27.5 | PG25: 2.5 | PH25: 0.4 | QT25: TXT_voorbeeld | QV25: 12.9 | QW25: 13 | QY25: OC | RA25: OC | RE25: 23.9 | RF25: 11 | RG25: 11.55 | RJ25: 23.9 | RK25: 1.8527132
A26: =Table1[[#This Row],[ALG__REGEL]]&"_"&Table1[[#This Row],[BORING_NUMMER]]&"_"&Table1[[#This Row],[MONSTER_ID]] -> 19_B01-AL01_9-525 | B26: 19 | C26: FALSE | G26: TRUE | H26: FALSE | I26: FALSE | J26: TRUE | K26: Waterschap | L26: Voorbeeld | N26: Polderdijk | O26: B01-AL | Q26: Regionaal | V26: 78949.47 | W26: 446455.69 | X26: -2.83 | Y26: B01-AL01 | Z26: AL | AA26: 45845 | AD26: Voorbeeld | AF26: Pulsboor | AG26: -3.4 | AI26: 9-525 | AK26: Koelruimte 10°C en 85% luchtvochtigheid | AL26: -6.83 | AM26: -7.23 | AN26: 4 | AO26: 4.4 | AT26: Voorbeeld | AW26: Klei, zandig, zwak, organisch, zwak, plantenresten, weinig, grijs, neutraal, Pulsinstallatie machinaal | AX26: zwak zandig, zwak organisch, weinig plantenresten | EA26: OED_CRS20)GA250495_B01-AL01_9-525.pdf | EC26: B01-AL01_9-525 | ED26: Voorbeeld | EE26: ASTM 4168 M | EF26: 45895 | EG26: Klei, zandig, zwak, organisch, zwak, plantenresten, weinig, grijs, neutraal, Pulsinstallatie machinaal | EH26: zwak zandig, zwak organisch, weinig plantenresten | EI26: -7.1 | EJ26: 30.7 | EK26: 14.1 | EL26: 7.5 | EM26: 88.8 | EN26: 63 | ER26: 63.5 | ES26: 22 | ET26: 21.95 | EU26: 15.48 | EV26: 0.5 | EW26: -0.5 | EX26: 16 | EY26: 182.5 | EZ26: 136.3 | FA26: 121.9 | FB26: 30.5 | FC26: 305.7 | FD26: 0.8 | FE26: 42.8 | FF26: 4.6 | FG26: 55 | FH26: 0.0116 | FI26: 0.157 | FJ26: 0.0111 | NH26: TX18)GA250495_B01-AL01-9-525_Greeuw_V01.pdf | NI26: TX18)_GA250495_B01-AL01-9-525 GDSTAS_N3_ASCII.txt | NJ26: 9-525 | NK26: Voorbeeld | NL26: NEN-EN-ISO 17892-9 | NM26: 45756 | NN26: Klei, zandig, zwak, organisch, zwak, plantenresten, weinig, grijs, neutraal, Pulsinstallatie machinaal | NO26: zwak zandig, zwak organisch, weinig plantenresten | NP26: -6.95 | NQ26: 30.7 | NR26: 14.8 | NS26: 7.3 | NT26: 93.7 | NU26: 102 | NV26: 83.3 | NY26: 20 | NZ26: 20 | OA26: 66 | OB26: 135 | OC26: CU | OD26: Greeuw, Deltares | OE26: Greeuw, Deltares | OF26: 300 | OG26: eerst isotroop en vervolgens anisotroop | OH26: 0.54 | OI26: obv eind consolidatie / obv maximale consolidatietijd | OJ26: 17 | OK26: 0 | ON26: 23.9 | OO26: 7.1 | OP26: 1 | OQ26: 3 | OR26: 4.6 | OS26: 25 | OT26: 1 | OU26: 23.2 | OV26: 16.1 | OW26: 21.5 | OX26: 15.8 | OY26: 17 | OZ26: 11.7 | PA26: 22.7 | PB26: 16.4 | PC26: 2.8 | PD26: 15.3 | PE26: 10.5 | PF26: 25 | PG26: 11.6 | PH26: 0.2 | QT26: TXT_voorbeeld | QV26: 30.7 | QW26: 31 | QY26: OC | RA26: OC | RE26: 42.8 | RF26: 12.1 | RG26: 11.55 | RJ26: 42.8 | RK26: 1.3941368
A27: =Table1[[#This Row],[ALG__REGEL]]&"_"&Table1[[#This Row],[BORING_NUMMER]]&"_"&Table1[[#This Row],[MONSTER_ID]] -> 20_B01-K01_16-4452 | B27: 20 | C27: FALSE | G27: TRUE | H27: FALSE | I27: FALSE | J27: TRUE | K27: Waterschap | L27: Voorbeeld | N27: Polderdijk | O27: B01-K | Q27: Regionaal | V27: 78935.54 | W27: 446497.69 | X27: 0.055 | Y27: B01-K01 | Z27: KR | AA27: 45754 | AD27: Voorbeeld | AF27: Pulsboor | AG27: -1.995 | AI27: 16-4452 | AK27: Koelruimte 10°C en 85% luchtvochtigheid | AL27: -6.745 | AM27: -7.145 | AN27: 6.8 | AO27: 7.2 | AT27: Voorbeeld | AW27: Klei, zandig, zwak, organisch, zwak, grijs, neutraal, Pulsinstallatie machinaal | AX27: zwak zandig, zwak organisch | EA27: OED_CRS22)GA250495_B01-K01_16-4452.pdf | EC27: B01-K01_16-4452 | ED27: Voorbeeld | EE27: ASTM 4168 M | EF27: 45903 | EG27: Klei, zandig, zwak, organisch, zwak, grijs, neutraal, Pulsinstallatie machinaal | EH27: zwak zandig, zwak organisch | EI27: -7.05 | EJ27: 67.9 | EK27: 14.2 | EL27: 7.3 | EM27: 94.2 | EN27: 55.8 | ER27: 63.5 | ES27: 22 | ET27: 22 | EU27: 13.18 | EV27: 0.5 | EW27: -0.5 | EX27: 16 | EY27: 408.9 | EZ27: 305.3 | FA27: 274 | FB27: 75.8 | FC27: 686 | FD27: 0.2 | FE27: 80.2 | FF27: 7.99 | FG27: 110 | FH27: 0.017 | FI27: 0.201 | FJ27: 0.0159 | NH27: TX23)GA250495_B01-K01-16-4452_Greeuw_V01.pdf | NI27: TX23)_GA250495_B01-K01-16-4452 GDSTAS_N1_ASCII.txt | NJ27: 16-4452 | NK27: Voorbeeld | NL27: NEN-EN-ISO 17892-9 | NM27: 45918 | NN27: Klei, zandig, zwak, organisch, zwak, grijs, neutraal, Pulsinstallatie machinaal | NO27: zwak zandig, zwak organisch | NP27: -6.9 | NQ27: 67.9 | NR27: 15.3 | NS27: 8.1 | NT27: 76.8 | NU27: 88.5 | NV27: 80 | NY27: 20 | NZ27: 20 | OA27: 66 | OB27: 135 | OC27: CU | OD27: Greeuw, Deltares | OE27: Greeuw, Deltares | OF27: 300 | OG27: eerst isotroop en vervolgens anisotroop | OH27: 0.49 | OI27: obv eind consolidatie / obv maximale consolidatietijd | OJ27: 33 | OK27: 0 | ON27: 50.7 | OO27: 17.3 | OP27: 1 | OQ27: 7.3 | OR27: 9.3 | OS27: 25 | OT27: 1 | OU27: 47.4 | OV27: 29.8 | OW27: 45.3 | OX27: 31 | OY27: 41.7 | OZ27: 27.5 | PA27: 45 | PB27: 31.1 | PC27: 6 | PD27: 37.2 | PE27: 22.7 | PF27: 25 | PG27: 28.8 | PH27: 0.2 | QT27: TXT_voorbeeld | QV27: 67.9 | QW27: 68 | QY27: OC | RA27: OC | RE27: 80.2 | RF27: 12.3 | RG27: 10.15 | RJ27: 80.2 | RK27: 1.1811487
A28: =Table1[[#This Row],[ALG__REGEL]]&"_"&Table1[[#This Row],[BORING_NUMMER]]&"_"&Table1[[#This Row],[MONSTER_ID]] -> 21_B02-AL01_11-22463 | B28: 21 | C28: FALSE | G28: TRUE | H28: FALSE | I28: FALSE | J28: TRUE | K28: Waterschap | L28: Voorbeeld | N28: Polderdijk | O28: B02-AL | Q28: Regionaal | V28: 87074.07 | W28: 441147.4 | X28: -1.768 | Y28: B02-AL01 | Z28: AL | AA28: 45936 | AD28: Voorbeeld | AF28: Pulsboor | AG28: -3.298 | AI28: 11-22463 | AK28: Koelruimte 10°C en 85% luchtvochtigheid | AL28: -6.568 | AM28: -6.968 | AN28: 4.8 | AO28: 5.2 | AT28: Voorbeeld | AW28: Klei, zandig, sterk, organisch, zwak, plantenresten, weinig, grijs, donker, Pulsinstallatie machinaal | AX28: sterk zandig, zwak organisch, weinig plantenresten | EA28: OED_CRS6)GA250495_B02-AL01_11-22463.pdf | EC28: B02-AL01_11-22463 | ED28: Voorbeeld | EE28: ASTM 4168 M | EF28: 45855 | EG28: Klei, zandig, sterk, organisch, zwak, plantenresten, weinig, grijs, donker, Pulsinstallatie machinaal | EH28: sterk zandig, zwak organisch, weinig plantenresten | EI28: -6.89 | EJ28: 51.6 | EK28: 14.4 | EL28: 8 | EM28: 79.9 | EN28: 51.1 | ER28: 63.5 | ES28: 22 | ET28: 21.95 | EU28: 15.27 | EV28: 0.5 | EW28: -0.5 | EX28: 16 | EY28: 307 | EZ28: 233.6 | FA28: 203.2 | FB28: 53.8 | FC28: 512.9 | FD28: 0.3 | FE28: 68 | FF28: 7.06 | FG28: 110 | FH28: 0.0162 | FI28: 0.146 | FJ28: 0.0093 | NH28: TX7)GA250495_B02-AL01-11-22463_Greeuw_V01.pdf | NI28: TX7)_GA250495_B02-AL01-11-22463 GDSTAS_N8_ASCII.txt | NJ28: 11-22463 | NK28: Voorbeeld | NL28: NEN-EN-ISO 17892-9 | NM28: 45869 | NN28: Klei, zandig, sterk, organisch, zwak, plantenresten, weinig, grijs, donker, Pulsinstallatie machinaal | NO28: sterk zandig, zwak organisch, weinig plantenresten | NP28: -6.74 | NQ28: 46.7 | NR28: 15.5 | NS28: 9.5 | NT28: 68.3 | NU28: 63.3 | NV28: 70 | NY28: 20 | NZ28: 20 | OA28: 66 | OB28: 135 | OC28: CU | OD28: Greeuw, Deltares | OE28: Greeuw, Deltares | OF28: 300 | OG28: eerst isotroop en vervolgens anisotroop | OH28: 0.55 | OI28: obv eind consolidatie / obv maximale consolidatietijd | OJ28: 26 | OK28: 0 | ON28: 36.4 | OO28: 10.6 | OP28: 1 | OQ28: 4.2 | OR28: 4.7 | OS28: 25 | OT28: 1 | OU28: 37 | OV28: 22.4 | OW28: 37.9 | OX28: 26.5 | OY28: 34.9 | OZ28: 23.6 | PA28: 37.7 | PB28: 26.9 | PC28: 6.5 | PD28: 31.3 | PE28: 19.8 | PF28: 25 | PG28: 4.7 | PH28: 0.8 | QT28: TXT_voorbeeld | QV28: 51.6 | QW28: 47 | QY28: OC | RA28: OC | RE28: 68 | RF28: 16.4 | RG28: 20.066667 | RJ28: 68 | RK28: 1.3178295
A29: =Table1[[#This Row],[ALG__REGEL]]&"_"&Table1[[#This Row],[BORING_NUMMER]]&"_"&Table1[[#This Row],[MONSTER_ID]] -> 22_B02-AL01_19-782 | B29: 22 | C29: FALSE | G29: TRUE | H29: FALSE | I29: FALSE | J29: TRUE | K29: Waterschap | L29: Voorbeeld | N29: Polderdijk | O29: B02-AL | Q29: Regionaal | V29: 87074.07 | W29: 441147.4 | X29: -1.768 | Y29: B02-AL01 | Z29: AL | AA29: 45936 | AD29: Voorbeeld | AF29: Pulsboor | AG29: -3.298 | AI29: 19-782 | AK29: Koelruimte 10°C en 85% luchtvochtigheid | AL29: -9.768 | AM29: -10.168 | AN29: 8 | AO29: 8.4 | AT29: Voorbeeld | AW29: Klei, zandig, zwak, organisch, zwak, plantenresten, weinig, grijs, donker, Pulsinstallatie machinaal | AX29: zwak zandig, zwak organisch, weinig plantenresten | EA29: OED_CRS10)GA250495_B02-AL01_19-782.pdf | EC29: B02-AL01_19-782 | ED29: Voorbeeld | EE29: ASTM 4168 M | EF29: 45874 | EG29: Klei, zandig, zwak, organisch, zwak, plantenresten, weinig, grijs, donker, Pulsinstallatie machinaal | EH29: zwak zandig, zwak organisch, weinig plantenresten | EI29: -10.09 | EJ29: 52.7 | EK29: 15.7 | EL29: 9.2 | EM29: 71.6 | EN29: 46.8 | ER29: 63.5 | ES29: 22 | ET29: 21.95 | EU29: 16.95 | EV29: 0.5 | EW29: -0.5 | EX29: 16 | EY29: 309 | EZ29: 239.3 | FA29: 206.8 | FB29: 56.7 | FC29: 516.1 | FD29: 0.1 | FE29: 77.9 | FF29: 3.89 | FG29: 145 | FH29: 0.0086 | FI29: 0.117 | FJ29: 0.0073 | NH29: TX11)GA250495_B02-AL01-19-782_Greeuw_V01.pdf | NI29: TX11)_GA250495_B02-AL01-19-782 GDSTAS_N4_ASCII.txt | NJ29: 19-782 | NK29: Voorbeeld | NL29: NEN-EN-ISO 17892-9 | NM29: 45517 | NN29: Klei, zandig, zwak, organisch, zwak, plantenresten, weinig, grijs, donker, Pulsinstallatie machinaal | NO29: zwak zandig, zwak organisch, weinig plantenresten | NP29: -9.94 | NQ29: 52.7 | NR29: 15.6 | NS29: 9.9 | NT29: 62.8 | NU29: 57.6 | NV29: 68 | NY29: 20 | NZ29: 20 | OA29: 66 | OB29: 135 | OC29: CU | OD29: Greeuw, Deltares | OE29: Greeuw, Deltares | OF29: 300 | OG29: eerst isotroop en vervolgens anisotroop | OH29: 0.55 | OI29: obv eind consolidatie / obv maximale consolidatietijd | OJ29: 29 | OK29: 0 | ON29: 41.1 | OO29: 11.9 | OP29: 1 | OQ29: 3.6 | OR29: 4.8 | OS29: 25 | OT29: 1 | OU29: 38.2 | OV29: 23.6 | OW29: 36.6 | OX29: 25.2 | OY29: 32 | OZ29: 21.9 | PA29: 36.9 | PB29: 25.3 | PC29: 4.5 | PD29: 28 | PE29: 18.6 | PF29: 25 | PG29: 11.9 | PH29: 0.3 | QT29: TXT_voorbeeld | QV29: 52.7 | QW29: 53 | QY29: OC | RA29: OC | RE29: 77.9 | RF29: 25.2 | RG29: 20.066667 | RJ29: 77.9 | RK29: 1.4781784
A30: =Table1[[#This Row],[ALG__REGEL]]&"_"&Table1[[#This Row],[BORING_NUMMER]]&"_"&Table1[[#This Row],[MONSTER_ID]] -> 23_B02-K02_4-10346 | B30: 23 | C30: FALSE | G30: TRUE | H30: FALSE | I30: FALSE | J30: TRUE | K30: Waterschap | L30: Voorbeeld | N30: Polderdijk | O30: B02-K | Q30: Regionaal | V30: 87083.63 | W30: 441148.12 | X30: -0.205 | Y30: B02-K02 | Z30: KR | AA30: 45967 | AD30: Voorbeeld | AF30: Pulsboor | AG30: -3.155 | AI30: 4-10346 | AK30: Koelruimte 10°C en 85% luchtvochtigheid | AL30: -2.205 | AM30: -2.605 | AN30: 2 | AO30: 2.4 | AT30: Voorbeeld | AW30: Klei, zandig, zwak, organisch, zwak, puin, weinig, grijs, donker, Pulsinstallatie machinaal | AX30: zwak zandig, zwak organisch, weinig puin | EA30: OED_CRS16)GA250495_B02-K02_4-10346.pdf | EC30: B02-K02_4-10346 | ED30: Voorbeeld | EE30: ASTM 4168 M | EF30: 0 | EG30: Klei, zandig, zwak, organisch, zwak, puin, weinig, grijs, donker, Pulsinstallatie machinaal | EH30: zwak zandig, zwak organisch, weinig puin | EI30: -2.89 | EJ30: 34.2 | EK30: 15.3 | EL30: 8.8 | EM30: 74 | EN30: 41.8 | ER30: 63.5 | ES30: 22 | ET30: 21.94 | EU30: 16.3 | EV30: 0.5 | EW30: -0.5 | EX30: 16 | EY30: 202.4 | EZ30: 148.1 | FA30: 134.3 | FB30: 34.7 | FC30: 339.1 | FD30: 1.1 | FE30: 45.7 | FF30: 11.45 | FG30: 160 | FH30: 0.0067 | FI30: 0.093 | FJ30: 0.0072 | NH30: TX16)GA2520495_B02-K02-4-10346_Greeuw_V01.pdf | NI30: TX16)_GA250495_B02-K02-4-10346 GDSTAS_N1_ASCII.txt | NJ30: 4-10346 | NK30: Voorbeeld | NL30: NEN-EN-ISO 17892-9 | NM30: 45725 | NN30: Klei, zandig, zwak, organisch, zwak, puin, weinig, grijs, donker, Pulsinstallatie machinaal | NO30: zwak zandig, zwak organisch, weinig puin | NP30: -2.69 | NQ30: 34.3 | NR30: 15.7 | NS30: 9.1 | NT30: 62 | NU30: 72.3 | NV30: 73.3 | NY30: 20 | NZ30: 20 | OA30: 66 | OB30: 135 | OC30: CU | OD30: Greeuw, Deltares | OE30: Greeuw, Deltares | OF30: 300 | OG30: eerst isotroop en vervolgens anisotroop | OH30: 0.52 | OI30: obv eind consolidatie / obv maximale consolidatietijd | OJ30: 18 | OK30: 0 | ON30: 34 | OO30: 0 | OP30: 1 | OQ30: 6.6 | OR30: 14.3 | OS30: 25 | OT30: 0.3 | OU30: 24.7 | OV30: 13.2 | OW30: 24.4 | OX30: 14.2 | OY30: 26.8 | OZ30: 16.3 | PA30: 27.7 | PB30: 16.6 | PC30: 17.4 | PD30: 27.5 | PE30: 16.2 | PF30: 25 | PG30: 7.7 | PH30: 0.3 | QT30: TXT_voorbeeld | QV30: 34.3 | QW30: 34 | QY30: OC | RA30: OC | RE30: 45.7 | RF30: 11.4 | RG30: 8.9 | RJ30: 45.7 | RK30: 1.3323615
A31: =Table1[[#This Row],[ALG__REGEL]]&"_"&Table1[[#This Row],[BORING_NUMMER]]&"_"&Table1[[#This Row],[MONSTER_ID]] -> 24_B05-AL01_5-B498 | B31: 24 | C31: FALSE | G31: TRUE | H31: FALSE | I31: FALSE | J31: TRUE | K31: Waterschap | L31: Voorbeeld | N31: Polderdijk | O31: B05-AL | Q31: Regionaal | V31: 79766.26 | W31: 444159.69 | X31: -2.261 | Y31: B05-AL01 | Z31: AL | AA31: 45695 | AD31: Voorbeeld | AF31: Pulsboor | AG31: -2.961 | AI31: 5-B498 | AK31: Koelruimte 10°C en 85% luchtvochtigheid | AL31: -4.661 | AM31: -5.061 | AN31: 2.4 | AO31: 2.8 | AT31: Voorbeeld | AW31: Klei, zandig, zwak, organisch, zwak, grijs, neutraal, Pulsinstallatie machinaal | AX31: zwak zandig, zwak organisch | EA31: OED_CRS23)GA250495_B05-AL01_5-B498.pdf | EC31: B05-AL01_5-B498 | ED31: Voorbeeld | EE31: ASTM 4168 M | EF31: 45903 | EG31: Klei, zandig, zwak, organisch, zwak, grijs, neutraal, Pulsinstallatie machinaal | EH31: zwak zandig, zwak organisch | EI31: -4.96 | EJ31: 13.2 | EK31: 13.7 | EL31: 6.7 | EM31: 104.6 | EN31: 72.4 | ER31: 63.5 | ES31: 22 | ET31: 21.95 | EU31: 16.29 | EV31: 0.5 | EW31: -0.5 | EX31: 16 | EY31: 76.7 | EZ31: 55.8 | FA31: 51.6 | FB31: 13.3 | FC31: 130 | FD31: 0.5 | FE31: 22 | FF31: 3.23 | FG31: 36 | FH31: 0.0109 | FI31: 0.153 | FJ31: 0.0117 | NH31: TX24)GA250495_B05-AL01-5-B498_Greeuw_V01.pdf | NI31: TX24)_GA250495_B05-AL01-5-B498 GDSTAS_N6_ASCII.txt | NJ31: 5-B498 | NK31: Voorbeeld | NL31: NEN-EN-ISO 17892-9 | NM31: 45918 | NN31: Klei, zandig, zwak, organisch, zwak, grijs, neutraal, Pulsinstallatie machinaal | NO31: zwak zandig, zwak organisch | NP31: -4.81 | NQ31: 13.2 | NR31: 14.5 | NS31: 7.6 | NT31: 98 | NU31: 91.8 | NV31: 100 | NY31: 20 | NZ31: 20 | OA31: 66 | OB31: 135 | OC31: CU | OD31: Greeuw, Deltares | OE31: Greeuw, Deltares | OF31: 300 | OG31: eerst isotroop en vervolgens anisotroop | OH31: 0.49 | OI31: obv eind consolidatie / obv maximale consolidatietijd | OJ31: 6 | OK31: 0 | ON31: 9.7 | OO31: 3.3 | OP31: 1 | OQ31: 2.2 | OR31: 3.1 | OS31: 25 | OT31: 1 | OU31: 10.1 | OV31: 7.1 | OW31: 10.3 | OX31: 7.3 | OY31: 9.2 | OZ31: 6.7 | PA31: 10.4 | PB31: 7.3 | PC31: 3.1 | PD31: 8.3 | PE31: 6.3 | PF31: 24.9 | PG31: 2.7 | PH31: 0.4 | QT31: TXT_voorbeeld | QV31: 13.2 | QW31: 13 | QY31: OC | RA31: OC | RE31: 22 | RF31: 8.8 | RG31: 12.65 | RJ31: 22 | RK31: 1.6666667
A32: =Table1[[#This Row],[ALG__REGEL]]&"_"&Table1[[#This Row],[BORING_NUMMER]]&"_"&Table1[[#This Row],[MONSTER_ID]] -> 25_B05-AL01_11-756 | B32: 25 | C32: FALSE | G32: TRUE | H32: FALSE | I32: FALSE | J32: TRUE | K32: Waterschap | L32: Voorbeeld | N32: Polderdijk | O32: B05-AL | Q32: Regionaal | V32: 79766.26 | W32: 444159.69 | X32: -2.261 | Y32: B05-AL01 | Z32: AL | AA32: 45695 | AD32: Voorbeeld | AF32: Pulsboor | AG32: -2.961 | AI32: 11-756 | AK32: Koelruimte 10°C en 85% luchtvochtigheid | AL32: -7.061 | AM32: -7.461 | AN32: 4.8 | AO32: 5.2 | AT32: Voorbeeld | AW32: Klei, zandig, sterk, organisch, zwak, plantenresten, weinig, grijs, neutraal, Pulsinstallatie machinaal | AX32: sterk zandig, zwak organisch, weinig plantenresten | EA32: OED_CRS24)GA250495_B05-AL01_11-756.pdf | EC32: B05-AL01_11-756 | ED32: Voorbeeld | EE32: ASTM 4168 M | EF32: 45908 | EG32: Klei, zandig, sterk, organisch, zwak, plantenresten, weinig, grijs, neutraal, Pulsinstallatie machinaal | EH32: sterk zandig, zwak organisch, weinig plantenresten | EI32: -7.38 | EJ32: 24 | EK32: 16.2 | EL32: 10.9 | EM32: 48.9 | EN32: 43.2 | ER32: 63.5 | ES32: 22 | ET32: 21.96 | EU32: 18.77 | EV32: 0.5 | EW32: -0.5 | EX32: 16 | EY32: 143.8 | EZ32: 103.9 | FA32: 95.8 | FB32: 24 | FC32: 239.8 | FD32: 0.1 | FE32: 40.5 | FF32: 1.97 | FG32: 65 | FH32: 0.0052 | FI32: 0.078 | FJ32: 0.0064 | NH32: TX25)GA250495_B05-AL01-11-756_Greeuw_V01.pdf | NI32: TX25)_GA250495_B05-AL01-11-756 GDSTAS_N5_ASCII.txt | NJ32: 11-756 | NK32: Voorbeeld | NL32: NEN-EN-ISO 17892-9 | NM32: 45918 | NN32: Klei, zandig, sterk, organisch, zwak, plantenresten, weinig, grijs, neutraal, Pulsinstallatie machinaal | NO32: sterk zandig, zwak organisch, weinig plantenresten | NP32: -7.23 | NQ32: 23.8 | NR32: 15.6 | NS32: 9.7 | NT32: 68.3 | NU32: 61.2 | NV32: 67.9 | NY32: 20 | NZ32: 20 | OA32: 66 | OB32: 135 | OC32: CU | OD32: Greeuw, Deltares | OE32: Greeuw, Deltares | OF32: 300 | OG32: eerst isotroop en vervolgens anisotroop | OH32: 0.6 | OI32: obv eind consolidatie / obv maximale consolidatietijd | OJ32: 14 | OK32: 0 | ON32: 19.2 | OO32: 4.8 | OP32: 1 | OQ32: 1.4 | OR32: 2.3 | OS32: 25 | OT32: 1 | OU32: 22.3 | OV32: 15.6 | OW32: 22 | OX32: 15.8 | OY32: 18.8 | OZ32: 13 | PA32: 22.4 | PB32: 16.2 | PC32: 3 | PD32: 16.5 | PE32: 10.7 | PF32: 25 | PG32: 5.3 | PH32: 0.4 | QT32: TXT_voorbeeld | QV32: 24 | QW32: 24 | QY32: OC | RA32: OC | RE32: 40.5 | RF32: 16.5 | RG32: 12.65 | RJ32: 40.5 | RK32: 1.6875
A33: =Table1[[#This Row],[ALG__REGEL]]&"_"&Table1[[#This Row],[BORING_NUMMER]]&"_"&Table1[[#This Row],[MONSTER_ID]] -> 26_B06-AL01_3-318 | B33: 26 | C33: FALSE | G33: TRUE | H33: FALSE | I33: FALSE | J33: TRUE | K33: Waterschap | L33: Voorbeeld | N33: Polderdijk | O33: B06-AL | Q33: Regionaal | V33: 81398.72 | W33: 440929.65 | X33: -2.98 | Y33: B06-AL01 | Z33: AL | AA33: 28-10-2025 | AD33: Voorbeeld | AF33: Pulsboor | AG33: -3.33 | AI33: 3-318 | AK33: Koelruimte 10°C en 85% luchtvochtigheid | AL33: -4.58 | AM33: -4.98 | AN33: 1.6 | AO33: 2 | AT33: Voorbeeld | AW33: Klei, zandig, zwak, organisch, zwak, plantenresten, weinig, grijs, neutraal, Pulsinstallatie machinaal | AX33: zwak zandig, zwak organisch, weinig plantenresten | EA33: OED_CRS74)GA250495_B06-AL01_3-318.pdf | EC33: B06-AL01_3-318 | ED33: Voorbeeld | EE33: ASTM 4168 M | EF33: 45979 | EG33: Klei, zandig, zwak, organisch, zwak, plantenresten, weinig, grijs, neutraal, Pulsinstallatie machinaal | EH33: zwak zandig, zwak organisch, weinig plantenresten | EI33: -4.9 | EJ33: 8.5 | EK33: 13.6 | EL33: 6.6 | EM33: 105 | EN33: 43.7 | ER33: 63.5 | ES33: 22 | ET33: 21.96 | EU33: 17.93 | EV33: 0.5 | EW33: -0.5 | EX33: 16 | EY33: 48.4 | EZ33: 36.3 | FA33: 32 | FB33: 8.8 | FC33: 81.8 | FD33: 0.5 | FE33: 18.7 | FF33: 0.49 | FG33: 30 | FH33: 0.0057 | FI33: 0.131 | FJ33: 0.0095 | NH33: TX103)GA250495_B06-AL01-3-318_Greeuw_V01.pdf | NI33: TX103)_GA250495_B06-AL01-3-318 GDSTAS_N5_ASCII.txt | NJ33: 3-318 | NK33: Voorbeeld | NL33: NEN-EN-ISO 17892-9 | NM33: 45989 | NN33: Klei, zandig, zwak, organisch, zwak, plantenresten, weinig, grijs, neutraal, Pulsinstallatie machinaal | NO33: zwak zandig, zwak organisch, weinig plantenresten | NP33: -4.75 | NQ33: 8.5 | NR33: 15.8 | NS33: 10.6 | NT33: 65.9 | NU33: 49 | NV33: 80 | NY33: 20 | NZ33: 20 | OA33: 66 | OB33: 135 | OC33: CU | OD33: Greeuw, Deltares | OE33: Greeuw, Deltares | OF33: 300 | OG33: eerst isotroop en vervolgens anisotroop | OH33: 0.59 | OI33: obv eind consolidatie / obv maximale consolidatietijd | OJ33: 5 | OK33: 0 | ON33: 7.2 | OO33: 1.8 | OP33: 1.1 | OQ33: 1.6 | OR33: 1.1 | OS33: 25 | OT33: 1 | OU33: 10.6 | OV33: 7.5 | OW33: 11.9 | OX33: 8.1 | OY33: 11.4 | OZ33: 7.7 | PA33: 11.9 | PB33: 8.5 | PC33: 3.3 | PD33: 10.7 | PE33: 7.5 | PF33: 25 | PG33: 1.4 | PH33: 0.8 | QT33: TXT_voorbeeld | QV33: 8.5 | QW33: 9 | QY33: OC | RA33: OC | RE33: 18.7 | RF33: 10.2 | RG33: 10.2 | RI33: 30 | RJ33: 30 | RK33: 3.5294118
A34: =Table1[[#This Row],[ALG__REGEL]]&"_"&Table1[[#This Row],[BORING_NUMMER]]&"_"&Table1[[#This Row],[MONSTER_ID]] -> 27_B07-AL01_5-22549 | B34: 27 | C34: FALSE | G34: TRUE | H34: FALSE | I34: FALSE | J34: TRUE | K34: Waterschap | L34: Voorbeeld | N34: Polderdijk | O34: B07-AL | Q34: Regionaal | V34: 79778.99 | W34: 441321.76 | X34: -2.181 | Y34: B07-AL01 | Z34: AL | AA34: 30-10-2025 | AD34: Voorbeeld | AF34: Pulsboor | AG34: -3.281 | AI34: 5-22549 | AK34: Koelruimte 10°C en 85% luchtvochtigheid | AL34: -4.581 | AM34: -4.981 | AN34: 2.4 | AO34: 2.8 | AT34: Voorbeeld | AW34: Klei, zandig, zwak, organisch, zwak, plantenresten, weinig, grijs, neutraal, Pulsinstallatie machinaal | AX34: zwak zandig, zwak organisch, weinig plantenresten | EA34: OED_CRS79)GA250495_B07-AL01_5-22549.pdf | EC34: B07-AL01_5-22549 | ED34: Voorbeeld | EE34: ASTM 4168 M | EF34: 45979 | EG34: Klei, zandig, zwak, organisch, zwak, plantenresten, weinig, grijs, neutraal, Pulsinstallatie machinaal | EH34: zwak zandig, zwak organisch, weinig plantenresten | EI34: -4.91 | EJ34: 29.2 | EK34: 14 | EL34: 7.3 | EM34: 92.4 | EN34: 65.6 | ER34: 63.5 | ES34: 25 | ET34: 25 | EU34: 17.43 | EV34: 0.5 | EW34: -0.5 | EX34: 16 | EY34: 172.5 | EZ34: 129.2 | FA34: 115.6 | FB34: 33.5 | FC34: 292.1 | FD34: 0.1 | FE34: 44.9 | FF34: 5.55 | FG34: 95 | FH34: 0.0139 | FI34: 0.163 | FJ34: 0.013 | NH34: TX109)GA250495_B07-AL01-5-22549_Greeuw_V01.pdf | NI34: TX109)_GA250495_B07-AL01-5-22549 GDSTAS_N1_ASCII.txt | NJ34: 5-22549 | NK34: Voorbeeld | NL34: NEN-EN-ISO 17892-9 | NM34: 45789 | NN34: Klei, zandig, zwak, organisch, zwak, plantenresten, weinig, grijs, neutraal, Pulsinstallatie machinaal | NO34: zwak zandig, zwak organisch, weinig plantenresten | NP34: -4.76 | NQ34: 29.2 | NR34: 14 | NS34: 7 | NT34: 68.7 | NU34: 99.1 | NV34: 74.7 | NY34: 20 | NZ34: 20 | OA34: 66 | OB34: 135 | OC34: CU | OD34: Greeuw, Deltares | OE34: Greeuw, Deltares | OF34: 300 | OG34: eerst isotroop en vervolgens anisotroop | OH34: 0.57 | OI34: obv eind consolidatie / obv maximale consolidatietijd | OJ34: 17 | OK34: 0 | ON34: 22.8 | OO34: 6.2 | OP34: 1 | OQ34: 3.4 | OR34: 6.4 | OS34: 25 | OT34: 1 | OU34: 22.6 | OV34: 13.5 | OW34: 22.6 | OX34: 14.7 | OY34: 19.6 | OZ34: 12.1 | PA34: 22.5 | PB34: 14.8 | PC34: 6.2 | PD34: 17.4 | PE34: 10.5 | PF34: 25 | PG34: 6 | PH34: 0.4 | QT34: TXT_voorbeeld | QV34: 29.2 | QW34: 29 | QY34: OC | RA34: OC | RE34: 44.9 | RF34: 15.7 | RG34: 15.7 | RJ34: 44.9 | RK34: 1.5376712
A35: =Table1[[#This Row],[ALG__REGEL]]&"_"&Table1[[#This Row],[BORING_NUMMER]]&"_"&Table1[[#This Row],[MONSTER_ID]] -> 28_B08-K01_18-23040 | B35: 28 | C35: FALSE | G35: TRUE | H35: FALSE | I35: FALSE | J35: TRUE | K35: Waterschap | L35: Voorbeeld | N35: Polderdijk | O35: B08-K | Q35: Regionaal | V35: 86212.86 | W35: 443070.64 | X35: -0.001 | Y35: B08-K01 | Z35: KR | AA35: 17-09-2025 | AD35: Voorbeeld | AF35: Pulsboor | AG35: -2.001 | AI35: 18-23040 | AK35: Koelruimte 10°C en 85% luchtvochtigheid | AL35: -7.601 | AM35: -8.001 | AN35: 7.6 | AO35: 8 | AT35: Voorbeeld | AW35: Silt, organisch, zwak, plantenresten, weinig, grijs, neutraal, Pulsinstallatie machinaal | AX35: zwak organisch, weinig plantenresten | EA35: OED_CRS68)GA250495_B08-K01_18-23040.pdf | EC35: B08-K01_18-23040 | ED35: Voorbeeld | EE35: ASTM 4168 M | EF35: 45959 | EG35: Silt, organisch, zwak, plantenresten, weinig, grijs, neutraal, Pulsinstallatie machinaal | EH35: zwak organisch, weinig plantenresten | EI35: -7.92 | EJ35: 47.8 | EK35: 16.2 | EL35: 10.4 | EM35: 56.1 | EN35: 44.5 | ER35: 63.5 | ES35: 25 | ET35: 25 | EU35: 20.1 | EV35: 0.5 | EW35: -0.5 | EX35: 16 | EY35: 283 | EZ35: 210.1 | FA35: 190.5 | FB35: 52.2 | FC35: 473.9 | FD35: 0.1 | FE35: 85.6 | FF35: 4.58 | FG35: 150 | FH35: 0.0087 | FI35: 0.101 | FJ35: 0.0083 | NH35: TX85)GA250495_B08-K01-18-23040_Greeuw_V01.pdf | NI35: TX85)_GA250495_B08-K01-18-23040 GDSTAS_N8_ASCII.txt | NJ35: 18-23040 | NK35: Voorbeeld | NL35: NEN-EN-ISO 17892-9 | NM35: 45849 | NN35: Silt, organisch, zwak, plantenresten, weinig, grijs, neutraal, Pulsinstallatie machinaal | NO35: zwak organisch, weinig plantenresten | NP35: -7.77 | NQ35: 47.8 | NR35: 16 | NS35: 9.6 | NT35: 64.5 | NU35: 66.5 | NV35: 40 | NY35: 20 | NZ35: 20 | OA35: 66 | OB35: 135 | OC35: CU | OD35: Greeuw, Deltares | OE35: Greeuw, Deltares | OF35: 300 | OG35: eerst isotroop en vervolgens anisotroop | OH35: 0.61 | OI35: obv eind consolidatie / obv maximale consolidatietijd | OJ35: 29 | OK35: 0 | ON35: 38.6 | OO35: 9.4 | OP35: 1 | OQ35: 2.1 | OR35: 4.6 | OS35: 25 | OT35: 1 | OU35: 39 | OV35: 23.5 | OW35: 39.3 | OX35: 26 | OY35: 34.1 | OZ35: 21.4 | PA35: 39.1 | PB35: 26.1 | PC35: 5.6 | PD35: 29.9 | PE35: 17.2 | PF35: 25 | PG35: 7.7 | PH35: 0.5 | QT35: TXT_voorbeeld | QV35: 47.8 | QW35: 48 | QY35: OC | RA35: OC | RE35: 85.6 | RF35: 37.8 | RG35: 37.8 | RJ35: 85.6 | RK35: 1.790795
A36: =Table1[[#This Row],[ALG__REGEL]]&"_"&Table1[[#This Row],[BORING_NUMMER]]&"_"&Table1[[#This Row],[MONSTER_ID]] -> 29_B08-K02_7-K624 | B36: 29 | C36: FALSE | G36: TRUE | H36: FALSE | I36: FALSE | J36: TRUE | K36: Waterschap | L36: Voorbeeld | N36: Polderdijk | O36: B08-K | Q36: Regionaal | V36: 86215.19 | W36: 443063.94 | X36: 0.002 | Y36: B08-K02 | Z36: KR | AA36: 18-09-2025 | AD36: Voorbeeld | AF36: Pulsboor | AG36: -1.998 | AI36: 7-K624 | AK36: Koelruimte 10°C en 85% luchtvochtigheid | AL36: -3.198 | AM36: -3.598 | AN36: 3.2 | AO36: 3.6 | AT36: Voorbeeld | AW36: Klei, organisch, sterk, plantenresten, weinig, grijs, donker, Pulsinstallatie machinaal | AX36: sterk organisch, weinig plantenresten | EA36: OED_CRS69)GA250495_B08-K02_7-K624.pdf | EC36: B08-K02_7-K624 | ED36: Voorbeeld | EE36: ASTM 4168 M | EF36: 45965 | EG36: Klei, organisch, sterk, plantenresten, weinig, grijs, donker, Pulsinstallatie machinaal | EH36: sterk organisch, weinig plantenresten | EI36: -3.52 | EJ36: 32 | EK36: 13.4 | EL36: 6.3 | EM36: 111.7 | EN36: 94.7 | ER36: 63.5 | ES36: 25 | ET36: 25 | EU36: 17 | EV36: 0.5 | EW36: -0.5 | EX36: 16 | EY36: 190 | EZ36: 142.5 | FA36: 125.8 | FB36: 34.2 | FC36: 318.2 | FD36: 0.5 | FE36: 58.6 | FF36: 5.85 | FG36: 110 | FH36: 0.0209 | FI36: 0.193 | FJ36: 0.0135 | NH36: TX90)GA250495_B08-K02-7-K624_Greeuw_V01.pdf | NI36: TX90)_GA250495_B08-K02-7-K624 GDSTAS_N2_ASCII.txt | NJ36: 7-K624 | NK36: Voorbeeld | NL36: NEN-EN-ISO 17892-9 | NM36: 45975 | NN36: Klei, organisch, sterk, plantenresten, weinig, grijs, donker, Pulsinstallatie machinaal | NO36: sterk organisch, weinig plantenresten | NP36: -3.3 | NQ36: 32 | NR36: 14.1 | NS36: 6.7 | NT36: 94.2 | NU36: 109.6 | NV36: 82.4 | NY36: 20 | NZ36: 20 | OA36: 66 | OB36: 135 | OC36: CU | OD36: Greeuw, Deltares | OE36: Greeuw, Deltares | OF36: 300 | OG36: eerst isotroop en vervolgens anisotroop | OH36: 0.52 | OI36: obv eind consolidatie / obv maximale consolidatietijd | OJ36: 17 | OK36: 0 | ON36: 24.3 | OO36: 7.7 | OP36: 1 | OQ36: 2.8 | OR36: 5.2 | OS36: 25 | OT36: 1 | OU36: 25.5 | OV36: 17.3 | OW36: 29 | OX36: 22.2 | OY36: 30.1 | OZ36: 21.6 | PA36: 30.8 | PB36: 23.8 | PC36: 8.3 | PD36: 28.1 | PE36: 18.5 | PF36: 25 | PG36: 2.3 | PH36: 1.4 | QT36: TXT_voorbeeld | QV36: 32 | QW36: 32 | QY36: OC | RA36: OC | RE36: 58.6 | RF36: 26.6 | RG36: 26.6 | RJ36: 58.6 | RK36: 1.83125
A37: =Table1[[#This Row],[ALG__REGEL]]&"_"&Table1[[#This Row],[BORING_NUMMER]]&"_"&Table1[[#This Row],[MONSTER_ID]] -> 30_B09-K01_6-S 323 | B37: 30 | C37: FALSE | G37: TRUE | H37: FALSE | I37: FALSE | J37: TRUE | K37: Waterschap | L37: Voorbeeld | N37: Polderdijk | O37: B09-K | Q37: Regionaal | V37: 80461.32 | W37: 449171.41 | X37: 0.17 | Y37: B09-K01 | Z37: KR | AA37: 15-09-2025 | AD37: Voorbeeld | AF37: Pulsboor | AG37: -1.5 | AI37: 6-S 323 | AK37: Koelruimte 10°C en 85% luchtvochtigheid | AL37: -2.63 | AM37: -3.03 | AN37: 2.8 | AO37: 3.2 | AT37: Voorbeeld | AW37: Klei, organisch, sterk, plantenresten, weinig, grijs, neutraal, Pulsinstallatie machinaal | AX37: sterk organisch, weinig plantenresten | EA37: OED_CRS67)GA250495_B09-K01_6-S 323 | EC37: B09-K01_6-S 323 | ED37: Voorbeeld | EE37: ASTM 4168 M | EF37: 45959 | EG37: Klei, organisch, sterk, plantenresten, weinig, grijs, neutraal, Pulsinstallatie machinaal | EH37: sterk organisch, weinig plantenresten | EI37: -2.95 | EJ37: 41.8 | EK37: 12.5 | EL37: 5.2 | EM37: 140.4 | EN37: 98.4 | ER37: 63.5 | ES37: 25 | ET37: 25 | EU37: 16.47 | EV37: 0.5 | EW37: -0.5 | EX37: 16 | EY37: 245.6 | EZ37: 190.4 | FA37: 165.6 | FB37: 44.3 | FC37: 407.4 | FD37: 0.1 | FE37: 72.1 | FF37: 6.3 | FG37: 125 | FH37: 0.0244 | FI37: 0.205 | FJ37: 0.013 | NH37: TX86)GA250495_B09-K01-6- S 323_Greeuw_V01.pdf | NI37: TX86)_GA250495_B09-K01-6- S 323 GDSTAS_N10_ASCII.txt | NJ37: 6- S 323 | NK37: Voorbeeld | NL37: NEN-EN-ISO 17892-9 | NM37: 45849 | NN37: Klei, organisch, sterk, plantenresten, weinig, grijs, neutraal, Pulsinstallatie machinaal | NO37: sterk organisch, weinig plantenresten | NP37: -2.8 | NQ37: 41.8 | NR37: 14.1 | NS37: 6.9 | NT37: 109.1 | NU37: 104.1 | NV37: 66.7 | NY37: 20 | NZ37: 20 | OA37: 66 | OB37: 135 | OC37: CU | OD37: Greeuw, Deltares | OE37: Greeuw, Deltares | OF37: 300 | OG37: eerst isotroop en vervolgens anisotroop | OH37: 0.5 | OI37: obv eind consolidatie / obv maximale consolidatietijd | OJ37: 21 | OK37: 0 | ON37: 31.5 | OO37: 10.5 | OP37: 1 | OQ37: 4 | OR37: 6 | OS37: 25 | OT37: 1 | OU37: 30.4 | OV37: 19.8 | OW37: 29.3 | OX37: 20.3 | OY37: 27.1 | OZ37: 19 | PA37: 29.4 | PB37: 20.3 | PC37: 5 | PD37: 24.9 | PE37: 16.6 | PF37: 25 | PG37: 13.7 | PH37: 0.2 | QT37: TXT_voorbeeld | QV37: 41.8 | QW37: 42 | QY37: OC | RA37: OC | RE37: 72.1 | RF37: 30.3 | RG37: 30.3 | RJ37: 72.1 | RK37: 1.7248804
A38: =Table1[[#This Row],[ALG__REGEL]]&"_"&Table1[[#This Row],[BORING_NUMMER]]&"_"&Table1[[#This Row],[MONSTER_ID]] -> 31_B03-AL01_10-991 | B38: 31 | C38: FALSE | G38: FALSE | H38: FALSE | I38: FALSE | J38: TRUE | K38: Waterschap | L38: Voorbeeld | N38: Polderdijk | O38: B03-AL | Q38: Regionaal | V38: 87463.87 | W38: 449482.61 | X38: -4.517 | Y38: B03-AL01 | Z38: AL | AA38: 45878 | AD38: BAM Infraconsult B.V. | AE38: HA | AF38: Pulsboor | AG38: -5.797 | AI38: 10-991 | AK38: Koelruimte 10°C en 85% luchtvochtigheid | AL38: -8.917 | AM38: -9.317 | AN38: 4.4 | AO38: 4.8 | AT38: GEOLab Geonius Geotechniek B.V. te Houten | AW38: Klei, zandig, zwak, organisch, zwak, grijs, neutraal, Pulsinstallatie machinaal | AX38: zwak zandig, zwak organisch | NH38: TX53)GA250495_B03-AL01-10-991_Greeuw_V01.pdf | NI38: TX53)_GA250495_B03-AL01-10-991 GDSTAS_N4_ASCII.txt | NJ38: 10-991 | NK38: GEOLab Geonius Geotechniek B.V. te Houten. | NL38: NEN-EN-ISO 17892-9 | NM38: 45944 | NN38: Klei, zandig, zwak, organisch, zwak, grijs, neutraal, Pulsinstallatie machinaal | NO38: zwak zandig, zwak organisch | NP38: -9.02 | NQ38: 45 | NR38: 15.4 | NS38: 9.1 | NT38: 60.2 | NU38: 68.7 | NV38: 72 | NY38: 20 | NZ38: 20 | OA38: 66 | OB38: 135 | OC38: CU | OD38: Greeuw, Deltares | OE38: Greeuw, Deltares | OF38: 300 | OG38: eerst isotroop en vervolgens anisotroop | OH38: 0.45 | OI38: obv eind consolidatie / obv maximale consolidatietijd | OJ38: 53 | OK38: 0 | ON38: 85.6 | OO38: 32.5 | OP38: 2.6 | OQ38: 12.8 | OR38: 16 | OS38: 25 | OT38: 1 | OU38: 76.6 | OV38: 44.8 | OW38: 68.7 | OX38: 42.9 | OY38: 58.1 | OZ38: 38 | PA38: 79.3 | PB38: 45.2 | PC38: 1.3 | PD38: 52.8 | PE38: 33.9 | PF38: 25 | PG38: 115.5 | PH38: 0.1 | QT38: TXT_voorbeeld | QV38: 45 | QW38: 118.1 | QY38: NC | RA38: NC
A39: =Table1[[#This Row],[ALG__REGEL]]&"_"&Table1[[#This Row],[BORING_NUMMER]]&"_"&Table1[[#This Row],[MONSTER_ID]] -> 32_B08-K01_15-22380 | B39: 32 | C39: FALSE | G39: FALSE | H39: FALSE | I39: FALSE | J39: TRUE | K39: Waterschap | L39: Voorbeeld | N39: Polderdijk | O39: B08-K | Q39: Regionaal | V39: 86212.86 | W39: 443070.64 | X39: -0.001 | Y39: B08-K01 | Z39: KR | AA39: 17-09-2025 | AD39: BAM Infraconsult B.V. | AE39: HA | AF39: Pulsboor | AG39: -2.001 | AI39: 15-22380 | AK39: Koelruimte 10°C en 85% luchtvochtigheid | AL39: -6.401 | AM39: -6.801 | AN39: 6.4 | AO39: 6.8 | AT39: GEOLab Geonius Geotechniek B.V. te Houten | AW39: Klei, organisch, zwak, plantenresten, weinig, schelpen, weinig, grijs, neutraal, Pulsinstallatie machinaal | AX39: zwak organisch, weinig schelpen, weinig plantenresten | NH39: TX83)GA250495_B08-K01-15-22380_Greeuw_V01.pdf | NI39: TX83)_GA250495_B08-K01-15-22380 GDSTAS_N3_ASCII.txt | NJ39: 15-22380 | NK39: GEOLab Geonius Geotechniek B.V. te Houten. | NL39: NEN-EN-ISO 17892-9 | NM39: 45819 | NN39: Klei, organisch, zwak, plantenresten, weinig, schelpen, weinig, grijs, neutraal, Pulsinstallatie machinaal | NO39: zwak organisch, weinig schelpen, weinig plantenresten | NP39: -6.6 | NQ39: 43.7 | NR39: 15.1 | NS39: 8 | NT39: 68.7 | NU39: 89.3 | NV39: 48 | NY39: 20 | NZ39: 20 | OA39: 66 | OB39: 135 | OC39: CU | OD39: Greeuw, Deltares | OE39: Greeuw, Deltares | OF39: 300 | OG39: eerst isotroop en vervolgens anisotroop | OH39: 0.45 | OI39: obv eind consolidatie / obv maximale consolidatietijd | OJ39: 50 | OK39: 0 | ON39: 79.8 | OO39: 30.3 | OP39: 2.5 | OQ39: 12 | OR39: 15 | OS39: 25 | OT39: 0.9 | OU39: 72.6 | OV39: 41 | OW39: 65.2 | OX39: 39.5 | OY39: 53.9 | OZ39: 35 | PA39: 75.1 | PB39: 41.2 | PC39: 1.4 | PD39: 47.6 | PE39: 31.2 | PF39: 25 | PG39: 97.4 | PH39: 0.1 | QT39: TXT_voorbeeld | QV39: 43.7 | QW39: 110.1 | QY39: NC | RA39: NC | RG39: 37.8 | RH39: 81.5 | RJ39: 81.5 | RK39: 1
A40: =Table1[[#This Row],[ALG__REGEL]]&"_"&Table1[[#This Row],[BORING_NUMMER]]&"_"&Table1[[#This Row],[MONSTER_ID]] -> 33_B11-K01_26-1116 | B40: 33 | C40: FALSE | G40: FALSE | H40: FALSE | I40: FALSE | J40: TRUE | K40: Waterschap | L40: Voorbeeld | N40: Polderdijk | O40: B11-K | Q40: Regionaal | V40: 87080.1 | W40: 435430.7 | X40: 5.073 | Y40: B11-K01 | Z40: KR | AA40: 13-06-2025 | AD40: BAM Infraconsult B.V. | AE40: HA | AF40: Pulsboor | AG40: 1.603 | AI40: 26-1116 | AK40: Koelruimte 10°C en 85% luchtvochtigheid | AL40: -5.727 | AM40: -6.127 | AN40: 10.8 | AO40: 11.2 | AT40: GEOLab Geonius Geotechniek B.V. te Houten | AW40: Silt, zandig, sterk, organisch, zwak, grijs, donker, Pulsinstallatie machinaal | AX40: sterk zandig, zwak organisch | NH40: TX2)GA250495_B11-K01-26-1116_Greeuw_V01.pdf | NI40: TX2)_GA250495_B11-K01-26-1116 GDSTAS_N2_ASCII.txt | NJ40: 26-1116 | NK40: GEOLab Geonius Geotechniek B.V. te Houten. | NL40: NEN-EN-ISO 17892-9 | NM40: 45867 | NN40: Silt, zandig, sterk, organisch, zwak, grijs, donker, Pulsinstallatie machinaal | NO40: sterk zandig, zwak organisch | NP40: -5.83 | NQ40: 107.6 | NR40: 15.1 | NS40: 8.8 | NT40: 63.8 | NU40: 72.6 | NV40: 74 | NY40: 20 | NZ40: 20 | OA40: 66 | OB40: 135 | OC40: CU | OD40: Greeuw, Deltares | OE40: Greeuw, Deltares | OF40: 300 | OG40: eerst isotroop en vervolgens anisotroop | OH40: 0.45 | OI40: obv eind consolidatie / obv maximale consolidatietijd | OJ40: 126 | OK40: 0 | ON40: 203 | OO40: 77 | OP40: 2.6 | OQ40: 16.9 | OR40: 17.6 | OS40: 25** | OT40: 1 | OU40: 185.5 | OV40: 106.1 | OW40: 166.6 | OX40: 105 | OY40: 136.4 | OZ40: 80.7 | PA40: 180.9 | PB40: 106.4 | PC40: 2.6 | PD40: 129.9 | PE40: 74.2 | PF40: 20.9 | PG40: 130.4 | PH40: 0.1 | QT40: TXT_voorbeeld | QV40: 107.6 | QW40: 280 | QY40: NC | RA40: NC

Sheet Beoordeling
A1: Voorbeeld beoordelingsheet laboratoriumproeven
A3: Plak in kolom A de regels met proeven die beoordeeld moeten worden | BB3: categorieën: | BK3: categorieën:
A4: Geef het pad op met de locaties van de PDF bestanden met de proefresultaten via tabblad 'Hulp' (cel B3 t/m B5) om de hyperlinks te activeren. | AZ4: NC < | BB4: 0.8 | BJ4: oplopend > | BK4: 1.1
A5: handmatig invullen | AW5: laag < | AX5: 5 | AZ5: licht OC | BB5: 0,80 tot 1,25 | BJ5: constant | BK5: 1,10 tot 0,9
AW6: middel | AZ6: OC > | BB6: 1.25 | BJ6: aflopend < | BK6: 0.9
A7: ID en toegekende verzameling | E7: Lokatie | L7: Grondeigenschappen | M7: Triaxiaalproeven | P7: DSS-proeven | S7: CRS-proeven | W7: Consolidatiefase triaxiaalproeven | AE7: Gemeten eindsterkte | AJ7: Grensspanning, POP en OCR | AN7: Beoordeling CRS proef | AU7: Beoordeling triaxiaalproef | AW7: hoog > | AX7: 10 | AZ7: OC sterk > | BB7: 2 | BJ7: sterk aflopend < | BK7: 0.75 | BT7: Beoordeling DSS proef
A9: Boring + monster nummer ID (gebruikt voor identificatie) | B9: De naam van de verzameling (klei licht, klei zandig, veen, etc…) | C9: - | E9: naam Polder Dijk | F9: Type waterkering | G9: Nummer | H9: Positie | I9: Monsterniveau | J9: Niveau mv vanaf | L9: Classificatie grond | M9: Volumegewicht nat | N9: Volumegewicht droog | O9: Watergehalte voor | P9: Volumegewicht nat | Q9: Volumegewicht droog | R9: Watergehalte voor | S9: Volumegewicht nat | T9: Volumegewicht droog | U9: Watergehalte voor | W9: Terreinspanning | X9: Consolidatiespanning uit de TXT proef | Y9: Consolidatietype waar mee gerekend wordt (TXT) | Z9: Gem effectieve spanning σ' - einde consolidatie | AA9: Schuifspanning τ - einde consolidatie | AB9: Spanningsverhouding stopcr K | AC9: Axialerek consolidatie | AE9: Gem eff spanning σ' bij τ eind schuifrek | AF9: Schuifspanning τ bij 5% rek | AG9: Maximale schuifspanning τ piek | AH9: Schuifspanning τ bij eind schuifrek | AJ9: Grensspanning waarmee gerekend wordt | AK9: POP reken | AL9: OCR (TXT) | AN9: PDF naam | AO9: Hyperlink naar PDF CRS-proeven, geef in tabblad [hulp] de map op waar de pdf bestanden zijn opgeslagen | AP9: Grensspanning A | AQ9: Gevoelig voor methode afleiding grensspanning | AR9: Score betrouwbaarheid grensspanning, onregelmatigheden | AS9: Toelichting, bij onbetrouwbare grensspanning, handmatig invoeren o.b.v. overige CRS proeven | AU9: PDF naam | AV9: Hyperlink naar PDF triaxiaalproeven, geef in tabblad [hulp] de map op waar de pdf bestanden zijn opgeslagen | AW9: Is consolidatie volledig? | AX9: Afname dikte tijdens consolidatiefase. | AY9: Score consolidatiefase | AZ9: Toelichting bij score | BB9: Verhouding s' BIJ_T_EIND / EIND_CONSOLIDATIE | BC9: Verhouding t TXT_SS_T_EIND / TXT_SS_T_5% | BD9: Consolidatietype waar mee gerekend wordt (TXT) | BE9: OCR (TXT) | BF9: Gedrag tijdens proef | BG9: Schuifrek bij maximale schuifspanning τ piek | BH9: S-ratio eindrek | BI9: s'- t curve, mate van NC/OC gedrag in lijn met OCR en type proef (NC/OC), beweging richting critical state line, onregelmatigheden? | BJ9: Waterspanning - schuifrek, gedrag na initiele toename (oplopend >15%, constant -15%/15%, aflopend <15%, sterk aflopend <50% | BK9: Deviatorspanning - vert schuifrek, oplopend, constant, aflopend, onregelmatigheden? | BL9: Bezwijkvorm, tonrond, afschuiving en mate van vervorming | BM9: Monsterbeschrijving, homogeen, heterogeen, gelaagd etc. | BN9: Monsterbeschrijving, homogeen, heterogeen, gelaagd etc. | BP9: Eindscore | BQ9: Opmerking bij slechte proeven | BR9: Bespreken | BT9: PDF naam | BU9: Hyperlink naar PDF CRS-proeven, geef in tabblad [hulp] de map op waar de pdf bestanden zijn opgeslagen | BW9: Eindscore | BX9: Opmerking bij slechte proeven | BY9: Bespreken
A10: [-] | B10: [-] | C10: [-] | E10: [-] | F10: [-] | G10: [-] | H10: [-] | I10: [m NAP] | J10: [m-mv] | L10: [-] | M10: [kN/m3] | N10: [kN/m3] | O10: [%] | P10: [kN/m3] | Q10: [kN/m3] | R10: [%] | W10: [kPa] | X10: [kPa] | Y10: [-] | Z10: [kPa] | AA10: [kPa] | AB10: [-] | AC10: [%] | AE10: [kPa] | AF10: [kPa] | AG10: [kPa] | AH10: [kPa] | AJ10: [kPa] | AK10: [kPa] | AL10: [-] | AN10: [-] | AO10: [-] | AP10: [kPa] | AU10: [-] | AV10: [-] | AW10: [ja/nee] | AX10: [laag/middel/hoog] | AY10: [goed/matig/slecht] | AZ10: [-] | BB10: [-] | BC10: [-] | BD10: [-] | BE10: [-] | BF10: [-] | BG10: [%] | BH10: [-] | BI10: [-] | BJ10: [-] | BK10: [-] | BL10: [-] | BM10: [-] | BN10: [-] | BP10: [-] | BT10: [-] | BU10: [-] | BW10: [-]
A12: ALG__BORING_MONSTERNR_ID | B12: PV_NAAM | C12: PV_OPMERKING | E12: ALG_NAAM_POLDER_DIJK | F12: ALG_TYPE_WATERKERING | G12: BORING_NUMMER | H12: BORING_POSITIE | I12: MONSTER_NIVEAU_NAP_VANAF | J12: MONSTER_NIVEAU_MV_VANAF | L12: CLAS_GRONDSOORT | M12: TXT_SS_VOLUMEGEWICHT_NAT | N12: TXT_SS_VOLUMEGEWICHT_DRG | O12: TXT_SS_WATERGEHALTE_VOOR | P12: DSS_VOLUMEGEWICHT_NAT | Q12: DSS_VOLUMEGEWICHT_DRG | R12: DSS_WATERGEHALTE_VOOR | S12: CRS_VOLUMEGEWICHT_NAT | T12: CRS_VOLUMEGEWICHT_DRG | U12: CRS_WATERGEHALTE_VOOR | W12: ANA_TERREINSPANNING | X12: ANA_TXT_MAX_VERTICALE_CONSOLIDATIE_SPANNING | Y12: ANA_TXT_CONSOLIDATIE_TYPE_REKEN | Z12: TXT_SS_S'_EIND_CONSOLIDATIE | AA12: TXT_SS_T_EIND_CONSOLIDATIE | AB12: TXT_SS_SPANNINGSVERHOUDING_STOPCR_K | AC12: TXT_SS_AXIALEREK_CONSOLIDATIE | AE12: TXT_SS_S'_BIJ_T_EIND | AF12: TXT_SS_T_5% | AG12: TXT_SS_T_PIEK | AH12: TXT_SS_T_EIND | AJ12: ANA_GRENSSPANNING_REKEN | AL12: OCR_TXT | AN12: CRS_FILENAAM_PDF | AO12: Link CRS-proef uitwerking | AP12: CRS_GRENSSPANNING_A | AQ12: [-] | AR12: [-] | AS12: [-] | AU12: TXT_SS_FILENAAM_PDF | AV12: Link Triaxiaalproef uitwerking | AW12: [-] | AX12: [-] | AY12: [-] | AZ12: [-] | BB12: Gedrag | BC12: Gedrag | BD12: ANA_TXT_CONSOLIDATIE_TYPE_REKEN | BE12: OCR_TXT | BF12: NC/OC | BG12: TXT_SS_REK_BIJ_T_PIEK | BI12: s'-t curve | BJ12: waterspanningverloop - rek | BK12: sterkte - rek | BL12: Bezwijkvorm | BM12: Homogeniteit | BN12: Kleur | BP12: Eindscore | BT12: DSS_FILENAAM_PDF | BU12: Link CRS-proef uitwerking | BW12: Eindscore
A13: Triaxiaalproeven
A14: 18_B01-AL01_3-162 | B14: =IF(VLOOKUP($A14,Table1[#All],_xlfn.XMATCH(B$12,Table1[#Headers],0,1),0)=0,"",VLOOKUP($A14,Table1[#All],_xlfn.XMATCH(B$12,Table1[#Headers],0,1),0)) -> TXT_voorbeeld | C14: =IF(VLOOKUP($A14,Table1[#All],_xlfn.XMATCH(C$12,Table1[#Headers],0,1),0)=0,"",VLOOKUP($A14,Table1[#All],_xlfn.XMATCH(C$12,Table1[#Headers],0,1),0)) | E14: =IF(VLOOKUP($A14,Table1[#All],_xlfn.XMATCH(E$12,Table1[#Headers],0,1),0)=0,"",VLOOKUP($A14,Table1[#All],_xlfn.XMATCH(E$12,Table1[#Headers],0,1),0)) -> Polderdijk | F14: =IF(VLOOKUP($A14,Table1[#All],_xlfn.XMATCH(F$12,Table1[#Headers],0,1),0)=0,"",VLOOKUP($A14,Table1[#All],_xlfn.XMATCH(F$12,Table1[#Headers],0,1),0)) -> Regionaal | G14: =IF(VLOOKUP($A14,Table1[#All],_xlfn.XMATCH(G$12,Table1[#Headers],0,1),0)=0,"",VLOOKUP($A14,Table1[#All],_xlfn.XMATCH(G$12,Table1[#Headers],0,1),0)) -> B01-AL01 | H14: =IF(VLOOKUP($A14,Table1[#All],_xlfn.XMATCH(H$12,Table1[#Headers],0,1),0)=0,"",VLOOKUP($A14,Table1[#All],_xlfn.XMATCH(H$12,Table1[#Headers],0,1),0)) -> AL | I14: =IF(VLOOKUP($A14,Table1[#All],_xlfn.XMATCH(I$12,Table1[#Headers],0,1),0)=0,"",VLOOKUP($A14,Table1[#All],_xlfn.XMATCH(I$12,Table1[#Headers],0,1),0)) -> -4.43 | J14: =IF(VLOOKUP($A14,Table1[#All],_xlfn.XMATCH(J$12,Table1[#Headers],0,1),0)=0,"",VLOOKUP($A14,Table1[#All],_xlfn.XMATCH(J$12,Table1[#Headers],0,1),0)) -> 1.6 | L14: =IF(VLOOKUP($A14,Table1[#All],_xlfn.XMATCH(L$12,Table1[#Headers],0,1),0)=0,"",VLOOKUP($A14,Table1[#All],_xlfn.XMATCH(L$12,Table1[#Headers],0,1),0)) -> Klei, zandig, zwak, organisch, zwak, grijs, neutraal, Pulsinstallatie machinaal | M14: =IF(VLOOKUP($A14,Table1[#All],_xlfn.XMATCH(M$12,Table1[#Headers],0,1),0)=0,"",VLOOKUP($A14,Table1[#All],_xlfn.XMATCH(M$12,Table1[#Headers],0,1),0)) -> 15 | N14: =IF(VLOOKUP($A14,Table1[#All],_xlfn.XMATCH(N$12,Table1[#Headers],0,1),0)=0,"",VLOOKUP($A14,Table1[#All],_xlfn.XMATCH(N$12,Table1[#Headers],0,1),0)) -> 8 | O14: =IF(VLOOKUP($A14,Table1[#All],_xlfn.XMATCH(O$12,Table1[#Headers],0,1),0)=0,"",VLOOKUP($A14,Table1[#All],_xlfn.XMATCH(O$12,Table1[#Headers],0,1),0)) -> 86.1 | P14: =IF(VLOOKUP($A14,Table1[#All],_xlfn.XMATCH(P$12,Table1[#Headers],0,1),0)=0,"",VLOOKUP($A14,Table1[#All],_xlfn.XMATCH(P$12,Table1[#Headers],0,1),0)) | Q14: =IF(VLOOKUP($A14,Table1[#All],_xlfn.XMATCH(Q$12,Table1[#Headers],0,1),0)=0,"",VLOOKUP($A14,Table1[#All],_xlfn.XMATCH(Q$12,Table1[#Headers],0,1),0)) | R14: =IF(VLOOKUP($A14,Table1[#All],_xlfn.XMATCH(R$12,Table1[#Headers],0,1),0)=0,"",VLOOKUP($A14,Table1[#All],_xlfn.XMATCH(R$12,Table1[#Headers],0,1),0)) | S14: =IF(VLOOKUP($A14,Table1[#All],_xlfn.XMATCH(S$12,Table1[#Headers],0,1),0)=0,"",VLOOKUP($A14,Table1[#All],_xlfn.XMATCH(S$12,Table1[#Headers],0,1),0)) -> 14.5 | ... U14: =IF(VLOOKUP($A14,Table1[#All],_xlfn.XMATCH(U$12,Table1[#Headers],0,1),0)=0,"",VLOOKUP($A14,Table1[#All],_xlfn.XMATCH(U$12,Table1[#Headers],0,1),0)) -> 81.3 | W14: =IF(VLOOKUP($A14,Table1[#All],_xlfn.XMATCH(W$12,Table1[#Headers],0,1),0)=0,"",VLOOKUP($A14,Table1[#All],_xlfn.XMATCH(W$12,Table1[#Headers],0,1),0)) -> 12.9 | X14: =IF(VLOOKUP($A14,Table1[#All],_xlfn.XMATCH(X$12,Table1[#Headers],0,1),0)=0,"",VLOOKUP($A14,Table1[#All],_xlfn.XMATCH(X$12,Table1[#Headers],0,1),0)) -> 13 | Y14: =IF(VLOOKUP($A14,Table1[#All],_xlfn.XMATCH(Y$12,Table1[#Headers],0,1),0)=0,"",VLOOKUP($A14,Table1[#All],_xlfn.XMATCH(Y$12,Table1[#Headers],0,1),0)) -> OC | Z14: =IF(VLOOKUP($A14,Table1[#All],_xlfn.XMATCH(Z$12,Table1[#Headers],0,1),0)=0,"",VLOOKUP($A14,Table1[#All],_xlfn.XMATCH(Z$12,Table1[#Headers],0,1),0)) -> 10.6 | AA14: =IF(VLOOKUP($A14,Table1[#All],_xlfn.XMATCH(AA$12,Table1[#Headers],0,1),0)=0,"",VLOOKUP($A14,Table1[#All],_xlfn.XMATCH(AA$12,Table1[#Headers],0,1),0)) -> 2.4 | AB14: =IF(VLOOKUP($A14,Table1[#All],_xlfn.XMATCH(AB$12,Table1[#Headers],0,1),0)=0,"",VLOOKUP($A14,Table1[#All],_xlfn.XMATCH(AB$12,Table1[#Headers],0,1),0)) -> 0.63 | AC14: =IF(VLOOKUP($A14,Table1[#All],_xlfn.XMATCH(AC$12,Table1[#Headers],0,1),0)=0,"",VLOOKUP($A14,Table1[#All],_xlfn.XMATCH(AC$12,Table1[#Headers],0,1),0)) -> 1.8 | AE14: =IF(VLOOKUP($A14,Table1[#All],_xlfn.XMATCH(AE$12,Table1[#Headers],0,1),0)=0,"",VLOOKUP($A14,Table1[#All],_xlfn.XMATCH(AE$12,Table1[#Headers],0,1),0)) -> 10.2 | AF14: =IF(VLOOKUP($A14,Table1[#All],_xlfn.XMATCH(AF$12,Table1[#Headers],0,1),0)=0,"",VLOOKUP($A14,Table1[#All],_xlfn.XMATCH(AF$12,Table1[#Headers],0,1),0)) -> 8.2 | AG14: =IF(VLOOKUP($A14,Table1[#All],_xlfn.XMATCH(AG$12,Table1[#Headers],0,1),0)=0,"",VLOOKUP($A14,Table1[#All],_xlfn.XMATCH(AG$12,Table1[#Headers],0,1),0)) -> 8.4 | AH14: =IF(VLOOKUP($A14,Table1[#All],_xlfn.XMATCH(AH$12,Table1[#Headers],0,1),0)=0,"",VLOOKUP($A14,Table1[#All],_xlfn.XMATCH(AH$12,Table1[#Headers],0,1),0)) -> 8.1 | AJ14: =IF(VLOOKUP($A14,Table1[#All],_xlfn.XMATCH(AJ$12,Table1[#Headers],0,1),0)=0,"",VLOOKUP($A14,Table1[#All],_xlfn.XMATCH(AJ$12,Table1[#Headers],0,1),0)) -> 23.9 | AK14: =IFERROR(AJ14-W14,"") -> 11 | AL14: =IF(VLOOKUP($A14,Table1[#All],_xlfn.XMATCH(AL$12,Table1[#Headers],0,1),0)=0,"",VLOOKUP($A14,Table1[#All],_xlfn.XMATCH(AL$12,Table1[#Headers],0,1),0)) -> 1.8527132 | AN14: =IF(VLOOKUP($A14,Table1[#All],_xlfn.XMATCH(AN$12,Table1[#Headers],0,1),0)=0,"",VLOOKUP($A14,Table1[#All],_xlfn.XMATCH(AN$12,Table1[#Headers],0,1),0)) -> OED_CRS19)G250495_B01-AL01_3-162.pdf | AO14: =HYPERLINK(Hulp!$C$5&Beoordeling!AN14,MID(AN14,1,30)) -> OED_CRS19)G250495_B01-AL01_3-1 | AP14: =IF(VLOOKUP($A14,Table1[#All],_xlfn.XMATCH(AP$12,Table1[#Headers],0,1),0)=0,"",VLOOKUP($A14,Table1[#All],_xlfn.XMATCH(AP$12,Table1[#Headers],0,1),0)) -> 23.9 | AU14: =IF(VLOOKUP($A14,Table1[#All],_xlfn.XMATCH(AU$12,Table1[#Headers],0,1),0)=0,"",VLOOKUP($A14,Table1[#All],_xlfn.XMATCH(AU$12,Table1[#Headers],0,1),0)) -> TX17)GA250495_B01-AL01-3-162_Greeuw_V01.pdf | AV14: =HYPERLINK(Hulp!$C$4&Beoordeling!AU14,MID(AU14,1,20)) -> TX17)GA250495_B01-AL | AX14: =IF(AC14<$AX$5,"laag",IF(AC14>$AX$7,"hoog","middel")) -> laag | BB14: =IFERROR(AE14/Z14,"") -> 0.96226415 | BC14: =IFERROR(AH14/AF14,"") -> 0.98780488 | BD14: =IF(VLOOKUP($A14,Table1[#All],_xlfn.XMATCH(BD$12,Table1[#Headers],0,1),0)=0,"",VLOOKUP($A14,Table1[#All],_xlfn.XMATCH(BD$12,Table1[#Headers],0,1),0)) -> OC | BE14: =IF(VLOOKUP($A14,Table1[#All],_xlfn.XMATCH(AL$12,Table1[#Headers],0,1),0)=0,"",VLOOKUP($A14,Table1[#All],_xlfn.XMATCH(AL$12,Table1[#Headers],0,1),0)) -> 1.8527132 | BF14: =IF(BB14<$BB$4,"NC",IF(BB14>$BB$7,"OC sterk",IF(BB14>$BB$6,"OC matig","NC/OC"))) -> NC/OC | BG14: =IF(VLOOKUP($A14,Table1[#All],_xlfn.XMATCH(BG$12,Table1[#Headers],0,1),0)=0,"",VLOOKUP($A14,Table1[#All],_xlfn.XMATCH(BG$12,Table1[#Headers],0,1),0)) -> 11 | BH14: =AH14/X14 -> 0.62307692 | BK14: =IF(BC14>$BK$2,"oplopend",IF(BC14<$BK$5,"sterk aflopend",IF(BC14<$BK$4,"aflopend","constant"))) -> oplopend | BT14: =IF(VLOOKUP($A14,Table1[#All],_xlfn.XMATCH(BT$12,Table1[#Headers],0,1),0)=0,"",VLOOKUP($A14,Table1[#All],_xlfn.XMATCH(BT$12,Table1[#Headers],0,1),0)) | BU14: =HYPERLINK(Hulp!$C$3&Beoordeling!BT14,BT14)
A15: 19_B01-AL01_9-525 | B15: =IF(VLOOKUP($A15,Table1[#All],_xlfn.XMATCH(B$12,Table1[#Headers],0,1),0)=0,"",VLOOKUP($A15,Table1[#All],_xlfn.XMATCH(B$12,Table1[#Headers],0,1),0)) -> TXT_voorbeeld | C15: =IF(VLOOKUP($A15,Table1[#All],_xlfn.XMATCH(C$12,Table1[#Headers],0,1),0)=0,"",VLOOKUP($A15,Table1[#All],_xlfn.XMATCH(C$12,Table1[#Headers],0,1),0)) | E15: =IF(VLOOKUP($A15,Table1[#All],_xlfn.XMATCH(E$12,Table1[#Headers],0,1),0)=0,"",VLOOKUP($A15,Table1[#All],_xlfn.XMATCH(E$12,Table1[#Headers],0,1),0)) -> Polderdijk | F15: =IF(VLOOKUP($A15,Table1[#All],_xlfn.XMATCH(F$12,Table1[#Headers],0,1),0)=0,"",VLOOKUP($A15,Table1[#All],_xlfn.XMATCH(F$12,Table1[#Headers],0,1),0)) -> Regionaal | G15: =IF(VLOOKUP($A15,Table1[#All],_xlfn.XMATCH(G$12,Table1[#Headers],0,1),0)=0,"",VLOOKUP($A15,Table1[#All],_xlfn.XMATCH(G$12,Table1[#Headers],0,1),0)) -> B01-AL01 | H15: =IF(VLOOKUP($A15,Table1[#All],_xlfn.XMATCH(H$12,Table1[#Headers],0,1),0)=0,"",VLOOKUP($A15,Table1[#All],_xlfn.XMATCH(H$12,Table1[#Headers],0,1),0)) -> AL | I15: =IF(VLOOKUP($A15,Table1[#All],_xlfn.XMATCH(I$12,Table1[#Headers],0,1),0)=0,"",VLOOKUP($A15,Table1[#All],_xlfn.XMATCH(I$12,Table1[#Headers],0,1),0)) -> -6.83 | J15: =IF(VLOOKUP($A15,Table1[#All],_xlfn.XMATCH(J$12,Table1[#Headers],0,1),0)=0,"",VLOOKUP($A15,Table1[#All],_xlfn.XMATCH(J$12,Table1[#Headers],0,1),0)) -> 4 | L15: =IF(VLOOKUP($A15,Table1[#All],_xlfn.XMATCH(L$12,Table1[#Headers],0,1),0)=0,"",VLOOKUP($A15,Table1[#All],_xlfn.XMATCH(L$12,Table1[#Headers],0,1),0)) -> Klei, zandig, zwak, organisch, zwak, plantenresten, weinig, grijs, neutraal, Pulsinstallatie machinaal | M15: =IF(VLOOKUP($A15,Table1[#All],_xlfn.XMATCH(M$12,Table1[#Headers],0,1),0)=0,"",VLOOKUP($A15,Table1[#All],_xlfn.XMATCH(M$12,Table1[#Headers],0,1),0)) -> 14.8 | N15: =IF(VLOOKUP($A15,Table1[#All],_xlfn.XMATCH(N$12,Table1[#Headers],0,1),0)=0,"",VLOOKUP($A15,Table1[#All],_xlfn.XMATCH(N$12,Table1[#Headers],0,1),0)) -> 7.3 | O15: =IF(VLOOKUP($A15,Table1[#All],_xlfn.XMATCH(O$12,Table1[#Headers],0,1),0)=0,"",VLOOKUP($A15,Table1[#All],_xlfn.XMATCH(O$12,Table1[#Headers],0,1),0)) -> 102 | P15: =IF(VLOOKUP($A15,Table1[#All],_xlfn.XMATCH(P$12,Table1[#Headers],0,1),0)=0,"",VLOOKUP($A15,Table1[#All],_xlfn.XMATCH(P$12,Table1[#Headers],0,1),0)) | Q15: =IF(VLOOKUP($A15,Table1[#All],_xlfn.XMATCH(Q$12,Table1[#Headers],0,1),0)=0,"",VLOOKUP($A15,Table1[#All],_xlfn.XMATCH(Q$12,Table1[#Headers],0,1),0)) | R15: =IF(VLOOKUP($A15,Table1[#All],_xlfn.XMATCH(R$12,Table1[#Headers],0,1),0)=0,"",VLOOKUP($A15,Table1[#All],_xlfn.XMATCH(R$12,Table1[#Headers],0,1),0)) | S15: =IF(VLOOKUP($A15,Table1[#All],_xlfn.XMATCH(S$12,Table1[#Headers],0,1),0)=0,"",VLOOKUP($A15,Table1[#All],_xlfn.XMATCH(S$12,Table1[#Headers],0,1),0)) -> 14.1 | ... U15: =IF(VLOOKUP($A15,Table1[#All],_xlfn.XMATCH(U$12,Table1[#Headers],0,1),0)=0,"",VLOOKUP($A15,Table1[#All],_xlfn.XMATCH(U$12,Table1[#Headers],0,1),0)) -> 88.8 | W15: =IF(VLOOKUP($A15,Table1[#All],_xlfn.XMATCH(W$12,Table1[#Headers],0,1),0)=0,"",VLOOKUP($A15,Table1[#All],_xlfn.XMATCH(W$12,Table1[#Headers],0,1),0)) -> 30.7 | X15: =IF(VLOOKUP($A15,Table1[#All],_xlfn.XMATCH(X$12,Table1[#Headers],0,1),0)=0,"",VLOOKUP($A15,Table1[#All],_xlfn.XMATCH(X$12,Table1[#Headers],0,1),0)) -> 31 | Y15: =IF(VLOOKUP($A15,Table1[#All],_xlfn.XMATCH(Y$12,Table1[#Headers],0,1),0)=0,"",VLOOKUP($A15,Table1[#All],_xlfn.XMATCH(Y$12,Table1[#Headers],0,1),0)) -> OC | Z15: =IF(VLOOKUP($A15,Table1[#All],_xlfn.XMATCH(Z$12,Table1[#Headers],0,1),0)=0,"",VLOOKUP($A15,Table1[#All],_xlfn.XMATCH(Z$12,Table1[#Headers],0,1),0)) -> 23.9 | AA15: =IF(VLOOKUP($A15,Table1[#All],_xlfn.XMATCH(AA$12,Table1[#Headers],0,1),0)=0,"",VLOOKUP($A15,Table1[#All],_xlfn.XMATCH(AA$12,Table1[#Headers],0,1),0)) -> 7.1 | AB15: =IF(VLOOKUP($A15,Table1[#All],_xlfn.XMATCH(AB$12,Table1[#Headers],0,1),0)=0,"",VLOOKUP($A15,Table1[#All],_xlfn.XMATCH(AB$12,Table1[#Headers],0,1),0)) -> 0.54 | AC15: =IF(VLOOKUP($A15,Table1[#All],_xlfn.XMATCH(AC$12,Table1[#Headers],0,1),0)=0,"",VLOOKUP($A15,Table1[#All],_xlfn.XMATCH(AC$12,Table1[#Headers],0,1),0)) -> 3 | AE15: =IF(VLOOKUP($A15,Table1[#All],_xlfn.XMATCH(AE$12,Table1[#Headers],0,1),0)=0,"",VLOOKUP($A15,Table1[#All],_xlfn.XMATCH(AE$12,Table1[#Headers],0,1),0)) -> 15.3 | AF15: =IF(VLOOKUP($A15,Table1[#All],_xlfn.XMATCH(AF$12,Table1[#Headers],0,1),0)=0,"",VLOOKUP($A15,Table1[#All],_xlfn.XMATCH(AF$12,Table1[#Headers],0,1),0)) -> 15.8 | AG15: =IF(VLOOKUP($A15,Table1[#All],_xlfn.XMATCH(AG$12,Table1[#Headers],0,1),0)=0,"",VLOOKUP($A15,Table1[#All],_xlfn.XMATCH(AG$12,Table1[#Headers],0,1),0)) -> 16.4 | AH15: =IF(VLOOKUP($A15,Table1[#All],_xlfn.XMATCH(AH$12,Table1[#Headers],0,1),0)=0,"",VLOOKUP($A15,Table1[#All],_xlfn.XMATCH(AH$12,Table1[#Headers],0,1),0)) -> 10.5 | AJ15: =IF(VLOOKUP($A15,Table1[#All],_xlfn.XMATCH(AJ$12,Table1[#Headers],0,1),0)=0,"",VLOOKUP($A15,Table1[#All],_xlfn.XMATCH(AJ$12,Table1[#Headers],0,1),0)) -> 42.8 | AK15: =IFERROR(AJ15-W15,"") -> 12.1 | AL15: =IF(VLOOKUP($A15,Table1[#All],_xlfn.XMATCH(AL$12,Table1[#Headers],0,1),0)=0,"",VLOOKUP($A15,Table1[#All],_xlfn.XMATCH(AL$12,Table1[#Headers],0,1),0)) -> 1.3941368 | AN15: =IF(VLOOKUP($A15,Table1[#All],_xlfn.XMATCH(AN$12,Table1[#Headers],0,1),0)=0,"",VLOOKUP($A15,Table1[#All],_xlfn.XMATCH(AN$12,Table1[#Headers],0,1),0)) -> OED_CRS20)GA250495_B01-AL01_9-525.pdf | AO15: =HYPERLINK(Hulp!$C$5&Beoordeling!AN15,MID(AN15,1,30)) -> OED_CRS20)GA250495_B01-AL01_9- | AP15: =IF(VLOOKUP($A15,Table1[#All],_xlfn.XMATCH(AP$12,Table1[#Headers],0,1),0)=0,"",VLOOKUP($A15,Table1[#All],_xlfn.XMATCH(AP$12,Table1[#Headers],0,1),0)) -> 42.8 | AU15: =IF(VLOOKUP($A15,Table1[#All],_xlfn.XMATCH(AU$12,Table1[#Headers],0,1),0)=0,"",VLOOKUP($A15,Table1[#All],_xlfn.XMATCH(AU$12,Table1[#Headers],0,1),0)) -> TX18)GA250495_B01-AL01-9-525_Greeuw_V01.pdf | AV15: =HYPERLINK(Hulp!$C$4&Beoordeling!AU15,MID(AU15,1,20)) -> TX18)GA250495_B01-AL | AX15: =IF(AC15<$AX$5,"laag",IF(AC15>$AX$7,"hoog","middel")) -> laag | BB15: =IFERROR(AE15/Z15,"") -> 0.64016736 | BC15: =IFERROR(AH15/AF15,"") -> 0.66455696 | BD15: =IF(VLOOKUP($A15,Table1[#All],_xlfn.XMATCH(BD$12,Table1[#Headers],0,1),0)=0,"",VLOOKUP($A15,Table1[#All],_xlfn.XMATCH(BD$12,Table1[#Headers],0,1),0)) -> OC | BE15: =IF(VLOOKUP($A15,Table1[#All],_xlfn.XMATCH(AL$12,Table1[#Headers],0,1),0)=0,"",VLOOKUP($A15,Table1[#All],_xlfn.XMATCH(AL$12,Table1[#Headers],0,1),0)) -> 1.3941368 | BF15: =IF(BB15<$BB$4,"NC",IF(BB15>$BB$7,"OC sterk",IF(BB15>$BB$6,"OC matig","NC/OC"))) -> NC | BG15: =IF(VLOOKUP($A15,Table1[#All],_xlfn.XMATCH(BG$12,Table1[#Headers],0,1),0)=0,"",VLOOKUP($A15,Table1[#All],_xlfn.XMATCH(BG$12,Table1[#Headers],0,1),0)) -> 2.8 | BH15: =AH15/X15 -> 0.33870968 | BK15: =IF(BC15>$BK$4,"oplopend",IF(BC15<$BK$7,"sterk aflopend",IF(BC15<$BK$6,"aflopend","constant"))) -> sterk aflopend | BT15: =IF(VLOOKUP($A15,Table1[#All],_xlfn.XMATCH(BT$12,Table1[#Headers],0,1),0)=0,"",VLOOKUP($A15,Table1[#All],_xlfn.XMATCH(BT$12,Table1[#Headers],0,1),0)) | BU15: =HYPERLINK(Hulp!$C$3&Beoordeling!BT15,BT15)
A16: 20_B01-K01_16-4452 | B16: =IF(VLOOKUP($A16,Table1[#All],_xlfn.XMATCH(B$12,Table1[#Headers],0,1),0)=0,"",VLOOKUP($A16,Table1[#All],_xlfn.XMATCH(B$12,Table1[#Headers],0,1),0)) -> TXT_voorbeeld | C16: =IF(VLOOKUP($A16,Table1[#All],_xlfn.XMATCH(C$12,Table1[#Headers],0,1),0)=0,"",VLOOKUP($A16,Table1[#All],_xlfn.XMATCH(C$12,Table1[#Headers],0,1),0)) | E16: =IF(VLOOKUP($A16,Table1[#All],_xlfn.XMATCH(E$12,Table1[#Headers],0,1),0)=0,"",VLOOKUP($A16,Table1[#All],_xlfn.XMATCH(E$12,Table1[#Headers],0,1),0)) -> Polderdijk | F16: =IF(VLOOKUP($A16,Table1[#All],_xlfn.XMATCH(F$12,Table1[#Headers],0,1),0)=0,"",VLOOKUP($A16,Table1[#All],_xlfn.XMATCH(F$12,Table1[#Headers],0,1),0)) -> Regionaal | G16: =IF(VLOOKUP($A16,Table1[#All],_xlfn.XMATCH(G$12,Table1[#Headers],0,1),0)=0,"",VLOOKUP($A16,Table1[#All],_xlfn.XMATCH(G$12,Table1[#Headers],0,1),0)) -> B01-K01 | H16: =IF(VLOOKUP($A16,Table1[#All],_xlfn.XMATCH(H$12,Table1[#Headers],0,1),0)=0,"",VLOOKUP($A16,Table1[#All],_xlfn.XMATCH(H$12,Table1[#Headers],0,1),0)) -> KR | I16: =IF(VLOOKUP($A16,Table1[#All],_xlfn.XMATCH(I$12,Table1[#Headers],0,1),0)=0,"",VLOOKUP($A16,Table1[#All],_xlfn.XMATCH(I$12,Table1[#Headers],0,1),0)) -> -6.745 | J16: =IF(VLOOKUP($A16,Table1[#All],_xlfn.XMATCH(J$12,Table1[#Headers],0,1),0)=0,"",VLOOKUP($A16,Table1[#All],_xlfn.XMATCH(J$12,Table1[#Headers],0,1),0)) -> 6.8 | L16: =IF(VLOOKUP($A16,Table1[#All],_xlfn.XMATCH(L$12,Table1[#Headers],0,1),0)=0,"",VLOOKUP($A16,Table1[#All],_xlfn.XMATCH(L$12,Table1[#Headers],0,1),0)) -> Klei, zandig, zwak, organisch, zwak, grijs, neutraal, Pulsinstallatie machinaal | M16: =IF(VLOOKUP($A16,Table1[#All],_xlfn.XMATCH(M$12,Table1[#Headers],0,1),0)=0,"",VLOOKUP($A16,Table1[#All],_xlfn.XMATCH(M$12,Table1[#Headers],0,1),0)) -> 15.3 | N16: =IF(VLOOKUP($A16,Table1[#All],_xlfn.XMATCH(N$12,Table1[#Headers],0,1),0)=0,"",VLOOKUP($A16,Table1[#All],_xlfn.XMATCH(N$12,Table1[#Headers],0,1),0)) -> 8.1 | O16: =IF(VLOOKUP($A16,Table1[#All],_xlfn.XMATCH(O$12,Table1[#Headers],0,1),0)=0,"",VLOOKUP($A16,Table1[#All],_xlfn.XMATCH(O$12,Table1[#Headers],0,1),0)) -> 88.5 | P16: =IF(VLOOKUP($A16,Table1[#All],_xlfn.XMATCH(P$12,Table1[#Headers],0,1),0)=0,"",VLOOKUP($A16,Table1[#All],_xlfn.XMATCH(P$12,Table1[#Headers],0,1),0)) | Q16: =IF(VLOOKUP($A16,Table1[#All],_xlfn.XMATCH(Q$12,Table1[#Headers],0,1),0)=0,"",VLOOKUP($A16,Table1[#All],_xlfn.XMATCH(Q$12,Table1[#Headers],0,1),0)) | R16: =IF(VLOOKUP($A16,Table1[#All],_xlfn.XMATCH(R$12,Table1[#Headers],0,1),0)=0,"",VLOOKUP($A16,Table1[#All],_xlfn.XMATCH(R$12,Table1[#Headers],0,1),0)) | S16: =IF(VLOOKUP($A16,Table1[#All],_xlfn.XMATCH(S$12,Table1[#Headers],0,1),0)=0,"",VLOOKUP($A16,Table1[#All],_xlfn.XMATCH(S$12,Table1[#Headers],0,1),0)) -> 14.2 | ... U16: =IF(VLOOKUP($A16,Table1[#All],_xlfn.XMATCH(U$12,Table1[#Headers],0,1),0)=0,"",VLOOKUP($A16,Table1[#All],_xlfn.XMATCH(U$12,Table1[#Headers],0,1),0)) -> 94.2 | W16: =IF(VLOOKUP($A16,Table1[#All],_xlfn.XMATCH(W$12,Table1[#Headers],0,1),0)=0,"",VLOOKUP($A16,Table1[#All],_xlfn.XMATCH(W$12,Table1[#Headers],0,1),0)) -> 67.9 | X16: =IF(VLOOKUP($A16,Table1[#All],_xlfn.XMATCH(X$12,Table1[#Headers],0,1),0)=0,"",VLOOKUP($A16,Table1[#All],_xlfn.XMATCH(X$12,Table1[#Headers],0,1),0)) -> 68 | Y16: =IF(VLOOKUP($A16,Table1[#All],_xlfn.XMATCH(Y$12,Table1[#Headers],0,1),0)=0,"",VLOOKUP($A16,Table1[#All],_xlfn.XMATCH(Y$12,Table1[#Headers],0,1),0)) -> OC | Z16: =IF(VLOOKUP($A16,Table1[#All],_xlfn.XMATCH(Z$12,Table1[#Headers],0,1),0)=0,"",VLOOKUP($A16,Table1[#All],_xlfn.XMATCH(Z$12,Table1[#Headers],0,1),0)) -> 50.7 | AA16: =IF(VLOOKUP($A16,Table1[#All],_xlfn.XMATCH(AA$12,Table1[#Headers],0,1),0)=0,"",VLOOKUP($A16,Table1[#All],_xlfn.XMATCH(AA$12,Table1[#Headers],0,1),0)) -> 17.3 | AB16: =IF(VLOOKUP($A16,Table1[#All],_xlfn.XMATCH(AB$12,Table1[#Headers],0,1),0)=0,"",VLOOKUP($A16,Table1[#All],_xlfn.XMATCH(AB$12,Table1[#Headers],0,1),0)) -> 0.49 | AC16: =IF(VLOOKUP($A16,Table1[#All],_xlfn.XMATCH(AC$12,Table1[#Headers],0,1),0)=0,"",VLOOKUP($A16,Table1[#All],_xlfn.XMATCH(AC$12,Table1[#Headers],0,1),0)) -> 7.3 | AE16: =IF(VLOOKUP($A16,Table1[#All],_xlfn.XMATCH(AE$12,Table1[#Headers],0,1),0)=0,"",VLOOKUP($A16,Table1[#All],_xlfn.XMATCH(AE$12,Table1[#Headers],0,1),0)) -> 37.2 | AF16: =IF(VLOOKUP($A16,Table1[#All],_xlfn.XMATCH(AF$12,Table1[#Headers],0,1),0)=0,"",VLOOKUP($A16,Table1[#All],_xlfn.XMATCH(AF$12,Table1[#Headers],0,1),0)) -> 31 | AG16: =IF(VLOOKUP($A16,Table1[#All],_xlfn.XMATCH(AG$12,Table1[#Headers],0,1),0)=0,"",VLOOKUP($A16,Table1[#All],_xlfn.XMATCH(AG$12,Table1[#Headers],0,1),0)) -> 31.1 | AH16: =IF(VLOOKUP($A16,Table1[#All],_xlfn.XMATCH(AH$12,Table1[#Headers],0,1),0)=0,"",VLOOKUP($A16,Table1[#All],_xlfn.XMATCH(AH$12,Table1[#Headers],0,1),0)) -> 22.7 | AJ16: =IF(VLOOKUP($A16,Table1[#All],_xlfn.XMATCH(AJ$12,Table1[#Headers],0,1),0)=0,"",VLOOKUP($A16,Table1[#All],_xlfn.XMATCH(AJ$12,Table1[#Headers],0,1),0)) -> 80.2 | AK16: =IFERROR(AJ16-W16,"") -> 12.3 | AL16: =IF(VLOOKUP($A16,Table1[#All],_xlfn.XMATCH(AL$12,Table1[#Headers],0,1),0)=0,"",VLOOKUP($A16,Table1[#All],_xlfn.XMATCH(AL$12,Table1[#Headers],0,1),0)) -> 1.1811487 | AN16: =IF(VLOOKUP($A16,Table1[#All],_xlfn.XMATCH(AN$12,Table1[#Headers],0,1),0)=0,"",VLOOKUP($A16,Table1[#All],_xlfn.XMATCH(AN$12,Table1[#Headers],0,1),0)) -> OED_CRS22)GA250495_B01-K01_16-4452.pdf | AO16: =HYPERLINK(Hulp!$C$5&Beoordeling!AN16,MID(AN16,1,30)) -> OED_CRS22)GA250495_B01-K01_16- | AP16: =IF(VLOOKUP($A16,Table1[#All],_xlfn.XMATCH(AP$12,Table1[#Headers],0,1),0)=0,"",VLOOKUP($A16,Table1[#All],_xlfn.XMATCH(AP$12,Table1[#Headers],0,1),0)) -> 80.2 | AU16: =IF(VLOOKUP($A16,Table1[#All],_xlfn.XMATCH(AU$12,Table1[#Headers],0,1),0)=0,"",VLOOKUP($A16,Table1[#All],_xlfn.XMATCH(AU$12,Table1[#Headers],0,1),0)) -> TX23)GA250495_B01-K01-16-4452_Greeuw_V01.pdf | AV16: =HYPERLINK(Hulp!$C$4&Beoordeling!AU16,MID(AU16,1,20)) -> TX23)GA250495_B01-K0 | AX16: =IF(AC16<$AX$5,"laag",IF(AC16>$AX$7,"hoog","middel")) -> middel | BB16: =IFERROR(AE16/Z16,"") -> 0.73372781 | BC16: =IFERROR(AH16/AF16,"") -> 0.73225806 | BD16: =IF(VLOOKUP($A16,Table1[#All],_xlfn.XMATCH(BD$12,Table1[#Headers],0,1),0)=0,"",VLOOKUP($A16,Table1[#All],_xlfn.XMATCH(BD$12,Table1[#Headers],0,1),0)) -> OC | BE16: =IF(VLOOKUP($A16,Table1[#All],_xlfn.XMATCH(AL$12,Table1[#Headers],0,1),0)=0,"",VLOOKUP($A16,Table1[#All],_xlfn.XMATCH(AL$12,Table1[#Headers],0,1),0)) -> 1.1811487 | BF16: =IF(BB16<$BB$4,"NC",IF(BB16>$BB$7,"OC sterk",IF(BB16>$BB$6,"OC matig","NC/OC"))) -> NC | BG16: =IF(VLOOKUP($A16,Table1[#All],_xlfn.XMATCH(BG$12,Table1[#Headers],0,1),0)=0,"",VLOOKUP($A16,Table1[#All],_xlfn.XMATCH(BG$12,Table1[#Headers],0,1),0)) -> 6 | BH16: =AH16/X16 -> 0.33382353 | BK16: =IF(BC16>$BK$4,"oplopend",IF(BC16<$BK$7,"sterk aflopend",IF(BC16<$BK$6,"aflopend","constant"))) -> sterk aflopend | BT16: =IF(VLOOKUP($A16,Table1[#All],_xlfn.XMATCH(BT$12,Table1[#Headers],0,1),0)=0,"",VLOOKUP($A16,Table1[#All],_xlfn.XMATCH(BT$12,Table1[#Headers],0,1),0)) | BU16: =HYPERLINK(Hulp!$C$3&Beoordeling!BT16,BT16)
A17: 21_B02-AL01_11-22463 | B17: =IF(VLOOKUP($A17,Table1[#All],_xlfn.XMATCH(B$12,Table1[#Headers],0,1),0)=0,"",VLOOKUP($A17,Table1[#All],_xlfn.XMATCH(B$12,Table1[#Headers],0,1),0)) -> TXT_voorbeeld | C17: =IF(VLOOKUP($A17,Table1[#All],_xlfn.XMATCH(C$12,Table1[#Headers],0,1),0)=0,"",VLOOKUP($A17,Table1[#All],_xlfn.XMATCH(C$12,Table1[#Headers],0,1),0)) | E17: =IF(VLOOKUP($A17,Table1[#All],_xlfn.XMATCH(E$12,Table1[#Headers],0,1),0)=0,"",VLOOKUP($A17,Table1[#All],_xlfn.XMATCH(E$12,Table1[#Headers],0,1),0)) -> Polderdijk | F17: =IF(VLOOKUP($A17,Table1[#All],_xlfn.XMATCH(F$12,Table1[#Headers],0,1),0)=0,"",VLOOKUP($A17,Table1[#All],_xlfn.XMATCH(F$12,Table1[#Headers],0,1),0)) -> Regionaal | G17: =IF(VLOOKUP($A17,Table1[#All],_xlfn.XMATCH(G$12,Table1[#Headers],0,1),0)=0,"",VLOOKUP($A17,Table1[#All],_xlfn.XMATCH(G$12,Table1[#Headers],0,1),0)) -> B02-AL01 | H17: =IF(VLOOKUP($A17,Table1[#All],_xlfn.XMATCH(H$12,Table1[#Headers],0,1),0)=0,"",VLOOKUP($A17,Table1[#All],_xlfn.XMATCH(H$12,Table1[#Headers],0,1),0)) -> AL | I17: =IF(VLOOKUP($A17,Table1[#All],_xlfn.XMATCH(I$12,Table1[#Headers],0,1),0)=0,"",VLOOKUP($A17,Table1[#All],_xlfn.XMATCH(I$12,Table1[#Headers],0,1),0)) -> -6.568 | J17: =IF(VLOOKUP($A17,Table1[#All],_xlfn.XMATCH(J$12,Table1[#Headers],0,1),0)=0,"",VLOOKUP($A17,Table1[#All],_xlfn.XMATCH(J$12,Table1[#Headers],0,1),0)) -> 4.8 | L17: =IF(VLOOKUP($A17,Table1[#All],_xlfn.XMATCH(L$12,Table1[#Headers],0,1),0)=0,"",VLOOKUP($A17,Table1[#All],_xlfn.XMATCH(L$12,Table1[#Headers],0,1),0)) -> Klei, zandig, sterk, organisch, zwak, plantenresten, weinig, grijs, donker, Pulsinstallatie machinaal | M17: =IF(VLOOKUP($A17,Table1[#All],_xlfn.XMATCH(M$12,Table1[#Headers],0,1),0)=0,"",VLOOKUP($A17,Table1[#All],_xlfn.XMATCH(M$12,Table1[#Headers],0,1),0)) -> 15.5 | N17: =IF(VLOOKUP($A17,Table1[#All],_xlfn.XMATCH(N$12,Table1[#Headers],0,1),0)=0,"",VLOOKUP($A17,Table1[#All],_xlfn.XMATCH(N$12,Table1[#Headers],0,1),0)) -> 9.5 | O17: =IF(VLOOKUP($A17,Table1[#All],_xlfn.XMATCH(O$12,Table1[#Headers],0,1),0)=0,"",VLOOKUP($A17,Table1[#All],_xlfn.XMATCH(O$12,Table1[#Headers],0,1),0)) -> 63.3 | P17: =IF(VLOOKUP($A17,Table1[#All],_xlfn.XMATCH(P$12,Table1[#Headers],0,1),0)=0,"",VLOOKUP($A17,Table1[#All],_xlfn.XMATCH(P$12,Table1[#Headers],0,1),0)) | Q17: =IF(VLOOKUP($A17,Table1[#All],_xlfn.XMATCH(Q$12,Table1[#Headers],0,1),0)=0,"",VLOOKUP($A17,Table1[#All],_xlfn.XMATCH(Q$12,Table1[#Headers],0,1),0)) | R17: =IF(VLOOKUP($A17,Table1[#All],_xlfn.XMATCH(R$12,Table1[#Headers],0,1),0)=0,"",VLOOKUP($A17,Table1[#All],_xlfn.XMATCH(R$12,Table1[#Headers],0,1),0)) | S17: =IF(VLOOKUP($A17,Table1[#All],_xlfn.XMATCH(S$12,Table1[#Headers],0,1),0)=0,"",VLOOKUP($A17,Table1[#All],_xlfn.XMATCH(S$12,Table1[#Headers],0,1),0)) -> 14.4 | ... U17: =IF(VLOOKUP($A17,Table1[#All],_xlfn.XMATCH(U$12,Table1[#Headers],0,1),0)=0,"",VLOOKUP($A17,Table1[#All],_xlfn.XMATCH(U$12,Table1[#Headers],0,1),0)) -> 79.9 | W17: =IF(VLOOKUP($A17,Table1[#All],_xlfn.XMATCH(W$12,Table1[#Headers],0,1),0)=0,"",VLOOKUP($A17,Table1[#All],_xlfn.XMATCH(W$12,Table1[#Headers],0,1),0)) -> 51.6 | X17: =IF(VLOOKUP($A17,Table1[#All],_xlfn.XMATCH(X$12,Table1[#Headers],0,1),0)=0,"",VLOOKUP($A17,Table1[#All],_xlfn.XMATCH(X$12,Table1[#Headers],0,1),0)) -> 47 | Y17: =IF(VLOOKUP($A17,Table1[#All],_xlfn.XMATCH(Y$12,Table1[#Headers],0,1),0)=0,"",VLOOKUP($A17,Table1[#All],_xlfn.XMATCH(Y$12,Table1[#Headers],0,1),0)) -> OC | Z17: =IF(VLOOKUP($A17,Table1[#All],_xlfn.XMATCH(Z$12,Table1[#Headers],0,1),0)=0,"",VLOOKUP($A17,Table1[#All],_xlfn.XMATCH(Z$12,Table1[#Headers],0,1),0)) -> 36.4 | AA17: =IF(VLOOKUP($A17,Table1[#All],_xlfn.XMATCH(AA$12,Table1[#Headers],0,1),0)=0,"",VLOOKUP($A17,Table1[#All],_xlfn.XMATCH(AA$12,Table1[#Headers],0,1),0)) -> 10.6 | AB17: =IF(VLOOKUP($A17,Table1[#All],_xlfn.XMATCH(AB$12,Table1[#Headers],0,1),0)=0,"",VLOOKUP($A17,Table1[#All],_xlfn.XMATCH(AB$12,Table1[#Headers],0,1),0)) -> 0.55 | AC17: =IF(VLOOKUP($A17,Table1[#All],_xlfn.XMATCH(AC$12,Table1[#Headers],0,1),0)=0,"",VLOOKUP($A17,Table1[#All],_xlfn.XMATCH(AC$12,Table1[#Headers],0,1),0)) -> 4.2 | AE17: =IF(VLOOKUP($A17,Table1[#All],_xlfn.XMATCH(AE$12,Table1[#Headers],0,1),0)=0,"",VLOOKUP($A17,Table1[#All],_xlfn.XMATCH(AE$12,Table1[#Headers],0,1),0)) -> 31.3 | AF17: =IF(VLOOKUP($A17,Table1[#All],_xlfn.XMATCH(AF$12,Table1[#Headers],0,1),0)=0,"",VLOOKUP($A17,Table1[#All],_xlfn.XMATCH(AF$12,Table1[#Headers],0,1),0)) -> 26.5 | AG17: =IF(VLOOKUP($A17,Table1[#All],_xlfn.XMATCH(AG$12,Table1[#Headers],0,1),0)=0,"",VLOOKUP($A17,Table1[#All],_xlfn.XMATCH(AG$12,Table1[#Headers],0,1),0)) -> 26.9 | AH17: =IF(VLOOKUP($A17,Table1[#All],_xlfn.XMATCH(AH$12,Table1[#Headers],0,1),0)=0,"",VLOOKUP($A17,Table1[#All],_xlfn.XMATCH(AH$12,Table1[#Headers],0,1),0)) -> 19.8 | AJ17: =IF(VLOOKUP($A17,Table1[#All],_xlfn.XMATCH(AJ$12,Table1[#Headers],0,1),0)=0,"",VLOOKUP($A17,Table1[#All],_xlfn.XMATCH(AJ$12,Table1[#Headers],0,1),0)) -> 68 | AK17: =IFERROR(AJ17-W17,"") -> 16.4 | AL17: =IF(VLOOKUP($A17,Table1[#All],_xlfn.XMATCH(AL$12,Table1[#Headers],0,1),0)=0,"",VLOOKUP($A17,Table1[#All],_xlfn.XMATCH(AL$12,Table1[#Headers],0,1),0)) -> 1.3178295 | AN17: =IF(VLOOKUP($A17,Table1[#All],_xlfn.XMATCH(AN$12,Table1[#Headers],0,1),0)=0,"",VLOOKUP($A17,Table1[#All],_xlfn.XMATCH(AN$12,Table1[#Headers],0,1),0)) -> OED_CRS6)GA250495_B02-AL01_11-22463.pdf | AO17: =HYPERLINK(Hulp!$C$5&Beoordeling!AN17,MID(AN17,1,30)) -> OED_CRS6)GA250495_B02-AL01_11- | AP17: =IF(VLOOKUP($A17,Table1[#All],_xlfn.XMATCH(AP$12,Table1[#Headers],0,1),0)=0,"",VLOOKUP($A17,Table1[#All],_xlfn.XMATCH(AP$12,Table1[#Headers],0,1),0)) -> 68 | AU17: =IF(VLOOKUP($A17,Table1[#All],_xlfn.XMATCH(AU$12,Table1[#Headers],0,1),0)=0,"",VLOOKUP($A17,Table1[#All],_xlfn.XMATCH(AU$12,Table1[#Headers],0,1),0)) -> TX7)GA250495_B02-AL01-11-22463_Greeuw_V01.pdf | AV17: =HYPERLINK(Hulp!$C$4&Beoordeling!AU17,MID(AU17,1,20)) -> TX7)GA250495_B02-AL0 | AX17: =IF(AC17<$AX$5,"laag",IF(AC17>$AX$7,"hoog","middel")) -> laag | BB17: =IFERROR(AE17/Z17,"") -> 0.85989011 | BC17: =IFERROR(AH17/AF17,"") -> 0.74716981 | BD17: =IF(VLOOKUP($A17,Table1[#All],_xlfn.XMATCH(BD$12,Table1[#Headers],0,1),0)=0,"",VLOOKUP($A17,Table1[#All],_xlfn.XMATCH(BD$12,Table1[#Headers],0,1),0)) -> OC | BE17: =IF(VLOOKUP($A17,Table1[#All],_xlfn.XMATCH(AL$12,Table1[#Headers],0,1),0)=0,"",VLOOKUP($A17,Table1[#All],_xlfn.XMATCH(AL$12,Table1[#Headers],0,1),0)) -> 1.3178295 | BF17: =IF(BB17<$BB$4,"NC",IF(BB17>$BB$7,"OC sterk",IF(BB17>$BB$6,"OC matig","NC/OC"))) -> NC/OC | BG17: =IF(VLOOKUP($A17,Table1[#All],_xlfn.XMATCH(BG$12,Table1[#Headers],0,1),0)=0,"",VLOOKUP($A17,Table1[#All],_xlfn.XMATCH(BG$12,Table1[#Headers],0,1),0)) -> 6.5 | BH17: =AH17/X17 -> 0.4212766 | BK17: =IF(BC17>$BK$4,"oplopend",IF(BC17<$BK$7,"sterk aflopend",IF(BC17<$BK$6,"aflopend","constant"))) -> sterk aflopend | BT17: =IF(VLOOKUP($A17,Table1[#All],_xlfn.XMATCH(BT$12,Table1[#Headers],0,1),0)=0,"",VLOOKUP($A17,Table1[#All],_xlfn.XMATCH(BT$12,Table1[#Headers],0,1),0)) | BU17: =HYPERLINK(Hulp!$C$3&Beoordeling!BT17,BT17)
A18: 22_B02-AL01_19-782 | B18: =IF(VLOOKUP($A18,Table1[#All],_xlfn.XMATCH(B$12,Table1[#Headers],0,1),0)=0,"",VLOOKUP($A18,Table1[#All],_xlfn.XMATCH(B$12,Table1[#Headers],0,1),0)) -> TXT_voorbeeld | C18: =IF(VLOOKUP($A18,Table1[#All],_xlfn.XMATCH(C$12,Table1[#Headers],0,1),0)=0,"",VLOOKUP($A18,Table1[#All],_xlfn.XMATCH(C$12,Table1[#Headers],0,1),0)) | E18: =IF(VLOOKUP($A18,Table1[#All],_xlfn.XMATCH(E$12,Table1[#Headers],0,1),0)=0,"",VLOOKUP($A18,Table1[#All],_xlfn.XMATCH(E$12,Table1[#Headers],0,1),0)) -> Polderdijk | F18: =IF(VLOOKUP($A18,Table1[#All],_xlfn.XMATCH(F$12,Table1[#Headers],0,1),0)=0,"",VLOOKUP($A18,Table1[#All],_xlfn.XMATCH(F$12,Table1[#Headers],0,1),0)) -> Regionaal | G18: =IF(VLOOKUP($A18,Table1[#All],_xlfn.XMATCH(G$12,Table1[#Headers],0,1),0)=0,"",VLOOKUP($A18,Table1[#All],_xlfn.XMATCH(G$12,Table1[#Headers],0,1),0)) -> B02-AL01 | H18: =IF(VLOOKUP($A18,Table1[#All],_xlfn.XMATCH(H$12,Table1[#Headers],0,1),0)=0,"",VLOOKUP($A18,Table1[#All],_xlfn.XMATCH(H$12,Table1[#Headers],0,1),0)) -> AL | I18: =IF(VLOOKUP($A18,Table1[#All],_xlfn.XMATCH(I$12,Table1[#Headers],0,1),0)=0,"",VLOOKUP($A18,Table1[#All],_xlfn.XMATCH(I$12,Table1[#Headers],0,1),0)) -> -9.768 | J18: =IF(VLOOKUP($A18,Table1[#All],_xlfn.XMATCH(J$12,Table1[#Headers],0,1),0)=0,"",VLOOKUP($A18,Table1[#All],_xlfn.XMATCH(J$12,Table1[#Headers],0,1),0)) -> 8 | L18: =IF(VLOOKUP($A18,Table1[#All],_xlfn.XMATCH(L$12,Table1[#Headers],0,1),0)=0,"",VLOOKUP($A18,Table1[#All],_xlfn.XMATCH(L$12,Table1[#Headers],0,1),0)) -> Klei, zandig, zwak, organisch, zwak, plantenresten, weinig, grijs, donker, Pulsinstallatie machinaal | M18: =IF(VLOOKUP($A18,Table1[#All],_xlfn.XMATCH(M$12,Table1[#Headers],0,1),0)=0,"",VLOOKUP($A18,Table1[#All],_xlfn.XMATCH(M$12,Table1[#Headers],0,1),0)) -> 15.6 | N18: =IF(VLOOKUP($A18,Table1[#All],_xlfn.XMATCH(N$12,Table1[#Headers],0,1),0)=0,"",VLOOKUP($A18,Table1[#All],_xlfn.XMATCH(N$12,Table1[#Headers],0,1),0)) -> 9.9 | O18: =IF(VLOOKUP($A18,Table1[#All],_xlfn.XMATCH(O$12,Table1[#Headers],0,1),0)=0,"",VLOOKUP($A18,Table1[#All],_xlfn.XMATCH(O$12,Table1[#Headers],0,1),0)) -> 57.6 | P18: =IF(VLOOKUP($A18,Table1[#All],_xlfn.XMATCH(P$12,Table1[#Headers],0,1),0)=0,"",VLOOKUP($A18,Table1[#All],_xlfn.XMATCH(P$12,Table1[#Headers],0,1),0)) | Q18: =IF(VLOOKUP($A18,Table1[#All],_xlfn.XMATCH(Q$12,Table1[#Headers],0,1),0)=0,"",VLOOKUP($A18,Table1[#All],_xlfn.XMATCH(Q$12,Table1[#Headers],0,1),0)) | R18: =IF(VLOOKUP($A18,Table1[#All],_xlfn.XMATCH(R$12,Table1[#Headers],0,1),0)=0,"",VLOOKUP($A18,Table1[#All],_xlfn.XMATCH(R$12,Table1[#Headers],0,1),0)) | S18: =IF(VLOOKUP($A18,Table1[#All],_xlfn.XMATCH(S$12,Table1[#Headers],0,1),0)=0,"",VLOOKUP($A18,Table1[#All],_xlfn.XMATCH(S$12,Table1[#Headers],0,1),0)) -> 15.7 | ... U18: =IF(VLOOKUP($A18,Table1[#All],_xlfn.XMATCH(U$12,Table1[#Headers],0,1),0)=0,"",VLOOKUP($A18,Table1[#All],_xlfn.XMATCH(U$12,Table1[#Headers],0,1),0)) -> 71.6 | W18: =IF(VLOOKUP($A18,Table1[#All],_xlfn.XMATCH(W$12,Table1[#Headers],0,1),0)=0,"",VLOOKUP($A18,Table1[#All],_xlfn.XMATCH(W$12,Table1[#Headers],0,1),0)) -> 52.7 | X18: =IF(VLOOKUP($A18,Table1[#All],_xlfn.XMATCH(X$12,Table1[#Headers],0,1),0)=0,"",VLOOKUP($A18,Table1[#All],_xlfn.XMATCH(X$12,Table1[#Headers],0,1),0)) -> 53 | Y18: =IF(VLOOKUP($A18,Table1[#All],_xlfn.XMATCH(Y$12,Table1[#Headers],0,1),0)=0,"",VLOOKUP($A18,Table1[#All],_xlfn.XMATCH(Y$12,Table1[#Headers],0,1),0)) -> OC | Z18: =IF(VLOOKUP($A18,Table1[#All],_xlfn.XMATCH(Z$12,Table1[#Headers],0,1),0)=0,"",VLOOKUP($A18,Table1[#All],_xlfn.XMATCH(Z$12,Table1[#Headers],0,1),0)) -> 41.1 | AA18: =IF(VLOOKUP($A18,Table1[#All],_xlfn.XMATCH(AA$12,Table1[#Headers],0,1),0)=0,"",VLOOKUP($A18,Table1[#All],_xlfn.XMATCH(AA$12,Table1[#Headers],0,1),0)) -> 11.9 | AB18: =IF(VLOOKUP($A18,Table1[#All],_xlfn.XMATCH(AB$12,Table1[#Headers],0,1),0)=0,"",VLOOKUP($A18,Table1[#All],_xlfn.XMATCH(AB$12,Table1[#Headers],0,1),0)) -> 0.55 | AC18: =IF(VLOOKUP($A18,Table1[#All],_xlfn.XMATCH(AC$12,Table1[#Headers],0,1),0)=0,"",VLOOKUP($A18,Table1[#All],_xlfn.XMATCH(AC$12,Table1[#Headers],0,1),0)) -> 3.6 | AE18: =IF(VLOOKUP($A18,Table1[#All],_xlfn.XMATCH(AE$12,Table1[#Headers],0,1),0)=0,"",VLOOKUP($A18,Table1[#All],_xlfn.XMATCH(AE$12,Table1[#Headers],0,1),0)) -> 28 | AF18: =IF(VLOOKUP($A18,Table1[#All],_xlfn.XMATCH(AF$12,Table1[#Headers],0,1),0)=0,"",VLOOKUP($A18,Table1[#All],_xlfn.XMATCH(AF$12,Table1[#Headers],0,1),0)) -> 25.2 | AG18: =IF(VLOOKUP($A18,Table1[#All],_xlfn.XMATCH(AG$12,Table1[#Headers],0,1),0)=0,"",VLOOKUP($A18,Table1[#All],_xlfn.XMATCH(AG$12,Table1[#Headers],0,1),0)) -> 25.3 | AH18: =IF(VLOOKUP($A18,Table1[#All],_xlfn.XMATCH(AH$12,Table1[#Headers],0,1),0)=0,"",VLOOKUP($A18,Table1[#All],_xlfn.XMATCH(AH$12,Table1[#Headers],0,1),0)) -> 18.6 | AJ18: =IF(VLOOKUP($A18,Table1[#All],_xlfn.XMATCH(AJ$12,Table1[#Headers],0,1),0)=0,"",VLOOKUP($A18,Table1[#All],_xlfn.XMATCH(AJ$12,Table1[#Headers],0,1),0)) -> 77.9 | AK18: =IFERROR(AJ18-W18,"") -> 25.2 | AL18: =IF(VLOOKUP($A18,Table1[#All],_xlfn.XMATCH(AL$12,Table1[#Headers],0,1),0)=0,"",VLOOKUP($A18,Table1[#All],_xlfn.XMATCH(AL$12,Table1[#Headers],0,1),0)) -> 1.4781784 | AN18: =IF(VLOOKUP($A18,Table1[#All],_xlfn.XMATCH(AN$12,Table1[#Headers],0,1),0)=0,"",VLOOKUP($A18,Table1[#All],_xlfn.XMATCH(AN$12,Table1[#Headers],0,1),0)) -> OED_CRS10)GA250495_B02-AL01_19-782.pdf | AO18: =HYPERLINK(Hulp!$C$5&Beoordeling!AN18,MID(AN18,1,30)) -> OED_CRS10)GA250495_B02-AL01_19 | AP18: =IF(VLOOKUP($A18,Table1[#All],_xlfn.XMATCH(AP$12,Table1[#Headers],0,1),0)=0,"",VLOOKUP($A18,Table1[#All],_xlfn.XMATCH(AP$12,Table1[#Headers],0,1),0)) -> 77.9 | AU18: =IF(VLOOKUP($A18,Table1[#All],_xlfn.XMATCH(AU$12,Table1[#Headers],0,1),0)=0,"",VLOOKUP($A18,Table1[#All],_xlfn.XMATCH(AU$12,Table1[#Headers],0,1),0)) -> TX11)GA250495_B02-AL01-19-782_Greeuw_V01.pdf | AV18: =HYPERLINK(Hulp!$C$4&Beoordeling!AU18,MID(AU18,1,20)) -> TX11)GA250495_B02-AL | AX18: =IF(AC18<$AX$5,"laag",IF(AC18>$AX$7,"hoog","middel")) -> laag | BB18: =IFERROR(AE18/Z18,"") -> 0.68126521 | BC18: =IFERROR(AH18/AF18,"") -> 0.73809524 | BD18: =IF(VLOOKUP($A18,Table1[#All],_xlfn.XMATCH(BD$12,Table1[#Headers],0,1),0)=0,"",VLOOKUP($A18,Table1[#All],_xlfn.XMATCH(BD$12,Table1[#Headers],0,1),0)) -> OC | BE18: =IF(VLOOKUP($A18,Table1[#All],_xlfn.XMATCH(AL$12,Table1[#Headers],0,1),0)=0,"",VLOOKUP($A18,Table1[#All],_xlfn.XMATCH(AL$12,Table1[#Headers],0,1),0)) -> 1.4781784 | BF18: =IF(BB18<$BB$4,"NC",IF(BB18>$BB$7,"OC sterk",IF(BB18>$BB$6,"OC matig","NC/OC"))) -> NC | BG18: =IF(VLOOKUP($A18,Table1[#All],_xlfn.XMATCH(BG$12,Table1[#Headers],0,1),0)=0,"",VLOOKUP($A18,Table1[#All],_xlfn.XMATCH(BG$12,Table1[#Headers],0,1),0)) -> 4.5 | BH18: =AH18/X18 -> 0.3509434 | BK18: =IF(BC18>$BK$4,"oplopend",IF(BC18<$BK$7,"sterk aflopend",IF(BC18<$BK$6,"aflopend","constant"))) -> sterk aflopend | BT18: =IF(VLOOKUP($A18,Table1[#All],_xlfn.XMATCH(BT$12,Table1[#Headers],0,1),0)=0,"",VLOOKUP($A18,Table1[#All],_xlfn.XMATCH(BT$12,Table1[#Headers],0,1),0)) | BU18: =HYPERLINK(Hulp!$C$3&Beoordeling!BT18,BT18)
A19: 23_B02-K02_4-10346 | B19: =IF(VLOOKUP($A19,Table1[#All],_xlfn.XMATCH(B$12,Table1[#Headers],0,1),0)=0,"",VLOOKUP($A19,Table1[#All],_xlfn.XMATCH(B$12,Table1[#Headers],0,1),0)) -> TXT_voorbeeld | C19: =IF(VLOOKUP($A19,Table1[#All],_xlfn.XMATCH(C$12,Table1[#Headers],0,1),0)=0,"",VLOOKUP($A19,Table1[#All],_xlfn.XMATCH(C$12,Table1[#Headers],0,1),0)) | E19: =IF(VLOOKUP($A19,Table1[#All],_xlfn.XMATCH(E$12,Table1[#Headers],0,1),0)=0,"",VLOOKUP($A19,Table1[#All],_xlfn.XMATCH(E$12,Table1[#Headers],0,1),0)) -> Polderdijk | F19: =IF(VLOOKUP($A19,Table1[#All],_xlfn.XMATCH(F$12,Table1[#Headers],0,1),0)=0,"",VLOOKUP($A19,Table1[#All],_xlfn.XMATCH(F$12,Table1[#Headers],0,1),0)) -> Regionaal | G19: =IF(VLOOKUP($A19,Table1[#All],_xlfn.XMATCH(G$12,Table1[#Headers],0,1),0)=0,"",VLOOKUP($A19,Table1[#All],_xlfn.XMATCH(G$12,Table1[#Headers],0,1),0)) -> B02-K02 | H19: =IF(VLOOKUP($A19,Table1[#All],_xlfn.XMATCH(H$12,Table1[#Headers],0,1),0)=0,"",VLOOKUP($A19,Table1[#All],_xlfn.XMATCH(H$12,Table1[#Headers],0,1),0)) -> KR | I19: =IF(VLOOKUP($A19,Table1[#All],_xlfn.XMATCH(I$12,Table1[#Headers],0,1),0)=0,"",VLOOKUP($A19,Table1[#All],_xlfn.XMATCH(I$12,Table1[#Headers],0,1),0)) -> -2.205 | J19: =IF(VLOOKUP($A19,Table1[#All],_xlfn.XMATCH(J$12,Table1[#Headers],0,1),0)=0,"",VLOOKUP($A19,Table1[#All],_xlfn.XMATCH(J$12,Table1[#Headers],0,1),0)) -> 2 | L19: =IF(VLOOKUP($A19,Table1[#All],_xlfn.XMATCH(L$12,Table1[#Headers],0,1),0)=0,"",VLOOKUP($A19,Table1[#All],_xlfn.XMATCH(L$12,Table1[#Headers],0,1),0)) -> Klei, zandig, zwak, organisch, zwak, puin, weinig, grijs, donker, Pulsinstallatie machinaal | M19: =IF(VLOOKUP($A19,Table1[#All],_xlfn.XMATCH(M$12,Table1[#Headers],0,1),0)=0,"",VLOOKUP($A19,Table1[#All],_xlfn.XMATCH(M$12,Table1[#Headers],0,1),0)) -> 15.7 | N19: =IF(VLOOKUP($A19,Table1[#All],_xlfn.XMATCH(N$12,Table1[#Headers],0,1),0)=0,"",VLOOKUP($A19,Table1[#All],_xlfn.XMATCH(N$12,Table1[#Headers],0,1),0)) -> 9.1 | O19: =IF(VLOOKUP($A19,Table1[#All],_xlfn.XMATCH(O$12,Table1[#Headers],0,1),0)=0,"",VLOOKUP($A19,Table1[#All],_xlfn.XMATCH(O$12,Table1[#Headers],0,1),0)) -> 72.3 | P19: =IF(VLOOKUP($A19,Table1[#All],_xlfn.XMATCH(P$12,Table1[#Headers],0,1),0)=0,"",VLOOKUP($A19,Table1[#All],_xlfn.XMATCH(P$12,Table1[#Headers],0,1),0)) | Q19: =IF(VLOOKUP($A19,Table1[#All],_xlfn.XMATCH(Q$12,Table1[#Headers],0,1),0)=0,"",VLOOKUP($A19,Table1[#All],_xlfn.XMATCH(Q$12,Table1[#Headers],0,1),0)) | R19: =IF(VLOOKUP($A19,Table1[#All],_xlfn.XMATCH(R$12,Table1[#Headers],0,1),0)=0,"",VLOOKUP($A19,Table1[#All],_xlfn.XMATCH(R$12,Table1[#Headers],0,1),0)) | S19: =IF(VLOOKUP($A19,Table1[#All],_xlfn.XMATCH(S$12,Table1[#Headers],0,1),0)=0,"",VLOOKUP($A19,Table1[#All],_xlfn.XMATCH(S$12,Table1[#Headers],0,1),0)) -> 15.3 | ... U19: =IF(VLOOKUP($A19,Table1[#All],_xlfn.XMATCH(U$12,Table1[#Headers],0,1),0)=0,"",VLOOKUP($A19,Table1[#All],_xlfn.XMATCH(U$12,Table1[#Headers],0,1),0)) -> 74 | W19: =IF(VLOOKUP($A19,Table1[#All],_xlfn.XMATCH(W$12,Table1[#Headers],0,1),0)=0,"",VLOOKUP($A19,Table1[#All],_xlfn.XMATCH(W$12,Table1[#Headers],0,1),0)) -> 34.3 | X19: =IF(VLOOKUP($A19,Table1[#All],_xlfn.XMATCH(X$12,Table1[#Headers],0,1),0)=0,"",VLOOKUP($A19,Table1[#All],_xlfn.XMATCH(X$12,Table1[#Headers],0,1),0)) -> 34 | Y19: =IF(VLOOKUP($A19,Table1[#All],_xlfn.XMATCH(Y$12,Table1[#Headers],0,1),0)=0,"",VLOOKUP($A19,Table1[#All],_xlfn.XMATCH(Y$12,Table1[#Headers],0,1),0)) -> OC | Z19: =IF(VLOOKUP($A19,Table1[#All],_xlfn.XMATCH(Z$12,Table1[#Headers],0,1),0)=0,"",VLOOKUP($A19,Table1[#All],_xlfn.XMATCH(Z$12,Table1[#Headers],0,1),0)) -> 34 | AA19: =IF(VLOOKUP($A19,Table1[#All],_xlfn.XMATCH(AA$12,Table1[#Headers],0,1),0)=0,"",VLOOKUP($A19,Table1[#All],_xlfn.XMATCH(AA$12,Table1[#Headers],0,1),0)) | AB19: =IF(VLOOKUP($A19,Table1[#All],_xlfn.XMATCH(AB$12,Table1[#Headers],0,1),0)=0,"",VLOOKUP($A19,Table1[#All],_xlfn.XMATCH(AB$12,Table1[#Headers],0,1),0)) -> 0.52 | AC19: =IF(VLOOKUP($A19,Table1[#All],_xlfn.XMATCH(AC$12,Table1[#Headers],0,1),0)=0,"",VLOOKUP($A19,Table1[#All],_xlfn.XMATCH(AC$12,Table1[#Headers],0,1),0)) -> 6.6 | AE19: =IF(VLOOKUP($A19,Table1[#All],_xlfn.XMATCH(AE$12,Table1[#Headers],0,1),0)=0,"",VLOOKUP($A19,Table1[#All],_xlfn.XMATCH(AE$12,Table1[#Headers],0,1),0)) -> 27.5 | AF19: =IF(VLOOKUP($A19,Table1[#All],_xlfn.XMATCH(AF$12,Table1[#Headers],0,1),0)=0,"",VLOOKUP($A19,Table1[#All],_xlfn.XMATCH(AF$12,Table1[#Headers],0,1),0)) -> 14.2 | AG19: =IF(VLOOKUP($A19,Table1[#All],_xlfn.XMATCH(AG$12,Table1[#Headers],0,1),0)=0,"",VLOOKUP($A19,Table1[#All],_xlfn.XMATCH(AG$12,Table1[#Headers],0,1),0)) -> 16.6 | AH19: =IF(VLOOKUP($A19,Table1[#All],_xlfn.XMATCH(AH$12,Table1[#Headers],0,1),0)=0,"",VLOOKUP($A19,Table1[#All],_xlfn.XMATCH(AH$12,Table1[#Headers],0,1),0)) -> 16.2 | AJ19: =IF(VLOOKUP($A19,Table1[#All],_xlfn.XMATCH(AJ$12,Table1[#Headers],0,1),0)=0,"",VLOOKUP($A19,Table1[#All],_xlfn.XMATCH(AJ$12,Table1[#Headers],0,1),0)) -> 45.7 | AK19: =IFERROR(AJ19-W19,"") -> 11.4 | AL19: =IF(VLOOKUP($A19,Table1[#All],_xlfn.XMATCH(AL$12,Table1[#Headers],0,1),0)=0,"",VLOOKUP($A19,Table1[#All],_xlfn.XMATCH(AL$12,Table1[#Headers],0,1),0)) -> 1.3323615 | AN19: =IF(VLOOKUP($A19,Table1[#All],_xlfn.XMATCH(AN$12,Table1[#Headers],0,1),0)=0,"",VLOOKUP($A19,Table1[#All],_xlfn.XMATCH(AN$12,Table1[#Headers],0,1),0)) -> OED_CRS16)GA250495_B02-K02_4-10346.pdf | AO19: =HYPERLINK(Hulp!$C$5&Beoordeling!AN19,MID(AN19,1,30)) -> OED_CRS16)GA250495_B02-K02_4-1 | AP19: =IF(VLOOKUP($A19,Table1[#All],_xlfn.XMATCH(AP$12,Table1[#Headers],0,1),0)=0,"",VLOOKUP($A19,Table1[#All],_xlfn.XMATCH(AP$12,Table1[#Headers],0,1),0)) -> 45.7 | AU19: =IF(VLOOKUP($A19,Table1[#All],_xlfn.XMATCH(AU$12,Table1[#Headers],0,1),0)=0,"",VLOOKUP($A19,Table1[#All],_xlfn.XMATCH(AU$12,Table1[#Headers],0,1),0)) -> TX16)GA2520495_B02-K02-4-10346_Greeuw_V01.pdf | AV19: =HYPERLINK(Hulp!$C$4&Beoordeling!AU19,MID(AU19,1,20)) -> TX16)GA2520495_B02-K | AX19: =IF(AC19<$AX$5,"laag",IF(AC19>$AX$7,"hoog","middel")) -> middel | BB19: =IFERROR(AE19/Z19,"") -> 0.80882353 | BC19: =IFERROR(AH19/AF19,"") -> 1.1408451 | BD19: =IF(VLOOKUP($A19,Table1[#All],_xlfn.XMATCH(BD$12,Table1[#Headers],0,1),0)=0,"",VLOOKUP($A19,Table1[#All],_xlfn.XMATCH(BD$12,Table1[#Headers],0,1),0)) -> OC | BE19: =IF(VLOOKUP($A19,Table1[#All],_xlfn.XMATCH(AL$12,Table1[#Headers],0,1),0)=0,"",VLOOKUP($A19,Table1[#All],_xlfn.XMATCH(AL$12,Table1[#Headers],0,1),0)) -> 1.3323615 | BF19: =IF(BB19<$BB$4,"NC",IF(BB19>$BB$7,"OC sterk",IF(BB19>$BB$6,"OC matig","NC/OC"))) -> NC/OC | BG19: =IF(VLOOKUP($A19,Table1[#All],_xlfn.XMATCH(BG$12,Table1[#Headers],0,1),0)=0,"",VLOOKUP($A19,Table1[#All],_xlfn.XMATCH(BG$12,Table1[#Headers],0,1),0)) -> 17.4 | BH19: =AH19/X19 -> 0.47647059 | BK19: =IF(BC19>$BK$4,"oplopend",IF(BC19<$BK$7,"sterk aflopend",IF(BC19<$BK$6,"aflopend","constant"))) -> oplopend | BT19: =IF(VLOOKUP($A19,Table1[#All],_xlfn.XMATCH(BT$12,Table1[#Headers],0,1),0)=0,"",VLOOKUP($A19,Table1[#All],_xlfn.XMATCH(BT$12,Table1[#Headers],0,1),0)) | BU19: =HYPERLINK(Hulp!$C$3&Beoordeling!BT19,BT19)
A20: 24_B05-AL01_5-B498 | B20: =IF(VLOOKUP($A20,Table1[#All],_xlfn.XMATCH(B$12,Table1[#Headers],0,1),0)=0,"",VLOOKUP($A20,Table1[#All],_xlfn.XMATCH(B$12,Table1[#Headers],0,1),0)) -> TXT_voorbeeld | C20: =IF(VLOOKUP($A20,Table1[#All],_xlfn.XMATCH(C$12,Table1[#Headers],0,1),0)=0,"",VLOOKUP($A20,Table1[#All],_xlfn.XMATCH(C$12,Table1[#Headers],0,1),0)) | E20: =IF(VLOOKUP($A20,Table1[#All],_xlfn.XMATCH(E$12,Table1[#Headers],0,1),0)=0,"",VLOOKUP($A20,Table1[#All],_xlfn.XMATCH(E$12,Table1[#Headers],0,1),0)) -> Polderdijk | F20: =IF(VLOOKUP($A20,Table1[#All],_xlfn.XMATCH(F$12,Table1[#Headers],0,1),0)=0,"",VLOOKUP($A20,Table1[#All],_xlfn.XMATCH(F$12,Table1[#Headers],0,1),0)) -> Regionaal | G20: =IF(VLOOKUP($A20,Table1[#All],_xlfn.XMATCH(G$12,Table1[#Headers],0,1),0)=0,"",VLOOKUP($A20,Table1[#All],_xlfn.XMATCH(G$12,Table1[#Headers],0,1),0)) -> B05-AL01 | H20: =IF(VLOOKUP($A20,Table1[#All],_xlfn.XMATCH(H$12,Table1[#Headers],0,1),0)=0,"",VLOOKUP($A20,Table1[#All],_xlfn.XMATCH(H$12,Table1[#Headers],0,1),0)) -> AL | I20: =IF(VLOOKUP($A20,Table1[#All],_xlfn.XMATCH(I$12,Table1[#Headers],0,1),0)=0,"",VLOOKUP($A20,Table1[#All],_xlfn.XMATCH(I$12,Table1[#Headers],0,1),0)) -> -4.661 | J20: =IF(VLOOKUP($A20,Table1[#All],_xlfn.XMATCH(J$12,Table1[#Headers],0,1),0)=0,"",VLOOKUP($A20,Table1[#All],_xlfn.XMATCH(J$12,Table1[#Headers],0,1),0)) -> 2.4 | L20: =IF(VLOOKUP($A20,Table1[#All],_xlfn.XMATCH(L$12,Table1[#Headers],0,1),0)=0,"",VLOOKUP($A20,Table1[#All],_xlfn.XMATCH(L$12,Table1[#Headers],0,1),0)) -> Klei, zandig, zwak, organisch, zwak, grijs, neutraal, Pulsinstallatie machinaal | M20: =IF(VLOOKUP($A20,Table1[#All],_xlfn.XMATCH(M$12,Table1[#Headers],0,1),0)=0,"",VLOOKUP($A20,Table1[#All],_xlfn.XMATCH(M$12,Table1[#Headers],0,1),0)) -> 14.5 | N20: =IF(VLOOKUP($A20,Table1[#All],_xlfn.XMATCH(N$12,Table1[#Headers],0,1),0)=0,"",VLOOKUP($A20,Table1[#All],_xlfn.XMATCH(N$12,Table1[#Headers],0,1),0)) -> 7.6 | O20: =IF(VLOOKUP($A20,Table1[#All],_xlfn.XMATCH(O$12,Table1[#Headers],0,1),0)=0,"",VLOOKUP($A20,Table1[#All],_xlfn.XMATCH(O$12,Table1[#Headers],0,1),0)) -> 91.8 | P20: =IF(VLOOKUP($A20,Table1[#All],_xlfn.XMATCH(P$12,Table1[#Headers],0,1),0)=0,"",VLOOKUP($A20,Table1[#All],_xlfn.XMATCH(P$12,Table1[#Headers],0,1),0)) | Q20: =IF(VLOOKUP($A20,Table1[#All],_xlfn.XMATCH(Q$12,Table1[#Headers],0,1),0)=0,"",VLOOKUP($A20,Table1[#All],_xlfn.XMATCH(Q$12,Table1[#Headers],0,1),0)) | R20: =IF(VLOOKUP($A20,Table1[#All],_xlfn.XMATCH(R$12,Table1[#Headers],0,1),0)=0,"",VLOOKUP($A20,Table1[#All],_xlfn.XMATCH(R$12,Table1[#Headers],0,1),0)) | S20: =IF(VLOOKUP($A20,Table1[#All],_xlfn.XMATCH(S$12,Table1[#Headers],0,1),0)=0,"",VLOOKUP($A20,Table1[#All],_xlfn.XMATCH(S$12,Table1[#Headers],0,1),0)) -> 13.7 | ... U20: =IF(VLOOKUP($A20,Table1[#All],_xlfn.XMATCH(U$12,Table1[#Headers],0,1),0)=0,"",VLOOKUP($A20,Table1[#All],_xlfn.XMATCH(U$12,Table1[#Headers],0,1),0)) -> 104.6 | W20: =IF(VLOOKUP($A20,Table1[#All],_xlfn.XMATCH(W$12,Table1[#Headers],0,1),0)=0,"",VLOOKUP($A20,Table1[#All],_xlfn.XMATCH(W$12,Table1[#Headers],0,1),0)) -> 13.2 | X20: =IF(VLOOKUP($A20,Table1[#All],_xlfn.XMATCH(X$12,Table1[#Headers],0,1),0)=0,"",VLOOKUP($A20,Table1[#All],_xlfn.XMATCH(X$12,Table1[#Headers],0,1),0)) -> 13 | Y20: =IF(VLOOKUP($A20,Table1[#All],_xlfn.XMATCH(Y$12,Table1[#Headers],0,1),0)=0,"",VLOOKUP($A20,Table1[#All],_xlfn.XMATCH(Y$12,Table1[#Headers],0,1),0)) -> OC | Z20: =IF(VLOOKUP($A20,Table1[#All],_xlfn.XMATCH(Z$12,Table1[#Headers],0,1),0)=0,"",VLOOKUP($A20,Table1[#All],_xlfn.XMATCH(Z$12,Table1[#Headers],0,1),0)) -> 9.7 | AA20: =IF(VLOOKUP($A20,Table1[#All],_xlfn.XMATCH(AA$12,Table1[#Headers],0,1),0)=0,"",VLOOKUP($A20,Table1[#All],_xlfn.XMATCH(AA$12,Table1[#Headers],0,1),0)) -> 3.3 | AB20: =IF(VLOOKUP($A20,Table1[#All],_xlfn.XMATCH(AB$12,Table1[#Headers],0,1),0)=0,"",VLOOKUP($A20,Table1[#All],_xlfn.XMATCH(AB$12,Table1[#Headers],0,1),0)) -> 0.49 | AC20: =IF(VLOOKUP($A20,Table1[#All],_xlfn.XMATCH(AC$12,Table1[#Headers],0,1),0)=0,"",VLOOKUP($A20,Table1[#All],_xlfn.XMATCH(AC$12,Table1[#Headers],0,1),0)) -> 2.2 | AE20: =IF(VLOOKUP($A20,Table1[#All],_xlfn.XMATCH(AE$12,Table1[#Headers],0,1),0)=0,"",VLOOKUP($A20,Table1[#All],_xlfn.XMATCH(AE$12,Table1[#Headers],0,1),0)) -> 8.3 | AF20: =IF(VLOOKUP($A20,Table1[#All],_xlfn.XMATCH(AF$12,Table1[#Headers],0,1),0)=0,"",VLOOKUP($A20,Table1[#All],_xlfn.XMATCH(AF$12,Table1[#Headers],0,1),0)) -> 7.3 | AG20: =IF(VLOOKUP($A20,Table1[#All],_xlfn.XMATCH(AG$12,Table1[#Headers],0,1),0)=0,"",VLOOKUP($A20,Table1[#All],_xlfn.XMATCH(AG$12,Table1[#Headers],0,1),0)) -> 7.3 | AH20: =IF(VLOOKUP($A20,Table1[#All],_xlfn.XMATCH(AH$12,Table1[#Headers],0,1),0)=0,"",VLOOKUP($A20,Table1[#All],_xlfn.XMATCH(AH$12,Table1[#Headers],0,1),0)) -> 6.3 | AJ20: =IF(VLOOKUP($A20,Table1[#All],_xlfn.XMATCH(AJ$12,Table1[#Headers],0,1),0)=0,"",VLOOKUP($A20,Table1[#All],_xlfn.XMATCH(AJ$12,Table1[#Headers],0,1),0)) -> 22 | AK20: =IFERROR(AJ20-W20,"") -> 8.8 | AL20: =IF(VLOOKUP($A20,Table1[#All],_xlfn.XMATCH(AL$12,Table1[#Headers],0,1),0)=0,"",VLOOKUP($A20,Table1[#All],_xlfn.XMATCH(AL$12,Table1[#Headers],0,1),0)) -> 1.6666667 | AN20: =IF(VLOOKUP($A20,Table1[#All],_xlfn.XMATCH(AN$12,Table1[#Headers],0,1),0)=0,"",VLOOKUP($A20,Table1[#All],_xlfn.XMATCH(AN$12,Table1[#Headers],0,1),0)) -> OED_CRS23)GA250495_B05-AL01_5-B498.pdf | AO20: =HYPERLINK(Hulp!$C$5&Beoordeling!AN20,MID(AN20,1,30)) -> OED_CRS23)GA250495_B05-AL01_5- | AP20: =IF(VLOOKUP($A20,Table1[#All],_xlfn.XMATCH(AP$12,Table1[#Headers],0,1),0)=0,"",VLOOKUP($A20,Table1[#All],_xlfn.XMATCH(AP$12,Table1[#Headers],0,1),0)) -> 22 | AU20: =IF(VLOOKUP($A20,Table1[#All],_xlfn.XMATCH(AU$12,Table1[#Headers],0,1),0)=0,"",VLOOKUP($A20,Table1[#All],_xlfn.XMATCH(AU$12,Table1[#Headers],0,1),0)) -> TX24)GA250495_B05-AL01-5-B498_Greeuw_V01.pdf | AV20: =HYPERLINK(Hulp!$C$4&Beoordeling!AU20,MID(AU20,1,20)) -> TX24)GA250495_B05-AL | AX20: =IF(AC20<$AX$5,"laag",IF(AC20>$AX$7,"hoog","middel")) -> laag | BB20: =IFERROR(AE20/Z20,"") -> 0.8556701 | BC20: =IFERROR(AH20/AF20,"") -> 0.8630137 | BD20: =IF(VLOOKUP($A20,Table1[#All],_xlfn.XMATCH(BD$12,Table1[#Headers],0,1),0)=0,"",VLOOKUP($A20,Table1[#All],_xlfn.XMATCH(BD$12,Table1[#Headers],0,1),0)) -> OC | BE20: =IF(VLOOKUP($A20,Table1[#All],_xlfn.XMATCH(AL$12,Table1[#Headers],0,1),0)=0,"",VLOOKUP($A20,Table1[#All],_xlfn.XMATCH(AL$12,Table1[#Headers],0,1),0)) -> 1.6666667 | BF20: =IF(BB20<$BB$4,"NC",IF(BB20>$BB$7,"OC sterk",IF(BB20>$BB$6,"OC matig","NC/OC"))) -> NC/OC | BG20: =IF(VLOOKUP($A20,Table1[#All],_xlfn.XMATCH(BG$12,Table1[#Headers],0,1),0)=0,"",VLOOKUP($A20,Table1[#All],_xlfn.XMATCH(BG$12,Table1[#Headers],0,1),0)) -> 3.1 | BH20: =AH20/X20 -> 0.48461538 | BK20: =IF(BC20>$BK$4,"oplopend",IF(BC20<$BK$7,"sterk aflopend",IF(BC20<$BK$6,"aflopend","constant"))) -> aflopend | BT20: =IF(VLOOKUP($A20,Table1[#All],_xlfn.XMATCH(BT$12,Table1[#Headers],0,1),0)=0,"",VLOOKUP($A20,Table1[#All],_xlfn.XMATCH(BT$12,Table1[#Headers],0,1),0)) | BU20: =HYPERLINK(Hulp!$C$3&Beoordeling!BT20,BT20)
A21: 25_B05-AL01_11-756 | B21: =IF(VLOOKUP($A21,Table1[#All],_xlfn.XMATCH(B$12,Table1[#Headers],0,1),0)=0,"",VLOOKUP($A21,Table1[#All],_xlfn.XMATCH(B$12,Table1[#Headers],0,1),0)) -> TXT_voorbeeld | C21: =IF(VLOOKUP($A21,Table1[#All],_xlfn.XMATCH(C$12,Table1[#Headers],0,1),0)=0,"",VLOOKUP($A21,Table1[#All],_xlfn.XMATCH(C$12,Table1[#Headers],0,1),0)) | E21: =IF(VLOOKUP($A21,Table1[#All],_xlfn.XMATCH(E$12,Table1[#Headers],0,1),0)=0,"",VLOOKUP($A21,Table1[#All],_xlfn.XMATCH(E$12,Table1[#Headers],0,1),0)) -> Polderdijk | F21: =IF(VLOOKUP($A21,Table1[#All],_xlfn.XMATCH(F$12,Table1[#Headers],0,1),0)=0,"",VLOOKUP($A21,Table1[#All],_xlfn.XMATCH(F$12,Table1[#Headers],0,1),0)) -> Regionaal | G21: =IF(VLOOKUP($A21,Table1[#All],_xlfn.XMATCH(G$12,Table1[#Headers],0,1),0)=0,"",VLOOKUP($A21,Table1[#All],_xlfn.XMATCH(G$12,Table1[#Headers],0,1),0)) -> B05-AL01 | H21: =IF(VLOOKUP($A21,Table1[#All],_xlfn.XMATCH(H$12,Table1[#Headers],0,1),0)=0,"",VLOOKUP($A21,Table1[#All],_xlfn.XMATCH(H$12,Table1[#Headers],0,1),0)) -> AL | I21: =IF(VLOOKUP($A21,Table1[#All],_xlfn.XMATCH(I$12,Table1[#Headers],0,1),0)=0,"",VLOOKUP($A21,Table1[#All],_xlfn.XMATCH(I$12,Table1[#Headers],0,1),0)) -> -7.061 | J21: =IF(VLOOKUP($A21,Table1[#All],_xlfn.XMATCH(J$12,Table1[#Headers],0,1),0)=0,"",VLOOKUP($A21,Table1[#All],_xlfn.XMATCH(J$12,Table1[#Headers],0,1),0)) -> 4.8 | L21: =IF(VLOOKUP($A21,Table1[#All],_xlfn.XMATCH(L$12,Table1[#Headers],0,1),0)=0,"",VLOOKUP($A21,Table1[#All],_xlfn.XMATCH(L$12,Table1[#Headers],0,1),0)) -> Klei, zandig, sterk, organisch, zwak, plantenresten, weinig, grijs, neutraal, Pulsinstallatie machinaal | M21: =IF(VLOOKUP($A21,Table1[#All],_xlfn.XMATCH(M$12,Table1[#Headers],0,1),0)=0,"",VLOOKUP($A21,Table1[#All],_xlfn.XMATCH(M$12,Table1[#Headers],0,1),0)) -> 15.6 | N21: =IF(VLOOKUP($A21,Table1[#All],_xlfn.XMATCH(N$12,Table1[#Headers],0,1),0)=0,"",VLOOKUP($A21,Table1[#All],_xlfn.XMATCH(N$12,Table1[#Headers],0,1),0)) -> 9.7 | O21: =IF(VLOOKUP($A21,Table1[#All],_xlfn.XMATCH(O$12,Table1[#Headers],0,1),0)=0,"",VLOOKUP($A21,Table1[#All],_xlfn.XMATCH(O$12,Table1[#Headers],0,1),0)) -> 61.2 | P21: =IF(VLOOKUP($A21,Table1[#All],_xlfn.XMATCH(P$12,Table1[#Headers],0,1),0)=0,"",VLOOKUP($A21,Table1[#All],_xlfn.XMATCH(P$12,Table1[#Headers],0,1),0)) | Q21: =IF(VLOOKUP($A21,Table1[#All],_xlfn.XMATCH(Q$12,Table1[#Headers],0,1),0)=0,"",VLOOKUP($A21,Table1[#All],_xlfn.XMATCH(Q$12,Table1[#Headers],0,1),0)) | R21: =IF(VLOOKUP($A21,Table1[#All],_xlfn.XMATCH(R$12,Table1[#Headers],0,1),0)=0,"",VLOOKUP($A21,Table1[#All],_xlfn.XMATCH(R$12,Table1[#Headers],0,1),0)) | S21: =IF(VLOOKUP($A21,Table1[#All],_xlfn.XMATCH(S$12,Table1[#Headers],0,1),0)=0,"",VLOOKUP($A21,Table1[#All],_xlfn.XMATCH(S$12,Table1[#Headers],0,1),0)) -> 16.2 | ... U21: =IF(VLOOKUP($A21,Table1[#All],_xlfn.XMATCH(U$12,Table1[#Headers],0,1),0)=0,"",VLOOKUP($A21,Table1[#All],_xlfn.XMATCH(U$12,Table1[#Headers],0,1),0)) -> 48.9 | W21: =IF(VLOOKUP($A21,Table1[#All],_xlfn.XMATCH(W$12,Table1[#Headers],0,1),0)=0,"",VLOOKUP($A21,Table1[#All],_xlfn.XMATCH(W$12,Table1[#Headers],0,1),0)) -> 24 | X21: =IF(VLOOKUP($A21,Table1[#All],_xlfn.XMATCH(X$12,Table1[#Headers],0,1),0)=0,"",VLOOKUP($A21,Table1[#All],_xlfn.XMATCH(X$12,Table1[#Headers],0,1),0)) -> 24 | Y21: =IF(VLOOKUP($A21,Table1[#All],_xlfn.XMATCH(Y$12,Table1[#Headers],0,1),0)=0,"",VLOOKUP($A21,Table1[#All],_xlfn.XMATCH(Y$12,Table1[#Headers],0,1),0)) -> OC | Z21: =IF(VLOOKUP($A21,Table1[#All],_xlfn.XMATCH(Z$12,Table1[#Headers],0,1),0)=0,"",VLOOKUP($A21,Table1[#All],_xlfn.XMATCH(Z$12,Table1[#Headers],0,1),0)) -> 19.2 | AA21: =IF(VLOOKUP($A21,Table1[#All],_xlfn.XMATCH(AA$12,Table1[#Headers],0,1),0)=0,"",VLOOKUP($A21,Table1[#All],_xlfn.XMATCH(AA$12,Table1[#Headers],0,1),0)) -> 4.8 | AB21: =IF(VLOOKUP($A21,Table1[#All],_xlfn.XMATCH(AB$12,Table1[#Headers],0,1),0)=0,"",VLOOKUP($A21,Table1[#All],_xlfn.XMATCH(AB$12,Table1[#Headers],0,1),0)) -> 0.6 | AC21: =IF(VLOOKUP($A21,Table1[#All],_xlfn.XMATCH(AC$12,Table1[#Headers],0,1),0)=0,"",VLOOKUP($A21,Table1[#All],_xlfn.XMATCH(AC$12,Table1[#Headers],0,1),0)) -> 1.4 | AE21: =IF(VLOOKUP($A21,Table1[#All],_xlfn.XMATCH(AE$12,Table1[#Headers],0,1),0)=0,"",VLOOKUP($A21,Table1[#All],_xlfn.XMATCH(AE$12,Table1[#Headers],0,1),0)) -> 16.5 | AF21: =IF(VLOOKUP($A21,Table1[#All],_xlfn.XMATCH(AF$12,Table1[#Headers],0,1),0)=0,"",VLOOKUP($A21,Table1[#All],_xlfn.XMATCH(AF$12,Table1[#Headers],0,1),0)) -> 15.8 | AG21: =IF(VLOOKUP($A21,Table1[#All],_xlfn.XMATCH(AG$12,Table1[#Headers],0,1),0)=0,"",VLOOKUP($A21,Table1[#All],_xlfn.XMATCH(AG$12,Table1[#Headers],0,1),0)) -> 16.2 | AH21: =IF(VLOOKUP($A21,Table1[#All],_xlfn.XMATCH(AH$12,Table1[#Headers],0,1),0)=0,"",VLOOKUP($A21,Table1[#All],_xlfn.XMATCH(AH$12,Table1[#Headers],0,1),0)) -> 10.7 | AJ21: =IF(VLOOKUP($A21,Table1[#All],_xlfn.XMATCH(AJ$12,Table1[#Headers],0,1),0)=0,"",VLOOKUP($A21,Table1[#All],_xlfn.XMATCH(AJ$12,Table1[#Headers],0,1),0)) -> 40.5 | AK21: =IFERROR(AJ21-W21,"") -> 16.5 | AL21: =IF(VLOOKUP($A21,Table1[#All],_xlfn.XMATCH(AL$12,Table1[#Headers],0,1),0)=0,"",VLOOKUP($A21,Table1[#All],_xlfn.XMATCH(AL$12,Table1[#Headers],0,1),0)) -> 1.6875 | AN21: =IF(VLOOKUP($A21,Table1[#All],_xlfn.XMATCH(AN$12,Table1[#Headers],0,1),0)=0,"",VLOOKUP($A21,Table1[#All],_xlfn.XMATCH(AN$12,Table1[#Headers],0,1),0)) -> OED_CRS24)GA250495_B05-AL01_11-756.pdf | AO21: =HYPERLINK(Hulp!$C$5&Beoordeling!AN21,MID(AN21,1,30)) -> OED_CRS24)GA250495_B05-AL01_11 | AP21: =IF(VLOOKUP($A21,Table1[#All],_xlfn.XMATCH(AP$12,Table1[#Headers],0,1),0)=0,"",VLOOKUP($A21,Table1[#All],_xlfn.XMATCH(AP$12,Table1[#Headers],0,1),0)) -> 40.5 | AU21: =IF(VLOOKUP($A21,Table1[#All],_xlfn.XMATCH(AU$12,Table1[#Headers],0,1),0)=0,"",VLOOKUP($A21,Table1[#All],_xlfn.XMATCH(AU$12,Table1[#Headers],0,1),0)) -> TX25)GA250495_B05-AL01-11-756_Greeuw_V01.pdf | AV21: =HYPERLINK(Hulp!$C$4&Beoordeling!AU21,MID(AU21,1,20)) -> TX25)GA250495_B05-AL | AX21: =IF(AC21<$AX$5,"laag",IF(AC21>$AX$7,"hoog","middel")) -> laag | BB21: =IFERROR(AE21/Z21,"") -> 0.859375 | BC21: =IFERROR(AH21/AF21,"") -> 0.67721519 | BD21: =IF(VLOOKUP($A21,Table1[#All],_xlfn.XMATCH(BD$12,Table1[#Headers],0,1),0)=0,"",VLOOKUP($A21,Table1[#All],_xlfn.XMATCH(BD$12,Table1[#Headers],0,1),0)) -> OC | BE21: =IF(VLOOKUP($A21,Table1[#All],_xlfn.XMATCH(AL$12,Table1[#Headers],0,1),0)=0,"",VLOOKUP($A21,Table1[#All],_xlfn.XMATCH(AL$12,Table1[#Headers],0,1),0)) -> 1.6875 | BF21: =IF(BB21<$BB$4,"NC",IF(BB21>$BB$7,"OC sterk",IF(BB21>$BB$6,"OC matig","NC/OC"))) -> NC/OC | BG21: =IF(VLOOKUP($A21,Table1[#All],_xlfn.XMATCH(BG$12,Table1[#Headers],0,1),0)=0,"",VLOOKUP($A21,Table1[#All],_xlfn.XMATCH(BG$12,Table1[#Headers],0,1),0)) -> 3 | BH21: =AH21/X21 -> 0.44583333 | BK21: =IF(BC21>$BK$4,"oplopend",IF(BC21<$BK$7,"sterk aflopend",IF(BC21<$BK$6,"aflopend","constant"))) -> sterk aflopend | BT21: =IF(VLOOKUP($A21,Table1[#All],_xlfn.XMATCH(BT$12,Table1[#Headers],0,1),0)=0,"",VLOOKUP($A21,Table1[#All],_xlfn.XMATCH(BT$12,Table1[#Headers],0,1),0)) | BU21: =HYPERLINK(Hulp!$C$3&Beoordeling!BT21,BT21)
A22: 26_B06-AL01_3-318 | B22: =IF(VLOOKUP($A22,Table1[#All],_xlfn.XMATCH(B$12,Table1[#Headers],0,1),0)=0,"",VLOOKUP($A22,Table1[#All],_xlfn.XMATCH(B$12,Table1[#Headers],0,1),0)) -> TXT_voorbeeld | C22: =IF(VLOOKUP($A22,Table1[#All],_xlfn.XMATCH(C$12,Table1[#Headers],0,1),0)=0,"",VLOOKUP($A22,Table1[#All],_xlfn.XMATCH(C$12,Table1[#Headers],0,1),0)) | E22: =IF(VLOOKUP($A22,Table1[#All],_xlfn.XMATCH(E$12,Table1[#Headers],0,1),0)=0,"",VLOOKUP($A22,Table1[#All],_xlfn.XMATCH(E$12,Table1[#Headers],0,1),0)) -> Polderdijk | F22: =IF(VLOOKUP($A22,Table1[#All],_xlfn.XMATCH(F$12,Table1[#Headers],0,1),0)=0,"",VLOOKUP($A22,Table1[#All],_xlfn.XMATCH(F$12,Table1[#Headers],0,1),0)) -> Regionaal | G22: =IF(VLOOKUP($A22,Table1[#All],_xlfn.XMATCH(G$12,Table1[#Headers],0,1),0)=0,"",VLOOKUP($A22,Table1[#All],_xlfn.XMATCH(G$12,Table1[#Headers],0,1),0)) -> B06-AL01 | H22: =IF(VLOOKUP($A22,Table1[#All],_xlfn.XMATCH(H$12,Table1[#Headers],0,1),0)=0,"",VLOOKUP($A22,Table1[#All],_xlfn.XMATCH(H$12,Table1[#Headers],0,1),0)) -> AL | I22: =IF(VLOOKUP($A22,Table1[#All],_xlfn.XMATCH(I$12,Table1[#Headers],0,1),0)=0,"",VLOOKUP($A22,Table1[#All],_xlfn.XMATCH(I$12,Table1[#Headers],0,1),0)) -> -4.58 | J22: =IF(VLOOKUP($A22,Table1[#All],_xlfn.XMATCH(J$12,Table1[#Headers],0,1),0)=0,"",VLOOKUP($A22,Table1[#All],_xlfn.XMATCH(J$12,Table1[#Headers],0,1),0)) -> 1.6 | L22: =IF(VLOOKUP($A22,Table1[#All],_xlfn.XMATCH(L$12,Table1[#Headers],0,1),0)=0,"",VLOOKUP($A22,Table1[#All],_xlfn.XMATCH(L$12,Table1[#Headers],0,1),0)) -> Klei, zandig, zwak, organisch, zwak, plantenresten, weinig, grijs, neutraal, Pulsinstallatie machinaal | M22: =IF(VLOOKUP($A22,Table1[#All],_xlfn.XMATCH(M$12,Table1[#Headers],0,1),0)=0,"",VLOOKUP($A22,Table1[#All],_xlfn.XMATCH(M$12,Table1[#Headers],0,1),0)) -> 15.8 | N22: =IF(VLOOKUP($A22,Table1[#All],_xlfn.XMATCH(N$12,Table1[#Headers],0,1),0)=0,"",VLOOKUP($A22,Table1[#All],_xlfn.XMATCH(N$12,Table1[#Headers],0,1),0)) -> 10.6 | O22: =IF(VLOOKUP($A22,Table1[#All],_xlfn.XMATCH(O$12,Table1[#Headers],0,1),0)=0,"",VLOOKUP($A22,Table1[#All],_xlfn.XMATCH(O$12,Table1[#Headers],0,1),0)) -> 49 | P22: =IF(VLOOKUP($A22,Table1[#All],_xlfn.XMATCH(P$12,Table1[#Headers],0,1),0)=0,"",VLOOKUP($A22,Table1[#All],_xlfn.XMATCH(P$12,Table1[#Headers],0,1),0)) | Q22: =IF(VLOOKUP($A22,Table1[#All],_xlfn.XMATCH(Q$12,Table1[#Headers],0,1),0)=0,"",VLOOKUP($A22,Table1[#All],_xlfn.XMATCH(Q$12,Table1[#Headers],0,1),0)) | R22: =IF(VLOOKUP($A22,Table1[#All],_xlfn.XMATCH(R$12,Table1[#Headers],0,1),0)=0,"",VLOOKUP($A22,Table1[#All],_xlfn.XMATCH(R$12,Table1[#Headers],0,1),0)) | S22: =IF(VLOOKUP($A22,Table1[#All],_xlfn.XMATCH(S$12,Table1[#Headers],0,1),0)=0,"",VLOOKUP($A22,Table1[#All],_xlfn.XMATCH(S$12,Table1[#Headers],0,1),0)) -> 13.6 | ... U22: =IF(VLOOKUP($A22,Table1[#All],_xlfn.XMATCH(U$12,Table1[#Headers],0,1),0)=0,"",VLOOKUP($A22,Table1[#All],_xlfn.XMATCH(U$12,Table1[#Headers],0,1),0)) -> 105 | W22: =IF(VLOOKUP($A22,Table1[#All],_xlfn.XMATCH(W$12,Table1[#Headers],0,1),0)=0,"",VLOOKUP($A22,Table1[#All],_xlfn.XMATCH(W$12,Table1[#Headers],0,1),0)) -> 8.5 | X22: =IF(VLOOKUP($A22,Table1[#All],_xlfn.XMATCH(X$12,Table1[#Headers],0,1),0)=0,"",VLOOKUP($A22,Table1[#All],_xlfn.XMATCH(X$12,Table1[#Headers],0,1),0)) -> 9 | Y22: =IF(VLOOKUP($A22,Table1[#All],_xlfn.XMATCH(Y$12,Table1[#Headers],0,1),0)=0,"",VLOOKUP($A22,Table1[#All],_xlfn.XMATCH(Y$12,Table1[#Headers],0,1),0)) -> OC | Z22: =IF(VLOOKUP($A22,Table1[#All],_xlfn.XMATCH(Z$12,Table1[#Headers],0,1),0)=0,"",VLOOKUP($A22,Table1[#All],_xlfn.XMATCH(Z$12,Table1[#Headers],0,1),0)) -> 7.2 | AA22: =IF(VLOOKUP($A22,Table1[#All],_xlfn.XMATCH(AA$12,Table1[#Headers],0,1),0)=0,"",VLOOKUP($A22,Table1[#All],_xlfn.XMATCH(AA$12,Table1[#Headers],0,1),0)) -> 1.8 | AB22: =IF(VLOOKUP($A22,Table1[#All],_xlfn.XMATCH(AB$12,Table1[#Headers],0,1),0)=0,"",VLOOKUP($A22,Table1[#All],_xlfn.XMATCH(AB$12,Table1[#Headers],0,1),0)) -> 0.59 | AC22: =IF(VLOOKUP($A22,Table1[#All],_xlfn.XMATCH(AC$12,Table1[#Headers],0,1),0)=0,"",VLOOKUP($A22,Table1[#All],_xlfn.XMATCH(AC$12,Table1[#Headers],0,1),0)) -> 1.6 | AE22: =IF(VLOOKUP($A22,Table1[#All],_xlfn.XMATCH(AE$12,Table1[#Headers],0,1),0)=0,"",VLOOKUP($A22,Table1[#All],_xlfn.XMATCH(AE$12,Table1[#Headers],0,1),0)) -> 10.7 | AF22: =IF(VLOOKUP($A22,Table1[#All],_xlfn.XMATCH(AF$12,Table1[#Headers],0,1),0)=0,"",VLOOKUP($A22,Table1[#All],_xlfn.XMATCH(AF$12,Table1[#Headers],0,1),0)) -> 8.1 | AG22: =IF(VLOOKUP($A22,Table1[#All],_xlfn.XMATCH(AG$12,Table1[#Headers],0,1),0)=0,"",VLOOKUP($A22,Table1[#All],_xlfn.XMATCH(AG$12,Table1[#Headers],0,1),0)) -> 8.5 | AH22: =IF(VLOOKUP($A22,Table1[#All],_xlfn.XMATCH(AH$12,Table1[#Headers],0,1),0)=0,"",VLOOKUP($A22,Table1[#All],_xlfn.XMATCH(AH$12,Table1[#Headers],0,1),0)) -> 7.5 | AJ22: =IF(VLOOKUP($A22,Table1[#All],_xlfn.XMATCH(AJ$12,Table1[#Headers],0,1),0)=0,"",VLOOKUP($A22,Table1[#All],_xlfn.XMATCH(AJ$12,Table1[#Headers],0,1),0)) -> 30 | AK22: =IFERROR(AJ22-W22,"") -> 21.5 | AL22: =IF(VLOOKUP($A22,Table1[#All],_xlfn.XMATCH(AL$12,Table1[#Headers],0,1),0)=0,"",VLOOKUP($A22,Table1[#All],_xlfn.XMATCH(AL$12,Table1[#Headers],0,1),0)) -> 3.5294118 | AN22: =IF(VLOOKUP($A22,Table1[#All],_xlfn.XMATCH(AN$12,Table1[#Headers],0,1),0)=0,"",VLOOKUP($A22,Table1[#All],_xlfn.XMATCH(AN$12,Table1[#Headers],0,1),0)) -> OED_CRS74)GA250495_B06-AL01_3-318.pdf | AO22: =HYPERLINK(Hulp!$C$5&Beoordeling!AN22,MID(AN22,1,30)) -> OED_CRS74)GA250495_B06-AL01_3- | AP22: =IF(VLOOKUP($A22,Table1[#All],_xlfn.XMATCH(AP$12,Table1[#Headers],0,1),0)=0,"",VLOOKUP($A22,Table1[#All],_xlfn.XMATCH(AP$12,Table1[#Headers],0,1),0)) -> 18.7 | AU22: =IF(VLOOKUP($A22,Table1[#All],_xlfn.XMATCH(AU$12,Table1[#Headers],0,1),0)=0,"",VLOOKUP($A22,Table1[#All],_xlfn.XMATCH(AU$12,Table1[#Headers],0,1),0)) -> TX103)GA250495_B06-AL01-3-318_Greeuw_V01.pdf | AV22: =HYPERLINK(Hulp!$C$4&Beoordeling!AU22,MID(AU22,1,20)) -> TX103)GA250495_B06-A | AX22: =IF(AC22<$AX$5,"laag",IF(AC22>$AX$7,"hoog","middel")) -> laag | BB22: =IFERROR(AE22/Z22,"") -> 1.4861111 | BC22: =IFERROR(AH22/AF22,"") -> 0.92592593 | BD22: =IF(VLOOKUP($A22,Table1[#All],_xlfn.XMATCH(BD$12,Table1[#Headers],0,1),0)=0,"",VLOOKUP($A22,Table1[#All],_xlfn.XMATCH(BD$12,Table1[#Headers],0,1),0)) -> OC | BE22: =IF(VLOOKUP($A22,Table1[#All],_xlfn.XMATCH(AL$12,Table1[#Headers],0,1),0)=0,"",VLOOKUP($A22,Table1[#All],_xlfn.XMATCH(AL$12,Table1[#Headers],0,1),0)) -> 3.5294118 | BF22: =IF(BB22<$BB$4,"NC",IF(BB22>$BB$7,"OC sterk",IF(BB22>$BB$6,"OC matig","NC/OC"))) -> OC matig | BG22: =IF(VLOOKUP($A22,Table1[#All],_xlfn.XMATCH(BG$12,Table1[#Headers],0,1),0)=0,"",VLOOKUP($A22,Table1[#All],_xlfn.XMATCH(BG$12,Table1[#Headers],0,1),0)) -> 3.3 | BH22: =AH22/X22 -> 0.83333333 | BK22: =IF(BC22>$BK$4,"oplopend",IF(BC22<$BK$7,"sterk aflopend",IF(BC22<$BK$6,"aflopend","constant"))) -> constant | BT22: =IF(VLOOKUP($A22,Table1[#All],_xlfn.XMATCH(BT$12,Table1[#Headers],0,1),0)=0,"",VLOOKUP($A22,Table1[#All],_xlfn.XMATCH(BT$12,Table1[#Headers],0,1),0)) | BU22: =HYPERLINK(Hulp!$C$3&Beoordeling!BT22,BT22)
A23: 27_B07-AL01_5-22549 | B23: =IF(VLOOKUP($A23,Table1[#All],_xlfn.XMATCH(B$12,Table1[#Headers],0,1),0)=0,"",VLOOKUP($A23,Table1[#All],_xlfn.XMATCH(B$12,Table1[#Headers],0,1),0)) -> TXT_voorbeeld | C23: =IF(VLOOKUP($A23,Table1[#All],_xlfn.XMATCH(C$12,Table1[#Headers],0,1),0)=0,"",VLOOKUP($A23,Table1[#All],_xlfn.XMATCH(C$12,Table1[#Headers],0,1),0)) | E23: =IF(VLOOKUP($A23,Table1[#All],_xlfn.XMATCH(E$12,Table1[#Headers],0,1),0)=0,"",VLOOKUP($A23,Table1[#All],_xlfn.XMATCH(E$12,Table1[#Headers],0,1),0)) -> Polderdijk | F23: =IF(VLOOKUP($A23,Table1[#All],_xlfn.XMATCH(F$12,Table1[#Headers],0,1),0)=0,"",VLOOKUP($A23,Table1[#All],_xlfn.XMATCH(F$12,Table1[#Headers],0,1),0)) -> Regionaal | G23: =IF(VLOOKUP($A23,Table1[#All],_xlfn.XMATCH(G$12,Table1[#Headers],0,1),0)=0,"",VLOOKUP($A23,Table1[#All],_xlfn.XMATCH(G$12,Table1[#Headers],0,1),0)) -> B07-AL01 | H23: =IF(VLOOKUP($A23,Table1[#All],_xlfn.XMATCH(H$12,Table1[#Headers],0,1),0)=0,"",VLOOKUP($A23,Table1[#All],_xlfn.XMATCH(H$12,Table1[#Headers],0,1),0)) -> AL | I23: =IF(VLOOKUP($A23,Table1[#All],_xlfn.XMATCH(I$12,Table1[#Headers],0,1),0)=0,"",VLOOKUP($A23,Table1[#All],_xlfn.XMATCH(I$12,Table1[#Headers],0,1),0)) -> -4.581 | J23: =IF(VLOOKUP($A23,Table1[#All],_xlfn.XMATCH(J$12,Table1[#Headers],0,1),0)=0,"",VLOOKUP($A23,Table1[#All],_xlfn.XMATCH(J$12,Table1[#Headers],0,1),0)) -> 2.4 | L23: =IF(VLOOKUP($A23,Table1[#All],_xlfn.XMATCH(L$12,Table1[#Headers],0,1),0)=0,"",VLOOKUP($A23,Table1[#All],_xlfn.XMATCH(L$12,Table1[#Headers],0,1),0)) -> Klei, zandig, zwak, organisch, zwak, plantenresten, weinig, grijs, neutraal, Pulsinstallatie machinaal | M23: =IF(VLOOKUP($A23,Table1[#All],_xlfn.XMATCH(M$12,Table1[#Headers],0,1),0)=0,"",VLOOKUP($A23,Table1[#All],_xlfn.XMATCH(M$12,Table1[#Headers],0,1),0)) -> 14 | N23: =IF(VLOOKUP($A23,Table1[#All],_xlfn.XMATCH(N$12,Table1[#Headers],0,1),0)=0,"",VLOOKUP($A23,Table1[#All],_xlfn.XMATCH(N$12,Table1[#Headers],0,1),0)) -> 7 | O23: =IF(VLOOKUP($A23,Table1[#All],_xlfn.XMATCH(O$12,Table1[#Headers],0,1),0)=0,"",VLOOKUP($A23,Table1[#All],_xlfn.XMATCH(O$12,Table1[#Headers],0,1),0)) -> 99.1 | P23: =IF(VLOOKUP($A23,Table1[#All],_xlfn.XMATCH(P$12,Table1[#Headers],0,1),0)=0,"",VLOOKUP($A23,Table1[#All],_xlfn.XMATCH(P$12,Table1[#Headers],0,1),0)) | Q23: =IF(VLOOKUP($A23,Table1[#All],_xlfn.XMATCH(Q$12,Table1[#Headers],0,1),0)=0,"",VLOOKUP($A23,Table1[#All],_xlfn.XMATCH(Q$12,Table1[#Headers],0,1),0)) | R23: =IF(VLOOKUP($A23,Table1[#All],_xlfn.XMATCH(R$12,Table1[#Headers],0,1),0)=0,"",VLOOKUP($A23,Table1[#All],_xlfn.XMATCH(R$12,Table1[#Headers],0,1),0)) | S23: =IF(VLOOKUP($A23,Table1[#All],_xlfn.XMATCH(S$12,Table1[#Headers],0,1),0)=0,"",VLOOKUP($A23,Table1[#All],_xlfn.XMATCH(S$12,Table1[#Headers],0,1),0)) -> 14 | ... U23: =IF(VLOOKUP($A23,Table1[#All],_xlfn.XMATCH(U$12,Table1[#Headers],0,1),0)=0,"",VLOOKUP($A23,Table1[#All],_xlfn.XMATCH(U$12,Table1[#Headers],0,1),0)) -> 92.4 | W23: =IF(VLOOKUP($A23,Table1[#All],_xlfn.XMATCH(W$12,Table1[#Headers],0,1),0)=0,"",VLOOKUP($A23,Table1[#All],_xlfn.XMATCH(W$12,Table1[#Headers],0,1),0)) -> 29.2 | X23: =IF(VLOOKUP($A23,Table1[#All],_xlfn.XMATCH(X$12,Table1[#Headers],0,1),0)=0,"",VLOOKUP($A23,Table1[#All],_xlfn.XMATCH(X$12,Table1[#Headers],0,1),0)) -> 29 | Y23: =IF(VLOOKUP($A23,Table1[#All],_xlfn.XMATCH(Y$12,Table1[#Headers],0,1),0)=0,"",VLOOKUP($A23,Table1[#All],_xlfn.XMATCH(Y$12,Table1[#Headers],0,1),0)) -> OC | Z23: =IF(VLOOKUP($A23,Table1[#All],_xlfn.XMATCH(Z$12,Table1[#Headers],0,1),0)=0,"",VLOOKUP($A23,Table1[#All],_xlfn.XMATCH(Z$12,Table1[#Headers],0,1),0)) -> 22.8 | AA23: =IF(VLOOKUP($A23,Table1[#All],_xlfn.XMATCH(AA$12,Table1[#Headers],0,1),0)=0,"",VLOOKUP($A23,Table1[#All],_xlfn.XMATCH(AA$12,Table1[#Headers],0,1),0)) -> 6.2 | AB23: =IF(VLOOKUP($A23,Table1[#All],_xlfn.XMATCH(AB$12,Table1[#Headers],0,1),0)=0,"",VLOOKUP($A23,Table1[#All],_xlfn.XMATCH(AB$12,Table1[#Headers],0,1),0)) -> 0.57 | AC23: =IF(VLOOKUP($A23,Table1[#All],_xlfn.XMATCH(AC$12,Table1[#Headers],0,1),0)=0,"",VLOOKUP($A23,Table1[#All],_xlfn.XMATCH(AC$12,Table1[#Headers],0,1),0)) -> 3.4 | AE23: =IF(VLOOKUP($A23,Table1[#All],_xlfn.XMATCH(AE$12,Table1[#Headers],0,1),0)=0,"",VLOOKUP($A23,Table1[#All],_xlfn.XMATCH(AE$12,Table1[#Headers],0,1),0)) -> 17.4 | AF23: =IF(VLOOKUP($A23,Table1[#All],_xlfn.XMATCH(AF$12,Table1[#Headers],0,1),0)=0,"",VLOOKUP($A23,Table1[#All],_xlfn.XMATCH(AF$12,Table1[#Headers],0,1),0)) -> 14.7 | AG23: =IF(VLOOKUP($A23,Table1[#All],_xlfn.XMATCH(AG$12,Table1[#Headers],0,1),0)=0,"",VLOOKUP($A23,Table1[#All],_xlfn.XMATCH(AG$12,Table1[#Headers],0,1),0)) -> 14.8 | AH23: =IF(VLOOKUP($A23,Table1[#All],_xlfn.XMATCH(AH$12,Table1[#Headers],0,1),0)=0,"",VLOOKUP($A23,Table1[#All],_xlfn.XMATCH(AH$12,Table1[#Headers],0,1),0)) -> 10.5 | AJ23: =IF(VLOOKUP($A23,Table1[#All],_xlfn.XMATCH(AJ$12,Table1[#Headers],0,1),0)=0,"",VLOOKUP($A23,Table1[#All],_xlfn.XMATCH(AJ$12,Table1[#Headers],0,1),0)) -> 44.9 | AK23: =IFERROR(AJ23-W23,"") -> 15.7 | AL23: =IF(VLOOKUP($A23,Table1[#All],_xlfn.XMATCH(AL$12,Table1[#Headers],0,1),0)=0,"",VLOOKUP($A23,Table1[#All],_xlfn.XMATCH(AL$12,Table1[#Headers],0,1),0)) -> 1.5376712 | AN23: =IF(VLOOKUP($A23,Table1[#All],_xlfn.XMATCH(AN$12,Table1[#Headers],0,1),0)=0,"",VLOOKUP($A23,Table1[#All],_xlfn.XMATCH(AN$12,Table1[#Headers],0,1),0)) -> OED_CRS79)GA250495_B07-AL01_5-22549.pdf | AO23: =HYPERLINK(Hulp!$C$5&Beoordeling!AN23,MID(AN23,1,30)) -> OED_CRS79)GA250495_B07-AL01_5- | AP23: =IF(VLOOKUP($A23,Table1[#All],_xlfn.XMATCH(AP$12,Table1[#Headers],0,1),0)=0,"",VLOOKUP($A23,Table1[#All],_xlfn.XMATCH(AP$12,Table1[#Headers],0,1),0)) -> 44.9 | AU23: =IF(VLOOKUP($A23,Table1[#All],_xlfn.XMATCH(AU$12,Table1[#Headers],0,1),0)=0,"",VLOOKUP($A23,Table1[#All],_xlfn.XMATCH(AU$12,Table1[#Headers],0,1),0)) -> TX109)GA250495_B07-AL01-5-22549_Greeuw_V01.pdf | AV23: =HYPERLINK(Hulp!$C$4&Beoordeling!AU23,MID(AU23,1,20)) -> TX109)GA250495_B07-A | AX23: =IF(AC23<$AX$5,"laag",IF(AC23>$AX$7,"hoog","middel")) -> laag | BB23: =IFERROR(AE23/Z23,"") -> 0.76315789 | BC23: =IFERROR(AH23/AF23,"") -> 0.71428571 | BD23: =IF(VLOOKUP($A23,Table1[#All],_xlfn.XMATCH(BD$12,Table1[#Headers],0,1),0)=0,"",VLOOKUP($A23,Table1[#All],_xlfn.XMATCH(BD$12,Table1[#Headers],0,1),0)) -> OC | BE23: =IF(VLOOKUP($A23,Table1[#All],_xlfn.XMATCH(AL$12,Table1[#Headers],0,1),0)=0,"",VLOOKUP($A23,Table1[#All],_xlfn.XMATCH(AL$12,Table1[#Headers],0,1),0)) -> 1.5376712 | BF23: =IF(BB23<$BB$4,"NC",IF(BB23>$BB$7,"OC sterk",IF(BB23>$BB$6,"OC matig","NC/OC"))) -> NC | BG23: =IF(VLOOKUP($A23,Table1[#All],_xlfn.XMATCH(BG$12,Table1[#Headers],0,1),0)=0,"",VLOOKUP($A23,Table1[#All],_xlfn.XMATCH(BG$12,Table1[#Headers],0,1),0)) -> 6.2 | BH23: =AH23/X23 -> 0.36206897 | BK23: =IF(BC23>$BK$4,"oplopend",IF(BC23<$BK$7,"sterk aflopend",IF(BC23<$BK$6,"aflopend","constant"))) -> sterk aflopend | BT23: =IF(VLOOKUP($A23,Table1[#All],_xlfn.XMATCH(BT$12,Table1[#Headers],0,1),0)=0,"",VLOOKUP($A23,Table1[#All],_xlfn.XMATCH(BT$12,Table1[#Headers],0,1),0)) | BU23: =HYPERLINK(Hulp!$C$3&Beoordeling!BT23,BT23)
A24: 28_B08-K01_18-23040 | B24: =IF(VLOOKUP($A24,Table1[#All],_xlfn.XMATCH(B$12,Table1[#Headers],0,1),0)=0,"",VLOOKUP($A24,Table1[#All],_xlfn.XMATCH(B$12,Table1[#Headers],0,1),0)) -> TXT_voorbeeld | C24: =IF(VLOOKUP($A24,Table1[#All],_xlfn.XMATCH(C$12,Table1[#Headers],0,1),0)=0,"",VLOOKUP($A24,Table1[#All],_xlfn.XMATCH(C$12,Table1[#Headers],0,1),0)) | E24: =IF(VLOOKUP($A24,Table1[#All],_xlfn.XMATCH(E$12,Table1[#Headers],0,1),0)=0,"",VLOOKUP($A24,Table1[#All],_xlfn.XMATCH(E$12,Table1[#Headers],0,1),0)) -> Polderdijk | F24: =IF(VLOOKUP($A24,Table1[#All],_xlfn.XMATCH(F$12,Table1[#Headers],0,1),0)=0,"",VLOOKUP($A24,Table1[#All],_xlfn.XMATCH(F$12,Table1[#Headers],0,1),0)) -> Regionaal | G24: =IF(VLOOKUP($A24,Table1[#All],_xlfn.XMATCH(G$12,Table1[#Headers],0,1),0)=0,"",VLOOKUP($A24,Table1[#All],_xlfn.XMATCH(G$12,Table1[#Headers],0,1),0)) -> B08-K01 | H24: =IF(VLOOKUP($A24,Table1[#All],_xlfn.XMATCH(H$12,Table1[#Headers],0,1),0)=0,"",VLOOKUP($A24,Table1[#All],_xlfn.XMATCH(H$12,Table1[#Headers],0,1),0)) -> KR | I24: =IF(VLOOKUP($A24,Table1[#All],_xlfn.XMATCH(I$12,Table1[#Headers],0,1),0)=0,"",VLOOKUP($A24,Table1[#All],_xlfn.XMATCH(I$12,Table1[#Headers],0,1),0)) -> -7.601 | J24: =IF(VLOOKUP($A24,Table1[#All],_xlfn.XMATCH(J$12,Table1[#Headers],0,1),0)=0,"",VLOOKUP($A24,Table1[#All],_xlfn.XMATCH(J$12,Table1[#Headers],0,1),0)) -> 7.6 | L24: =IF(VLOOKUP($A24,Table1[#All],_xlfn.XMATCH(L$12,Table1[#Headers],0,1),0)=0,"",VLOOKUP($A24,Table1[#All],_xlfn.XMATCH(L$12,Table1[#Headers],0,1),0)) -> Silt, organisch, zwak, plantenresten, weinig, grijs, neutraal, Pulsinstallatie machinaal | M24: =IF(VLOOKUP($A24,Table1[#All],_xlfn.XMATCH(M$12,Table1[#Headers],0,1),0)=0,"",VLOOKUP($A24,Table1[#All],_xlfn.XMATCH(M$12,Table1[#Headers],0,1),0)) -> 16 | N24: =IF(VLOOKUP($A24,Table1[#All],_xlfn.XMATCH(N$12,Table1[#Headers],0,1),0)=0,"",VLOOKUP($A24,Table1[#All],_xlfn.XMATCH(N$12,Table1[#Headers],0,1),0)) -> 9.6 | O24: =IF(VLOOKUP($A24,Table1[#All],_xlfn.XMATCH(O$12,Table1[#Headers],0,1),0)=0,"",VLOOKUP($A24,Table1[#All],_xlfn.XMATCH(O$12,Table1[#Headers],0,1),0)) -> 66.5 | P24: =IF(VLOOKUP($A24,Table1[#All],_xlfn.XMATCH(P$12,Table1[#Headers],0,1),0)=0,"",VLOOKUP($A24,Table1[#All],_xlfn.XMATCH(P$12,Table1[#Headers],0,1),0)) | Q24: =IF(VLOOKUP($A24,Table1[#All],_xlfn.XMATCH(Q$12,Table1[#Headers],0,1),0)=0,"",VLOOKUP($A24,Table1[#All],_xlfn.XMATCH(Q$12,Table1[#Headers],0,1),0)) | R24: =IF(VLOOKUP($A24,Table1[#All],_xlfn.XMATCH(R$12,Table1[#Headers],0,1),0)=0,"",VLOOKUP($A24,Table1[#All],_xlfn.XMATCH(R$12,Table1[#Headers],0,1),0)) | S24: =IF(VLOOKUP($A24,Table1[#All],_xlfn.XMATCH(S$12,Table1[#Headers],0,1),0)=0,"",VLOOKUP($A24,Table1[#All],_xlfn.XMATCH(S$12,Table1[#Headers],0,1),0)) -> 16.2 | ... U24: =IF(VLOOKUP($A24,Table1[#All],_xlfn.XMATCH(U$12,Table1[#Headers],0,1),0)=0,"",VLOOKUP($A24,Table1[#All],_xlfn.XMATCH(U$12,Table1[#Headers],0,1),0)) -> 56.1 | W24: =IF(VLOOKUP($A24,Table1[#All],_xlfn.XMATCH(W$12,Table1[#Headers],0,1),0)=0,"",VLOOKUP($A24,Table1[#All],_xlfn.XMATCH(W$12,Table1[#Headers],0,1),0)) -> 47.8 | X24: =IF(VLOOKUP($A24,Table1[#All],_xlfn.XMATCH(X$12,Table1[#Headers],0,1),0)=0,"",VLOOKUP($A24,Table1[#All],_xlfn.XMATCH(X$12,Table1[#Headers],0,1),0)) -> 48 | Y24: =IF(VLOOKUP($A24,Table1[#All],_xlfn.XMATCH(Y$12,Table1[#Headers],0,1),0)=0,"",VLOOKUP($A24,Table1[#All],_xlfn.XMATCH(Y$12,Table1[#Headers],0,1),0)) -> OC | Z24: =IF(VLOOKUP($A24,Table1[#All],_xlfn.XMATCH(Z$12,Table1[#Headers],0,1),0)=0,"",VLOOKUP($A24,Table1[#All],_xlfn.XMATCH(Z$12,Table1[#Headers],0,1),0)) -> 38.6 | AA24: =IF(VLOOKUP($A24,Table1[#All],_xlfn.XMATCH(AA$12,Table1[#Headers],0,1),0)=0,"",VLOOKUP($A24,Table1[#All],_xlfn.XMATCH(AA$12,Table1[#Headers],0,1),0)) -> 9.4 | AB24: =IF(VLOOKUP($A24,Table1[#All],_xlfn.XMATCH(AB$12,Table1[#Headers],0,1),0)=0,"",VLOOKUP($A24,Table1[#All],_xlfn.XMATCH(AB$12,Table1[#Headers],0,1),0)) -> 0.61 | AC24: =IF(VLOOKUP($A24,Table1[#All],_xlfn.XMATCH(AC$12,Table1[#Headers],0,1),0)=0,"",VLOOKUP($A24,Table1[#All],_xlfn.XMATCH(AC$12,Table1[#Headers],0,1),0)) -> 2.1 | AE24: =IF(VLOOKUP($A24,Table1[#All],_xlfn.XMATCH(AE$12,Table1[#Headers],0,1),0)=0,"",VLOOKUP($A24,Table1[#All],_xlfn.XMATCH(AE$12,Table1[#Headers],0,1),0)) -> 29.9 | AF24: =IF(VLOOKUP($A24,Table1[#All],_xlfn.XMATCH(AF$12,Table1[#Headers],0,1),0)=0,"",VLOOKUP($A24,Table1[#All],_xlfn.XMATCH(AF$12,Table1[#Headers],0,1),0)) -> 26 | AG24: =IF(VLOOKUP($A24,Table1[#All],_xlfn.XMATCH(AG$12,Table1[#Headers],0,1),0)=0,"",VLOOKUP($A24,Table1[#All],_xlfn.XMATCH(AG$12,Table1[#Headers],0,1),0)) -> 26.1 | AH24: =IF(VLOOKUP($A24,Table1[#All],_xlfn.XMATCH(AH$12,Table1[#Headers],0,1),0)=0,"",VLOOKUP($A24,Table1[#All],_xlfn.XMATCH(AH$12,Table1[#Headers],0,1),0)) -> 17.2 | AJ24: =IF(VLOOKUP($A24,Table1[#All],_xlfn.XMATCH(AJ$12,Table1[#Headers],0,1),0)=0,"",VLOOKUP($A24,Table1[#All],_xlfn.XMATCH(AJ$12,Table1[#Headers],0,1),0)) -> 85.6 | AK24: =IFERROR(AJ24-W24,"") -> 37.8 | AL24: =IF(VLOOKUP($A24,Table1[#All],_xlfn.XMATCH(AL$12,Table1[#Headers],0,1),0)=0,"",VLOOKUP($A24,Table1[#All],_xlfn.XMATCH(AL$12,Table1[#Headers],0,1),0)) -> 1.790795 | AN24: =IF(VLOOKUP($A24,Table1[#All],_xlfn.XMATCH(AN$12,Table1[#Headers],0,1),0)=0,"",VLOOKUP($A24,Table1[#All],_xlfn.XMATCH(AN$12,Table1[#Headers],0,1),0)) -> OED_CRS68)GA250495_B08-K01_18-23040.pdf | AO24: =HYPERLINK(Hulp!$C$5&Beoordeling!AN24,MID(AN24,1,30)) -> OED_CRS68)GA250495_B08-K01_18- | AP24: =IF(VLOOKUP($A24,Table1[#All],_xlfn.XMATCH(AP$12,Table1[#Headers],0,1),0)=0,"",VLOOKUP($A24,Table1[#All],_xlfn.XMATCH(AP$12,Table1[#Headers],0,1),0)) -> 85.6 | AU24: =IF(VLOOKUP($A24,Table1[#All],_xlfn.XMATCH(AU$12,Table1[#Headers],0,1),0)=0,"",VLOOKUP($A24,Table1[#All],_xlfn.XMATCH(AU$12,Table1[#Headers],0,1),0)) -> TX85)GA250495_B08-K01-18-23040_Greeuw_V01.pdf | AV24: =HYPERLINK(Hulp!$C$4&Beoordeling!AU24,MID(AU24,1,20)) -> TX85)GA250495_B08-K0 | AX24: =IF(AC24<$AX$5,"laag",IF(AC24>$AX$7,"hoog","middel")) -> laag | BB24: =IFERROR(AE24/Z24,"") -> 0.7746114 | BC24: =IFERROR(AH24/AF24,"") -> 0.66153846 | BD24: =IF(VLOOKUP($A24,Table1[#All],_xlfn.XMATCH(BD$12,Table1[#Headers],0,1),0)=0,"",VLOOKUP($A24,Table1[#All],_xlfn.XMATCH(BD$12,Table1[#Headers],0,1),0)) -> OC | BE24: =IF(VLOOKUP($A24,Table1[#All],_xlfn.XMATCH(AL$12,Table1[#Headers],0,1),0)=0,"",VLOOKUP($A24,Table1[#All],_xlfn.XMATCH(AL$12,Table1[#Headers],0,1),0)) -> 1.790795 | BF24: =IF(BB24<$BB$4,"NC",IF(BB24>$BB$7,"OC sterk",IF(BB24>$BB$6,"OC matig","NC/OC"))) -> NC | BG24: =IF(VLOOKUP($A24,Table1[#All],_xlfn.XMATCH(BG$12,Table1[#Headers],0,1),0)=0,"",VLOOKUP($A24,Table1[#All],_xlfn.XMATCH(BG$12,Table1[#Headers],0,1),0)) -> 5.6 | BH24: =AH24/X24 -> 0.35833333 | BK24: =IF(BC24>$BK$4,"oplopend",IF(BC24<$BK$7,"sterk aflopend",IF(BC24<$BK$6,"aflopend","constant"))) -> sterk aflopend | BT24: =IF(VLOOKUP($A24,Table1[#All],_xlfn.XMATCH(BT$12,Table1[#Headers],0,1),0)=0,"",VLOOKUP($A24,Table1[#All],_xlfn.XMATCH(BT$12,Table1[#Headers],0,1),0)) | BU24: =HYPERLINK(Hulp!$C$3&Beoordeling!BT24,BT24)
A25: 29_B08-K02_7-K624 | B25: =IF(VLOOKUP($A25,Table1[#All],_xlfn.XMATCH(B$12,Table1[#Headers],0,1),0)=0,"",VLOOKUP($A25,Table1[#All],_xlfn.XMATCH(B$12,Table1[#Headers],0,1),0)) -> TXT_voorbeeld | C25: =IF(VLOOKUP($A25,Table1[#All],_xlfn.XMATCH(C$12,Table1[#Headers],0,1),0)=0,"",VLOOKUP($A25,Table1[#All],_xlfn.XMATCH(C$12,Table1[#Headers],0,1),0)) | E25: =IF(VLOOKUP($A25,Table1[#All],_xlfn.XMATCH(E$12,Table1[#Headers],0,1),0)=0,"",VLOOKUP($A25,Table1[#All],_xlfn.XMATCH(E$12,Table1[#Headers],0,1),0)) -> Polderdijk | F25: =IF(VLOOKUP($A25,Table1[#All],_xlfn.XMATCH(F$12,Table1[#Headers],0,1),0)=0,"",VLOOKUP($A25,Table1[#All],_xlfn.XMATCH(F$12,Table1[#Headers],0,1),0)) -> Regionaal | G25: =IF(VLOOKUP($A25,Table1[#All],_xlfn.XMATCH(G$12,Table1[#Headers],0,1),0)=0,"",VLOOKUP($A25,Table1[#All],_xlfn.XMATCH(G$12,Table1[#Headers],0,1),0)) -> B08-K02 | H25: =IF(VLOOKUP($A25,Table1[#All],_xlfn.XMATCH(H$12,Table1[#Headers],0,1),0)=0,"",VLOOKUP($A25,Table1[#All],_xlfn.XMATCH(H$12,Table1[#Headers],0,1),0)) -> KR | I25: =IF(VLOOKUP($A25,Table1[#All],_xlfn.XMATCH(I$12,Table1[#Headers],0,1),0)=0,"",VLOOKUP($A25,Table1[#All],_xlfn.XMATCH(I$12,Table1[#Headers],0,1),0)) -> -3.198 | J25: =IF(VLOOKUP($A25,Table1[#All],_xlfn.XMATCH(J$12,Table1[#Headers],0,1),0)=0,"",VLOOKUP($A25,Table1[#All],_xlfn.XMATCH(J$12,Table1[#Headers],0,1),0)) -> 3.2 | L25: =IF(VLOOKUP($A25,Table1[#All],_xlfn.XMATCH(L$12,Table1[#Headers],0,1),0)=0,"",VLOOKUP($A25,Table1[#All],_xlfn.XMATCH(L$12,Table1[#Headers],0,1),0)) -> Klei, organisch, sterk, plantenresten, weinig, grijs, donker, Pulsinstallatie machinaal | M25: =IF(VLOOKUP($A25,Table1[#All],_xlfn.XMATCH(M$12,Table1[#Headers],0,1),0)=0,"",VLOOKUP($A25,Table1[#All],_xlfn.XMATCH(M$12,Table1[#Headers],0,1),0)) -> 14.1 | N25: =IF(VLOOKUP($A25,Table1[#All],_xlfn.XMATCH(N$12,Table1[#Headers],0,1),0)=0,"",VLOOKUP($A25,Table1[#All],_xlfn.XMATCH(N$12,Table1[#Headers],0,1),0)) -> 6.7 | O25: =IF(VLOOKUP($A25,Table1[#All],_xlfn.XMATCH(O$12,Table1[#Headers],0,1),0)=0,"",VLOOKUP($A25,Table1[#All],_xlfn.XMATCH(O$12,Table1[#Headers],0,1),0)) -> 109.6 | P25: =IF(VLOOKUP($A25,Table1[#All],_xlfn.XMATCH(P$12,Table1[#Headers],0,1),0)=0,"",VLOOKUP($A25,Table1[#All],_xlfn.XMATCH(P$12,Table1[#Headers],0,1),0)) | Q25: =IF(VLOOKUP($A25,Table1[#All],_xlfn.XMATCH(Q$12,Table1[#Headers],0,1),0)=0,"",VLOOKUP($A25,Table1[#All],_xlfn.XMATCH(Q$12,Table1[#Headers],0,1),0)) | R25: =IF(VLOOKUP($A25,Table1[#All],_xlfn.XMATCH(R$12,Table1[#Headers],0,1),0)=0,"",VLOOKUP($A25,Table1[#All],_xlfn.XMATCH(R$12,Table1[#Headers],0,1),0)) | S25: =IF(VLOOKUP($A25,Table1[#All],_xlfn.XMATCH(S$12,Table1[#Headers],0,1),0)=0,"",VLOOKUP($A25,Table1[#All],_xlfn.XMATCH(S$12,Table1[#Headers],0,1),0)) -> 13.4 | ... U25: =IF(VLOOKUP($A25,Table1[#All],_xlfn.XMATCH(U$12,Table1[#Headers],0,1),0)=0,"",VLOOKUP($A25,Table1[#All],_xlfn.XMATCH(U$12,Table1[#Headers],0,1),0)) -> 111.7 | W25: =IF(VLOOKUP($A25,Table1[#All],_xlfn.XMATCH(W$12,Table1[#Headers],0,1),0)=0,"",VLOOKUP($A25,Table1[#All],_xlfn.XMATCH(W$12,Table1[#Headers],0,1),0)) -> 32 | X25: =IF(VLOOKUP($A25,Table1[#All],_xlfn.XMATCH(X$12,Table1[#Headers],0,1),0)=0,"",VLOOKUP($A25,Table1[#All],_xlfn.XMATCH(X$12,Table1[#Headers],0,1),0)) -> 32 | Y25: =IF(VLOOKUP($A25,Table1[#All],_xlfn.XMATCH(Y$12,Table1[#Headers],0,1),0)=0,"",VLOOKUP($A25,Table1[#All],_xlfn.XMATCH(Y$12,Table1[#Headers],0,1),0)) -> OC | Z25: =IF(VLOOKUP($A25,Table1[#All],_xlfn.XMATCH(Z$12,Table1[#Headers],0,1),0)=0,"",VLOOKUP($A25,Table1[#All],_xlfn.XMATCH(Z$12,Table1[#Headers],0,1),0)) -> 24.3 | AA25: =IF(VLOOKUP($A25,Table1[#All],_xlfn.XMATCH(AA$12,Table1[#Headers],0,1),0)=0,"",VLOOKUP($A25,Table1[#All],_xlfn.XMATCH(AA$12,Table1[#Headers],0,1),0)) -> 7.7 | AB25: =IF(VLOOKUP($A25,Table1[#All],_xlfn.XMATCH(AB$12,Table1[#Headers],0,1),0)=0,"",VLOOKUP($A25,Table1[#All],_xlfn.XMATCH(AB$12,Table1[#Headers],0,1),0)) -> 0.52 | AC25: =IF(VLOOKUP($A25,Table1[#All],_xlfn.XMATCH(AC$12,Table1[#Headers],0,1),0)=0,"",VLOOKUP($A25,Table1[#All],_xlfn.XMATCH(AC$12,Table1[#Headers],0,1),0)) -> 2.8 | AE25: =IF(VLOOKUP($A25,Table1[#All],_xlfn.XMATCH(AE$12,Table1[#Headers],0,1),0)=0,"",VLOOKUP($A25,Table1[#All],_xlfn.XMATCH(AE$12,Table1[#Headers],0,1),0)) -> 28.1 | AF25: =IF(VLOOKUP($A25,Table1[#All],_xlfn.XMATCH(AF$12,Table1[#Headers],0,1),0)=0,"",VLOOKUP($A25,Table1[#All],_xlfn.XMATCH(AF$12,Table1[#Headers],0,1),0)) -> 22.2 | AG25: =IF(VLOOKUP($A25,Table1[#All],_xlfn.XMATCH(AG$12,Table1[#Headers],0,1),0)=0,"",VLOOKUP($A25,Table1[#All],_xlfn.XMATCH(AG$12,Table1[#Headers],0,1),0)) -> 23.8 | AH25: =IF(VLOOKUP($A25,Table1[#All],_xlfn.XMATCH(AH$12,Table1[#Headers],0,1),0)=0,"",VLOOKUP($A25,Table1[#All],_xlfn.XMATCH(AH$12,Table1[#Headers],0,1),0)) -> 18.5 | AJ25: =IF(VLOOKUP($A25,Table1[#All],_xlfn.XMATCH(AJ$12,Table1[#Headers],0,1),0)=0,"",VLOOKUP($A25,Table1[#All],_xlfn.XMATCH(AJ$12,Table1[#Headers],0,1),0)) -> 58.6 | AK25: =IFERROR(AJ25-W25,"") -> 26.6 | AL25: =IF(VLOOKUP($A25,Table1[#All],_xlfn.XMATCH(AL$12,Table1[#Headers],0,1),0)=0,"",VLOOKUP($A25,Table1[#All],_xlfn.XMATCH(AL$12,Table1[#Headers],0,1),0)) -> 1.83125 | AN25: =IF(VLOOKUP($A25,Table1[#All],_xlfn.XMATCH(AN$12,Table1[#Headers],0,1),0)=0,"",VLOOKUP($A25,Table1[#All],_xlfn.XMATCH(AN$12,Table1[#Headers],0,1),0)) -> OED_CRS69)GA250495_B08-K02_7-K624.pdf | AO25: =HYPERLINK(Hulp!$C$5&Beoordeling!AN25,MID(AN25,1,30)) -> OED_CRS69)GA250495_B08-K02_7-K | AP25: =IF(VLOOKUP($A25,Table1[#All],_xlfn.XMATCH(AP$12,Table1[#Headers],0,1),0)=0,"",VLOOKUP($A25,Table1[#All],_xlfn.XMATCH(AP$12,Table1[#Headers],0,1),0)) -> 58.6 | AU25: =IF(VLOOKUP($A25,Table1[#All],_xlfn.XMATCH(AU$12,Table1[#Headers],0,1),0)=0,"",VLOOKUP($A25,Table1[#All],_xlfn.XMATCH(AU$12,Table1[#Headers],0,1),0)) -> TX90)GA250495_B08-K02-7-K624_Greeuw_V01.pdf | AV25: =HYPERLINK(Hulp!$C$4&Beoordeling!AU25,MID(AU25,1,20)) -> TX90)GA250495_B08-K0 | AX25: =IF(AC25<$AX$5,"laag",IF(AC25>$AX$7,"hoog","middel")) -> laag | BB25: =IFERROR(AE25/Z25,"") -> 1.1563786 | BC25: =IFERROR(AH25/AF25,"") -> 0.83333333 | BD25: =IF(VLOOKUP($A25,Table1[#All],_xlfn.XMATCH(BD$12,Table1[#Headers],0,1),0)=0,"",VLOOKUP($A25,Table1[#All],_xlfn.XMATCH(BD$12,Table1[#Headers],0,1),0)) -> OC | BE25: =IF(VLOOKUP($A25,Table1[#All],_xlfn.XMATCH(AL$12,Table1[#Headers],0,1),0)=0,"",VLOOKUP($A25,Table1[#All],_xlfn.XMATCH(AL$12,Table1[#Headers],0,1),0)) -> 1.83125 | BF25: =IF(BB25<$BB$4,"NC",IF(BB25>$BB$7,"OC sterk",IF(BB25>$BB$6,"OC matig","NC/OC"))) -> NC/OC | BG25: =IF(VLOOKUP($A25,Table1[#All],_xlfn.XMATCH(BG$12,Table1[#Headers],0,1),0)=0,"",VLOOKUP($A25,Table1[#All],_xlfn.XMATCH(BG$12,Table1[#Headers],0,1),0)) -> 8.3 | BH25: =AH25/X25 -> 0.578125 | BK25: =IF(BC25>$BK$4,"oplopend",IF(BC25<$BK$7,"sterk aflopend",IF(BC25<$BK$6,"aflopend","constant"))) -> aflopend | BT25: =IF(VLOOKUP($A25,Table1[#All],_xlfn.XMATCH(BT$12,Table1[#Headers],0,1),0)=0,"",VLOOKUP($A25,Table1[#All],_xlfn.XMATCH(BT$12,Table1[#Headers],0,1),0)) | BU25: =HYPERLINK(Hulp!$C$3&Beoordeling!BT25,BT25)
A26: 30_B09-K01_6-S 323 | B26: =IF(VLOOKUP($A26,Table1[#All],_xlfn.XMATCH(B$12,Table1[#Headers],0,1),0)=0,"",VLOOKUP($A26,Table1[#All],_xlfn.XMATCH(B$12,Table1[#Headers],0,1),0)) -> TXT_voorbeeld | C26: =IF(VLOOKUP($A26,Table1[#All],_xlfn.XMATCH(C$12,Table1[#Headers],0,1),0)=0,"",VLOOKUP($A26,Table1[#All],_xlfn.XMATCH(C$12,Table1[#Headers],0,1),0)) | E26: =IF(VLOOKUP($A26,Table1[#All],_xlfn.XMATCH(E$12,Table1[#Headers],0,1),0)=0,"",VLOOKUP($A26,Table1[#All],_xlfn.XMATCH(E$12,Table1[#Headers],0,1),0)) -> Polderdijk | F26: =IF(VLOOKUP($A26,Table1[#All],_xlfn.XMATCH(F$12,Table1[#Headers],0,1),0)=0,"",VLOOKUP($A26,Table1[#All],_xlfn.XMATCH(F$12,Table1[#Headers],0,1),0)) -> Regionaal | G26: =IF(VLOOKUP($A26,Table1[#All],_xlfn.XMATCH(G$12,Table1[#Headers],0,1),0)=0,"",VLOOKUP($A26,Table1[#All],_xlfn.XMATCH(G$12,Table1[#Headers],0,1),0)) -> B09-K01 | H26: =IF(VLOOKUP($A26,Table1[#All],_xlfn.XMATCH(H$12,Table1[#Headers],0,1),0)=0,"",VLOOKUP($A26,Table1[#All],_xlfn.XMATCH(H$12,Table1[#Headers],0,1),0)) -> KR | I26: =IF(VLOOKUP($A26,Table1[#All],_xlfn.XMATCH(I$12,Table1[#Headers],0,1),0)=0,"",VLOOKUP($A26,Table1[#All],_xlfn.XMATCH(I$12,Table1[#Headers],0,1),0)) -> -2.63 | J26: =IF(VLOOKUP($A26,Table1[#All],_xlfn.XMATCH(J$12,Table1[#Headers],0,1),0)=0,"",VLOOKUP($A26,Table1[#All],_xlfn.XMATCH(J$12,Table1[#Headers],0,1),0)) -> 2.8 | L26: =IF(VLOOKUP($A26,Table1[#All],_xlfn.XMATCH(L$12,Table1[#Headers],0,1),0)=0,"",VLOOKUP($A26,Table1[#All],_xlfn.XMATCH(L$12,Table1[#Headers],0,1),0)) -> Klei, organisch, sterk, plantenresten, weinig, grijs, neutraal, Pulsinstallatie machinaal | M26: =IF(VLOOKUP($A26,Table1[#All],_xlfn.XMATCH(M$12,Table1[#Headers],0,1),0)=0,"",VLOOKUP($A26,Table1[#All],_xlfn.XMATCH(M$12,Table1[#Headers],0,1),0)) -> 14.1 | N26: =IF(VLOOKUP($A26,Table1[#All],_xlfn.XMATCH(N$12,Table1[#Headers],0,1),0)=0,"",VLOOKUP($A26,Table1[#All],_xlfn.XMATCH(N$12,Table1[#Headers],0,1),0)) -> 6.9 | O26: =IF(VLOOKUP($A26,Table1[#All],_xlfn.XMATCH(O$12,Table1[#Headers],0,1),0)=0,"",VLOOKUP($A26,Table1[#All],_xlfn.XMATCH(O$12,Table1[#Headers],0,1),0)) -> 104.1 | P26: =IF(VLOOKUP($A26,Table1[#All],_xlfn.XMATCH(P$12,Table1[#Headers],0,1),0)=0,"",VLOOKUP($A26,Table1[#All],_xlfn.XMATCH(P$12,Table1[#Headers],0,1),0)) | Q26: =IF(VLOOKUP($A26,Table1[#All],_xlfn.XMATCH(Q$12,Table1[#Headers],0,1),0)=0,"",VLOOKUP($A26,Table1[#All],_xlfn.XMATCH(Q$12,Table1[#Headers],0,1),0)) | R26: =IF(VLOOKUP($A26,Table1[#All],_xlfn.XMATCH(R$12,Table1[#Headers],0,1),0)=0,"",VLOOKUP($A26,Table1[#All],_xlfn.XMATCH(R$12,Table1[#Headers],0,1),0)) | S26: =IF(VLOOKUP($A26,Table1[#All],_xlfn.XMATCH(S$12,Table1[#Headers],0,1),0)=0,"",VLOOKUP($A26,Table1[#All],_xlfn.XMATCH(S$12,Table1[#Headers],0,1),0)) -> 12.5 | ... U26: =IF(VLOOKUP($A26,Table1[#All],_xlfn.XMATCH(U$12,Table1[#Headers],0,1),0)=0,"",VLOOKUP($A26,Table1[#All],_xlfn.XMATCH(U$12,Table1[#Headers],0,1),0)) -> 140.4 | W26: =IF(VLOOKUP($A26,Table1[#All],_xlfn.XMATCH(W$12,Table1[#Headers],0,1),0)=0,"",VLOOKUP($A26,Table1[#All],_xlfn.XMATCH(W$12,Table1[#Headers],0,1),0)) -> 41.8 | X26: =IF(VLOOKUP($A26,Table1[#All],_xlfn.XMATCH(X$12,Table1[#Headers],0,1),0)=0,"",VLOOKUP($A26,Table1[#All],_xlfn.XMATCH(X$12,Table1[#Headers],0,1),0)) -> 42 | Y26: =IF(VLOOKUP($A26,Table1[#All],_xlfn.XMATCH(Y$12,Table1[#Headers],0,1),0)=0,"",VLOOKUP($A26,Table1[#All],_xlfn.XMATCH(Y$12,Table1[#Headers],0,1),0)) -> OC | Z26: =IF(VLOOKUP($A26,Table1[#All],_xlfn.XMATCH(Z$12,Table1[#Headers],0,1),0)=0,"",VLOOKUP($A26,Table1[#All],_xlfn.XMATCH(Z$12,Table1[#Headers],0,1),0)) -> 31.5 | AA26: =IF(VLOOKUP($A26,Table1[#All],_xlfn.XMATCH(AA$12,Table1[#Headers],0,1),0)=0,"",VLOOKUP($A26,Table1[#All],_xlfn.XMATCH(AA$12,Table1[#Headers],0,1),0)) -> 10.5 | AB26: =IF(VLOOKUP($A26,Table1[#All],_xlfn.XMATCH(AB$12,Table1[#Headers],0,1),0)=0,"",VLOOKUP($A26,Table1[#All],_xlfn.XMATCH(AB$12,Table1[#Headers],0,1),0)) -> 0.5 | AC26: =IF(VLOOKUP($A26,Table1[#All],_xlfn.XMATCH(AC$12,Table1[#Headers],0,1),0)=0,"",VLOOKUP($A26,Table1[#All],_xlfn.XMATCH(AC$12,Table1[#Headers],0,1),0)) -> 4 | AE26: =IF(VLOOKUP($A26,Table1[#All],_xlfn.XMATCH(AE$12,Table1[#Headers],0,1),0)=0,"",VLOOKUP($A26,Table1[#All],_xlfn.XMATCH(AE$12,Table1[#Headers],0,1),0)) -> 24.9 | AF26: =IF(VLOOKUP($A26,Table1[#All],_xlfn.XMATCH(AF$12,Table1[#Headers],0,1),0)=0,"",VLOOKUP($A26,Table1[#All],_xlfn.XMATCH(AF$12,Table1[#Headers],0,1),0)) -> 20.3 | AG26: =IF(VLOOKUP($A26,Table1[#All],_xlfn.XMATCH(AG$12,Table1[#Headers],0,1),0)=0,"",VLOOKUP($A26,Table1[#All],_xlfn.XMATCH(AG$12,Table1[#Headers],0,1),0)) -> 20.3 | AH26: =IF(VLOOKUP($A26,Table1[#All],_xlfn.XMATCH(AH$12,Table1[#Headers],0,1),0)=0,"",VLOOKUP($A26,Table1[#All],_xlfn.XMATCH(AH$12,Table1[#Headers],0,1),0)) -> 16.6 | AJ26: =IF(VLOOKUP($A26,Table1[#All],_xlfn.XMATCH(AJ$12,Table1[#Headers],0,1),0)=0,"",VLOOKUP($A26,Table1[#All],_xlfn.XMATCH(AJ$12,Table1[#Headers],0,1),0)) -> 72.1 | AK26: =IFERROR(AJ26-W26,"") -> 30.3 | AL26: =IF(VLOOKUP($A26,Table1[#All],_xlfn.XMATCH(AL$12,Table1[#Headers],0,1),0)=0,"",VLOOKUP($A26,Table1[#All],_xlfn.XMATCH(AL$12,Table1[#Headers],0,1),0)) -> 1.7248804 | AN26: =IF(VLOOKUP($A26,Table1[#All],_xlfn.XMATCH(AN$12,Table1[#Headers],0,1),0)=0,"",VLOOKUP($A26,Table1[#All],_xlfn.XMATCH(AN$12,Table1[#Headers],0,1),0)) -> OED_CRS67)GA250495_B09-K01_6-S 323 | AO26: =HYPERLINK(Hulp!$C$5&Beoordeling!AN26,MID(AN26,1,30)) -> OED_CRS67)GA250495_B09-K01_6-S | AP26: =IF(VLOOKUP($A26,Table1[#All],_xlfn.XMATCH(AP$12,Table1[#Headers],0,1),0)=0,"",VLOOKUP($A26,Table1[#All],_xlfn.XMATCH(AP$12,Table1[#Headers],0,1),0)) -> 72.1 | AU26: =IF(VLOOKUP($A26,Table1[#All],_xlfn.XMATCH(AU$12,Table1[#Headers],0,1),0)=0,"",VLOOKUP($A26,Table1[#All],_xlfn.XMATCH(AU$12,Table1[#Headers],0,1),0)) -> TX86)GA250495_B09-K01-6- S 323_Greeuw_V01.pdf | AV26: =HYPERLINK(Hulp!$C$4&Beoordeling!AU26,MID(AU26,1,20)) -> TX86)GA250495_B09-K0 | AX26: =IF(AC26<$AX$5,"laag",IF(AC26>$AX$7,"hoog","middel")) -> laag | BB26: =IFERROR(AE26/Z26,"") -> 0.79047619 | BC26: =IFERROR(AH26/AF26,"") -> 0.81773399 | BD26: =IF(VLOOKUP($A26,Table1[#All],_xlfn.XMATCH(BD$12,Table1[#Headers],0,1),0)=0,"",VLOOKUP($A26,Table1[#All],_xlfn.XMATCH(BD$12,Table1[#Headers],0,1),0)) -> OC | BE26: =IF(VLOOKUP($A26,Table1[#All],_xlfn.XMATCH(AL$12,Table1[#Headers],0,1),0)=0,"",VLOOKUP($A26,Table1[#All],_xlfn.XMATCH(AL$12,Table1[#Headers],0,1),0)) -> 1.7248804 | BF26: =IF(BB26<$BB$4,"NC",IF(BB26>$BB$7,"OC sterk",IF(BB26>$BB$6,"OC matig","NC/OC"))) -> NC | BG26: =IF(VLOOKUP($A26,Table1[#All],_xlfn.XMATCH(BG$12,Table1[#Headers],0,1),0)=0,"",VLOOKUP($A26,Table1[#All],_xlfn.XMATCH(BG$12,Table1[#Headers],0,1),0)) -> 5 | BH26: =AH26/X26 -> 0.3952381 | BK26: =IF(BC26>$BK$4,"oplopend",IF(BC26<$BK$7,"sterk aflopend",IF(BC26<$BK$6,"aflopend","constant"))) -> aflopend | BT26: =IF(VLOOKUP($A26,Table1[#All],_xlfn.XMATCH(BT$12,Table1[#Headers],0,1),0)=0,"",VLOOKUP($A26,Table1[#All],_xlfn.XMATCH(BT$12,Table1[#Headers],0,1),0)) | BU26: =HYPERLINK(Hulp!$C$3&Beoordeling!BT26,BT26)
